Ticker,Name,Series Type,Currency,Country,Units,Scale,Flow,Adjustment,Periodicity,Metadata,Corporate_History
_DJSD,Dow Jones Spot Average,Commodity Indices,United States Dollar,United States,Index Number,Units,Stock,none,Daily From Jan 1950 To Jan 2009<BR>,"The DJ Futures Price Index was introduced on October 3, 1933 and remained the same until July 5, 1950 when the index was broadened and a spot index was introduced.  The new index consisted of wheat, corn, oats, rye, wool tops, cotton, cottonseed oil, coffee, sugar, cocoa, rubber and hides. Additional revisions came in April of 1974, 1980 and 1982. The index is computed as a equal-weighted average of relative price indexes with a base of December 31, 1974 = 100, the day gold trading resumed in the United States. Prior to 1982, the base was 1924/1926= 100. The index includes grain and oilseed (corn, soybeans, and wheat), food and fiber (coffee, cotton, #2, sugar #11 world), Metals (copper, gold, silver), livestock and meat (live cattle and hogs), and wood (lumber).   Prior to January 1982, the Dow Jones Spot Price Index was based entirely on agricultural commodities, but it was revised in 1982 to include wood, livestock and meats, and metals.  The old Spot Index data can be converted to the old base by multiplying the data by 2.867.",
Date,Ticker,Open,High,Low,Close,Volume,Openint,Period_Average
01/31/1950,_DJSD,61.7811,62.7931,61.7811,62.4626,0,,62.3803666666667
02/28/1950,_DJSD,62.381,62.4544,61.6341,62.181,0,,62.0644555555556
03/31/1950,_DJSD,62.3524,63.3073,62.1483,63.3073,0,,62.5118956521739
04/30/1950,_DJSD,63.0665,64.8091,63.0665,64.8091,0,,63.9991526315789
05/31/1950,_DJSD,65.4825,67.8943,65.0254,67.8943,0,,66.5492545454545
06/30/1950,_DJSD,68.1636,68.8002,66.3109,68.8002,0,,67.6648181818182
07/31/1950,_DJSD,69.5797,77.0192,69.5797,76.3867,0,,73.38128
08/31/1950,_DJSD,76.6193,79.0474,75.7215,78.8352,0,,77.2218434782609
09/30/1950,_DJSD,79.0148,81.4348,78.17,78.4271,0,,80.25721
10/31/1950,_DJSD,78.7332,80.8349,77.9333,80.8349,0,,79.0911523809524
11/30/1950,_DJSD,80.7002,84.7689,80.639,84.6709,0,,83.491565
12/31/1950,_DJSD,84.7648,87.9765,83.361,87.3766,0,,85.75587
01/31/1951,_DJSD,86.944,90.6658,86.944,90.0537,0,,88.9145363636364
02/28/1951,_DJSD,90.3271,91.6616,89.8864,90.1965,0,,90.5338777777778
03/31/1951,_DJSD,89.6252,90.7638,88.8743,90.4414,0,,89.8498333333333
04/30/1951,_DJSD,90.2455,90.2455,87.7847,88.5152,0,,88.5235380952381
05/31/1951,_DJSD,88.3315,88.3683,86.4339,86.4339,0,,87.6108863636364
06/30/1951,_DJSD,86.6584,86.6584,82.5978,82.5978,0,,84.9253190476191
07/31/1951,_DJSD,81.0022,81.3042,76.6723,76.758,0,,79.179780952381
08/31/1951,_DJSD,76.5866,77.0437,75.4685,75.4685,0,,76.3646782608696
09/30/1951,_DJSD,75.546,77.0151,74.5911,76.5458,0,,75.6457444444445
10/31/1951,_DJSD,76.905,77.7334,76.8478,77.2069,0,,77.2112181818182
11/30/1951,_DJSD,76.8968,80.0881,76.8968,79.4514,0,,78.8277105263158
12/31/1951,_DJSD,79.4637,80.741,79.1291,79.4678,0,,79.7643947368421
01/31/1952,_DJSD,79.1944,80.1615,78.6026,78.9781,0,,79.3768772727273
02/29/1952,_DJSD,78.774,78.774,76.101,76.7907,0,,77.2391684210526
03/31/1952,_DJSD,76.7417,78.5169,76.7417,78.219,0,,77.8915523809524
04/30/1952,_DJSD,77.7293,77.7538,75.395,75.395,0,,76.7467714285714
05/31/1952,_DJSD,75.6072,76.7499,75.6072,76.6601,0,,76.121015
06/30/1952,_DJSD,75.0563,75.6603,73.9177,73.9177,0,,75.1328666666667
07/31/1952,_DJSD,74.2115,74.3829,73.2485,74.3829,0,,73.8125318181818
08/31/1952,_DJSD,74.3136,74.6768,73.3382,73.4851,0,,73.783819047619
09/30/1952,_DJSD,73.6198,73.7749,72.7996,72.8526,0,,73.2006523809524
10/31/1952,_DJSD,72.9505,73.175,70.9468,71.2774,0,,71.9648136363636
11/30/1952,_DJSD,71.3141,71.6814,70.6775,70.6815,0,,71.1676647058823
12/31/1952,_DJSD,71.5059,71.5059,69.4736,70.1347,0,,70.3873409090909
01/31/1953,_DJSD,70.3714,70.3714,68.6084,69.041,0,,69.0462571428571
02/28/1953,_DJSD,68.8247,68.8655,67.1311,68.788,0,,68.2214166666667
03/31/1953,_DJSD,68.992,70.6652,68.6207,68.6207,0,,69.70695
04/30/1953,_DJSD,68.6044,69.5389,68.1595,69.0533,0,,68.9133476190476
05/31/1953,_DJSD,69.2002,69.7429,67.882,67.882,0,,69.0110904761905
06/30/1953,_DJSD,67.6413,68.233,66.5108,67.1026,0,,67.5169818181818
07/31/1953,_DJSD,67.172,69.041,67.172,69.041,0,,68.0333826086956
08/31/1953,_DJSD,68.8166,69.7062,68.082,69.0614,0,,69.0186761904762
09/30/1953,_DJSD,69.0778,69.8654,68.8574,69.2043,0,,69.3476857142857
10/31/1953,_DJSD,68.7717,68.8247,67.5719,68.8043,0,,68.2934238095238
11/30/1953,_DJSD,68.5187,69.6001,68.5187,69.3634,0,,68.9909055555555
12/31/1953,_DJSD,69.8042,71.5304,69.5634,71.5304,0,,70.2691954545455
01/31/1954,_DJSD,71.6814,73.3546,71.6814,71.9915,0,,72.30412
02/28/1954,_DJSD,71.7752,75.5052,71.7752,75.5052,0,,73.5186888888889
03/31/1954,_DJSD,75.3787,77.7456,74.7339,77.7456,0,,76.0804260869565
04/30/1954,_DJSD,78.0599,78.3088,76.9743,78.3088,0,,77.6881047619048
05/31/1954,_DJSD,77.8027,79.4759,76.9866,77.8925,0,,77.98374
06/30/1954,_DJSD,77.3783,78.5496,76.758,78.5496,0,,77.6026
07/31/1954,_DJSD,78.6842,79.6922,78.6842,79.529,0,,79.186180952381
08/31/1954,_DJSD,79.3698,79.7371,74.4482,74.4482,0,,78.07265
09/30/1954,_DJSD,75.191,75.3379,72.2813,72.6894,0,,74.1149666666667
10/31/1954,_DJSD,72.8281,73.4403,71.412,73.4403,0,,72.5857904761905
11/30/1954,_DJSD,73.6973,74.6604,73.1709,73.4321,0,,73.82957
12/31/1954,_DJSD,73.0036,73.3423,72.1507,73.2729,0,,72.8412478260869
01/31/1955,_DJSD,73.2729,74.5911,72.7669,74.1993,0,,73.4684285714286
02/28/1955,_DJSD,73.832,73.832,70.1225,70.1225,0,,71.9721947368421
03/31/1955,_DJSD,69.8898,69.8898,68.7309,68.8859,0,,69.2604913043478
04/30/1955,_DJSD,68.7513,69.5471,68.2616,68.5227,0,,68.83228
05/31/1955,_DJSD,68.3024,69.1757,68.3024,68.5268,0,,68.7279523809524
06/30/1955,_DJSD,68.0738,69.5266,67.5392,67.629,0,,68.3032954545455
07/31/1955,_DJSD,67.2903,67.2903,66.1558,66.3394,0,,66.67653
08/31/1955,_DJSD,66.7843,67.225,64.45,65.2213,0,,65.4657826086957
09/30/1955,_DJSD,65.6171,66.3313,65.6171,65.6498,0,,66.0040476190476
10/31/1955,_DJSD,64.8907,65.9722,64.8907,65.107,0,,65.4653619047619
11/30/1955,_DJSD,65.005,65.8946,64.5887,65.8212,0,,65.1872761904762
12/31/1955,_DJSD,66.2089,66.5027,65.9518,66.2089,0,,66.1812666666667
01/31/1956,_DJSD,65.9477,66.062,64.4663,64.7193,0,,65.0936095238095
02/29/1956,_DJSD,64.6908,65.6987,64.6908,65.5151,0,,65.35718
03/31/1956,_DJSD,65.3355,65.9722,65.2784,65.711,0,,65.6396761904762
04/30/1956,_DJSD,65.7681,67.5229,65.7518,66.8292,0,,66.7603666666667
05/31/1956,_DJSD,67.1067,67.1067,64.8662,64.9397,0,,66.3342681818182
06/30/1956,_DJSD,64.9356,66.7516,64.9356,66.3272,0,,66.0701047619048
07/31/1956,_DJSD,66.2334,67.2536,66.1966,66.7271,0,,66.704980952381
08/31/1956,_DJSD,66.7679,67.225,66.4456,67.1964,0,,66.8327130434783
09/30/1956,_DJSD,66.9434,67.425,66.9434,67.2087,0,,67.1440315789473
10/31/1956,_DJSD,66.7271,68.3677,66.1232,68.3677,0,,66.8156826086956
11/30/1956,_DJSD,68.1473,69.1879,67.5515,69.1879,0,,68.156275
12/31/1956,_DJSD,68.8819,68.8819,67.8004,67.8698,0,,68.0293842105263
01/31/1957,_DJSD,68.0249,68.1269,66.7353,66.7353,0,,67.5527909090909
02/28/1957,_DJSD,66.5231,66.5231,65.711,66.0538,0,,66.0385368421053
03/31/1957,_DJSD,66.3966,66.5272,65.813,66.3272,0,,66.1878714285714
04/30/1957,_DJSD,66.0987,66.9883,65.964,65.964,0,,66.4682904761905
05/31/1957,_DJSD,65.662,67.0046,65.662,66.9965,0,,66.4349772727273
06/30/1957,_DJSD,67.1189,68.0861,67.1189,67.6331,0,,67.44395
07/31/1957,_DJSD,67.4943,67.6617,66.1762,66.2986,0,,66.9276636363636
08/31/1957,_DJSD,66.1395,66.4211,65.4253,65.4661,0,,66.0113136363636
09/30/1957,_DJSD,65.8661,66.47,65.1029,65.1029,0,,65.876255
10/31/1957,_DJSD,65.1764,66.3394,65.1601,66.3394,0,,65.7936739130435
11/30/1957,_DJSD,66.2742,68.437,66.2742,67.7147,0,,67.42681
12/31/1957,_DJSD,67.4291,68.7186,67.1352,67.1842,0,,67.8676571428571
01/31/1958,_DJSD,67.2699,68.1187,67.2699,68.1187,0,,67.7026590909091
02/28/1958,_DJSD,67.7229,68.6003,67.4413,67.576,0,,68.01243
03/31/1958,_DJSD,67.5107,68.033,67.4903,67.9963,0,,67.7872142857143
04/30/1958,_DJSD,68.4493,68.5187,67.7106,67.829,0,,68.1415590909091
05/31/1958,_DJSD,67.8861,69.6124,67.8004,69.0941,0,,68.7821761904762
06/30/1958,_DJSD,68.3881,68.3881,65.862,65.862,0,,67.123380952381
07/31/1958,_DJSD,65.5233,67.1311,65.5233,66.1803,0,,66.2418727272727
08/31/1958,_DJSD,66.1272,66.3027,65.0662,65.5886,0,,65.6569571428571
09/30/1958,_DJSD,65.307,65.307,63.5481,63.5481,0,,64.5836809523809
10/31/1958,_DJSD,63.6909,64.348,63.6256,64.348,0,,63.8788304347826
11/30/1958,_DJSD,64.5847,66.0252,64.5847,65.1805,0,,65.4697722222222
12/31/1958,_DJSD,65.1478,65.1478,63.9399,64.197,0,,64.5786523809524
01/31/1959,_DJSD,63.9358,63.9766,62.8911,62.8911,0,,63.3477523809524
02/28/1959,_DJSD,62.7605,63.6338,62.7605,63.6338,0,,63.0837368421053
03/31/1959,_DJSD,63.393,65.0172,63.393,65.005,0,,64.0401333333333
04/30/1959,_DJSD,65.0172,66.2578,65.0172,65.8579,0,,65.6941045454545
05/31/1959,_DJSD,66.0783,66.4578,65.4212,65.4212,0,,66.0586476190476
06/30/1959,_DJSD,65.4825,66.062,64.5887,64.5887,0,,65.4448136363636
07/31/1959,_DJSD,64.7316,65.209,64.5357,65.209,0,,64.8003863636364
08/31/1959,_DJSD,65.2172,65.5029,64.7601,65.3764,0,,65.1488
09/30/1959,_DJSD,65.5273,65.9722,63.393,63.9317,0,,64.5770809523809
10/31/1959,_DJSD,63.8338,65.1478,63.6542,65.0417,0,,64.1190545454546
11/30/1959,_DJSD,65.005,65.005,62.6789,62.7523,0,,63.6578473684211
12/31/1959,_DJSD,63.0298,63.0298,61.7321,62.1157,0,,62.3277272727273
01/31/1960,_DJSD,62.1647,62.4952,61.879,61.879,0,,62.280565
02/29/1960,_DJSD,61.83,61.9892,61.4219,61.4627,0,,61.713725
03/31/1960,_DJSD,61.4832,62.7033,61.2383,62.6666,0,,61.8649782608696
04/30/1960,_DJSD,62.6829,63.1604,62.6421,63.0257,0,,62.89248
05/31/1960,_DJSD,63.0094,63.3318,62.5728,62.5728,0,,62.9388761904762
06/30/1960,_DJSD,62.5279,63.2053,61.9239,61.9688,0,,62.4705454545455
07/31/1960,_DJSD,61.9892,61.9892,60.3078,60.316,0,,61.25034
08/31/1960,_DJSD,60.3813,60.3813,59.4835,59.761,0,,59.8873391304348
09/30/1960,_DJSD,59.8753,60.1609,59.6916,59.8508,0,,59.9339523809524
10/31/1960,_DJSD,59.7732,59.7732,58.8183,58.8346,0,,59.4611571428571
11/30/1960,_DJSD,58.9611,58.9856,57.8389,58.0797,0,,58.466535
12/31/1960,_DJSD,58.1531,58.198,57.5573,57.8675,0,,57.8342333333333
01/31/1961,_DJSD,57.8471,58.349,57.8307,58.2633,0,,58.0705333333333
02/28/1961,_DJSD,58.349,58.5204,57.6757,58.4714,0,,58.1885631578947
03/31/1961,_DJSD,58.2266,58.953,58.0797,58.1858,0,,58.5686363636364
04/30/1961,_DJSD,58.3653,60.0712,58.3653,59.9528,0,,59.22416
05/31/1961,_DJSD,60.0589,60.2874,59.6957,59.7773,0,,59.9975047619048
06/30/1961,_DJSD,59.8671,59.961,59.2958,59.961,0,,59.6090863636364
07/31/1961,_DJSD,60.1324,60.5568,59.9283,59.9283,0,,60.268265
08/31/1961,_DJSD,59.7732,60.2874,59.7488,59.9651,0,,60.0736391304348
09/30/1961,_DJSD,60.0467,60.2589,59.4386,59.5121,0,,59.984235
10/31/1961,_DJSD,59.3856,60.9567,59.0877,60.4833,0,,60.0004772727273
11/30/1961,_DJSD,60.4874,61.7566,60.4384,61.7566,0,,60.96814
12/31/1961,_DJSD,61.7933,61.8586,61.0751,61.1526,0,,61.51805
01/31/1962,_DJSD,61.3526,61.3852,60.5241,60.6792,0,,60.9283272727273
02/28/1962,_DJSD,60.6262,60.6262,59.6304,60.063,0,,60.0962842105263
03/31/1962,_DJSD,60.2181,61.0016,60.2181,61.0016,0,,60.6588045454546
04/30/1962,_DJSD,60.8261,61.2056,60.4262,60.7445,0,,60.758795
05/31/1962,_DJSD,60.7527,61.4383,60.7527,60.8629,0,,61.1589136363636
06/30/1962,_DJSD,60.8914,60.8914,60.116,60.2752,0,,60.5635761904762
07/31/1962,_DJSD,60.2426,60.4507,59.4794,59.6427,0,,59.9296904761905
08/31/1962,_DJSD,59.6508,59.6671,59.2142,59.255,0,,59.3985086956522
09/30/1962,_DJSD,59.3733,59.3733,58.8714,59.0877,0,,59.1097947368421
10/31/1962,_DJSD,59.308,60.3976,59.2346,59.7651,0,,59.5729304347826
11/30/1962,_DJSD,59.7896,60.267,59.5855,60.267,0,,59.83547
12/31/1962,_DJSD,60.4425,61.0506,60.267,60.9894,0,,60.7090684210526
01/31/1963,_DJSD,60.8955,62.3401,60.7363,61.8096,0,,61.462
02/28/1963,_DJSD,61.5607,62.3769,61.5607,62.2667,0,,61.9462368421053
03/31/1963,_DJSD,62.2953,62.9033,61.9239,62.7197,0,,62.3288761904762
04/30/1963,_DJSD,62.8258,65.2458,62.8258,65.2458,0,,63.94333
05/31/1963,_DJSD,65.9314,68.8247,65.2866,65.9844,0,,66.7970772727273
06/30/1963,_DJSD,64.5194,64.5194,62.0545,62.687,0,,62.92861
07/31/1963,_DJSD,62.8503,63.1359,59.1121,59.2468,0,,61.4829681818182
08/31/1963,_DJSD,59.2835,59.6019,58.5,59.2713,0,,58.9900772727273
09/30/1963,_DJSD,59.3856,62.3116,59.3856,62.3116,0,,60.69554
10/31/1963,_DJSD,62.6829,65.6743,62.2912,65.6743,0,,64.1689260869565
11/30/1963,_DJSD,65.7804,65.7804,62.8707,63.9235,0,,64.3985166666667
12/31/1963,_DJSD,63.9439,65.2254,63.2624,65.2254,0,,63.8975047619048
01/31/1964,_DJSD,65.205,66.3394,63.4991,63.4991,0,,65.5141681818182
02/29/1964,_DJSD,63.3767,63.5807,62.989,63.2951,0,,63.3605842105263
03/31/1964,_DJSD,62.838,63.5807,62.5156,63.5807,0,,62.7874857142857
04/30/1964,_DJSD,64.148,64.148,62.9727,62.9809,0,,63.3099318181818
05/31/1964,_DJSD,63.0462,63.0462,60.1324,60.1324,0,,61.844315
06/30/1964,_DJSD,60.1936,60.6262,57.9613,57.9736,0,,58.9850727272727
07/31/1964,_DJSD,57.9287,58.1205,56.9492,56.9492,0,,57.4397
08/31/1964,_DJSD,57.039,57.1655,56.6677,57.0676,0,,56.9492571428571
09/30/1964,_DJSD,57.039,57.6961,57.039,57.6104,0,,57.3425761904762
10/31/1964,_DJSD,57.6879,57.9123,57.443,57.5614,0,,57.6556181818182
11/30/1964,_DJSD,57.5083,58.5326,57.1166,58.5,0,,57.6125052631579
12/31/1964,_DJSD,58.3653,58.4878,58.0144,58.3531,0,,58.2738818181818
01/31/1965,_DJSD,58.3,59.002,58.1694,58.8102,0,,58.515095
02/28/1965,_DJSD,58.4633,58.5816,57.0268,57.0268,0,,58.0622736842105
03/31/1965,_DJSD,57.137,57.137,56.5493,56.8023,0,,56.8250434782609
04/30/1965,_DJSD,56.7942,57.2635,56.7819,57.039,0,,56.9576
05/31/1965,_DJSD,57.0594,57.1859,56.3085,56.4473,0,,56.81948
06/30/1965,_DJSD,56.3983,56.4065,55.2393,55.6474,0,,55.8060272727273
07/31/1965,_DJSD,55.5087,55.5903,54.77,55.4597,0,,55.2000904761905
08/31/1965,_DJSD,55.7005,56.382,55.7005,56.1167,0,,56.0768636363636
09/30/1965,_DJSD,56.4269,56.5167,55.9086,55.9086,0,,56.292619047619
10/31/1965,_DJSD,55.8474,55.8719,55.4393,55.4393,0,,55.6884333333333
11/30/1965,_DJSD,55.374,56.4147,55.374,56.4147,0,,55.8959904761905
12/31/1965,_DJSD,56.5085,58.1409,56.5085,58.1409,0,,57.3927095238095
01/31/1966,_DJSD,58.3572,58.9979,58.3572,58.5041,0,,58.6764523809524
02/28/1966,_DJSD,58.6469,59.4223,58.5816,59.0591,0,,58.9755263157895
03/31/1966,_DJSD,59.0999,59.3488,58.6265,58.7653,0,,58.9302782608696
04/30/1966,_DJSD,58.8224,59.5406,58.8224,59.2468,0,,59.293735
05/31/1966,_DJSD,59.2346,60.0671,58.9611,60.0671,0,,59.6028190476191
06/30/1966,_DJSD,60.1609,61.7239,60.014,61.3526,0,,60.7222409090909
07/31/1966,_DJSD,61.1444,62.8095,61.1444,62.1892,0,,62.06673
08/31/1966,_DJSD,61.9647,61.9647,58.6102,58.6102,0,,60.8295043478261
09/30/1966,_DJSD,58.4388,58.7653,56.1861,56.6228,0,,57.5670238095238
10/31/1966,_DJSD,56.3371,56.3371,55.2312,55.3373,0,,55.8112571428571
11/30/1966,_DJSD,55.2393,56.7044,55.2393,56.7044,0,,55.917595
12/31/1966,_DJSD,57.1859,57.4349,56.8513,56.9044,0,,57.1045142857143
01/31/1967,_DJSD,56.7411,57.0105,56.1086,56.4351,0,,56.6643714285714
02/28/1967,_DJSD,56.5371,57.3288,56.4351,56.9166,0,,56.7295368421053
03/31/1967,_DJSD,56.9533,57.439,56.4228,56.4636,0,,56.8290363636364
04/30/1967,_DJSD,56.4881,56.835,55.5168,55.6678,0,,56.0037
05/31/1967,_DJSD,55.9657,56.9248,55.9086,56.9248,0,,56.2970409090909
06/30/1967,_DJSD,56.7901,57.2716,55.5985,55.5985,0,,56.2362090909091
07/31/1967,_DJSD,55.4516,55.5209,54.5048,54.5048,0,,54.96328
08/31/1967,_DJSD,54.6109,54.6109,53.5702,54.215,0,,53.9540304347826
09/30/1967,_DJSD,54.2232,55.5862,54.2232,55.5291,0,,55.09223
10/31/1967,_DJSD,55.3536,56.1576,55.3536,56.1576,0,,55.6951181818182
11/30/1967,_DJSD,56.1902,57.3859,56.1902,57.2757,0,,56.7986380952381
12/31/1967,_DJSD,57.5491,58.851,57.5491,58.3082,0,,58.32962
01/31/1968,_DJSD,58.2633,58.5571,57.9572,58.4306,0,,58.4052136363636
02/29/1968,_DJSD,58.4592,58.4592,57.3614,57.5165,0,,57.8625105263158
03/31/1968,_DJSD,57.643,58.149,57.59,57.9328,0,,57.8010095238095
04/30/1968,_DJSD,57.7042,57.7042,56.7697,56.986,0,,57.18799
05/31/1968,_DJSD,56.8921,57.4186,56.8921,57.1492,0,,57.1842727272727
06/30/1968,_DJSD,56.9452,56.9452,55.6801,55.7209,0,,56.185505
07/31/1968,_DJSD,55.4638,56.0923,55.0027,55.9862,0,,55.5943909090909
08/31/1968,_DJSD,55.9821,56.2392,55.6597,56.1453,0,,55.9130772727273
09/30/1968,_DJSD,56.0433,57.4308,56.0433,56.3942,0,,56.7048
10/31/1968,_DJSD,56.3534,58.145,56.3045,57.9042,0,,57.0129391304348
11/30/1968,_DJSD,57.9246,58.9652,57.9246,58.4592,0,,58.4579105263158
12/31/1968,_DJSD,58.3041,59.3733,58.0429,58.9489,0,,58.9049761904762
01/31/1969,_DJSD,58.9489,59.2509,57.8919,58.7775,0,,58.6956954545454
02/28/1969,_DJSD,58.7816,58.7938,58.1613,58.5286,0,,58.5251368421053
03/31/1969,_DJSD,58.3735,58.8387,58.0919,58.2715,0,,58.41716
04/30/1969,_DJSD,58.5816,59.3978,58.4633,59.206,0,,59.0643380952381
05/31/1969,_DJSD,59.2223,59.7039,58.9693,59.3978,0,,59.3408619047619
06/30/1969,_DJSD,59.3856,59.6671,58.2347,58.2347,0,,59.0225523809524
07/31/1969,_DJSD,58.3041,58.6673,57.6512,57.9817,0,,58.3149904761905
08/31/1969,_DJSD,58.2837,58.8714,58.1939,58.447,0,,58.5839571428572
09/30/1969,_DJSD,58.4225,59.6835,58.3408,59.5814,0,,59.1113761904762
10/31/1969,_DJSD,59.5366,60.2834,59.3896,60.2834,0,,59.8218608695652
11/30/1969,_DJSD,60.569,60.5894,59.3325,59.3325,0,,59.9697684210526
12/31/1969,_DJSD,59.206,59.4264,58.8061,59.1325,0,,59.1350666666667
01/31/1970,_DJSD,59.3407,59.8304,59.1244,59.3529,0,,59.530235
02/28/1970,_DJSD,59.2713,59.2713,57.8226,57.8226,0,,58.5762631578947
03/31/1970,_DJSD,57.9776,58.3,57.7532,57.8838,0,,58.0100857142857
04/30/1970,_DJSD,57.9123,58.4265,57.9123,58.3776,0,,58.3013272727273
05/31/1970,_DJSD,58.1735,58.1735,57.6144,58.1123,0,,57.862965
06/30/1970,_DJSD,57.9409,58.0103,57.3573,57.5981,0,,57.6847409090909
07/31/1970,_DJSD,57.6144,58.6224,57.4553,58.5,0,,57.8171954545455
08/31/1970,_DJSD,58.3286,61.0587,58.3286,61.0587,0,,59.8789666666667
09/30/1970,_DJSD,60.6547,61.3036,59.5284,59.5284,0,,60.5490047619048
10/31/1970,_DJSD,59.3856,60.3446,59.3856,59.7365,0,,59.7354136363636
11/30/1970,_DJSD,59.6304,60.1242,58.9693,59.2182,0,,59.6295421052632
12/31/1970,_DJSD,59.4957,59.7528,59.1774,59.2019,0,,59.4545636363636
01/31/1971,_DJSD,59.3039,59.4876,59.0264,59.3896,0,,59.301285
02/28/1971,_DJSD,59.3733,59.6263,57.8756,57.9817,0,,58.9572842105263
03/31/1971,_DJSD,58.0266,58.0593,57.3247,57.3696,0,,57.6832869565217
04/30/1971,_DJSD,57.4675,58.5367,57.4675,58.1042,0,,58.0555619047619
05/31/1971,_DJSD,58.1654,58.9407,57.9899,58.9407,0,,58.441235
06/30/1971,_DJSD,58.802,59.4753,58.0919,58.0919,0,,58.8325954545454
07/31/1971,_DJSD,58.3776,58.4225,57.2635,57.288,0,,57.7086952380952
08/31/1971,_DJSD,57.4675,58.0185,57.4675,57.5002,0,,57.7086772727273
09/30/1971,_DJSD,57.4512,57.7083,56.3167,56.4555,0,,56.8307142857143
10/31/1971,_DJSD,56.333,56.9778,56.333,56.7003,0,,56.6699952380952
11/30/1971,_DJSD,56.6636,56.9656,56.1045,56.7901,0,,56.5689476190476
12/31/1971,_DJSD,57.0023,59.1774,57.0023,58.9081,0,,58.3453142857143
01/31/1972,_DJSD,59.1774,60.7649,59.1774,60.4262,0,,60.2507142857143
02/29/1972,_DJSD,60.4384,61.0506,60.4384,61.0343,0,,60.805525
03/31/1972,_DJSD,61.0343,63.2665,61.0343,63.1441,0,,62.3247590909091
04/30/1972,_DJSD,63.14,64.4051,63.14,64.4051,0,,63.730315
05/31/1972,_DJSD,64.5153,65.8212,64.2867,65.5437,0,,65.2385227272727
06/30/1972,_DJSD,65.3315,65.3315,63.393,63.6828,0,,64.1609772727273
07/31/1972,_DJSD,64.0623,66.4945,64.0623,66.066,0,,65.415525
08/31/1972,_DJSD,66.0579,68.4044,66.0579,68.1187,0,,67.7086869565217
09/30/1972,_DJSD,68.4166,69.3063,67.9392,69.3063,0,,68.510495
10/31/1972,_DJSD,69.1226,70.0816,68.7105,69.9103,0,,69.5915727272727
11/30/1972,_DJSD,70.0286,73.5953,70.0286,73.5953,0,,71.53691
12/31/1972,_DJSD,74.4686,78.0068,74.4686,77.3294,0,,76.5310157894737
01/31/1973,_DJSD,76.9498,79.5902,76.9498,78.4802,0,,78.3567857142857
02/28/1973,_DJSD,78.5863,82.1122,77.2763,81.5858,0,,79.4909684210526
03/31/1973,_DJSD,82.6427,83.8629,82.1326,82.9896,0,,83.0103772727273
04/30/1973,_DJSD,83.6181,88.1357,83.6181,87.3725,0,,85.680775
05/31/1973,_DJSD,87.9438,98.5379,87.2011,97.5177,0,,93.2492136363636
06/30/1973,_DJSD,97.787,100.1744,96.1179,98.3012,0,,98.0872523809524
07/31/1973,_DJSD,100.2356,115.9757,98.8032,115.9757,0,,105.883766666667
08/31/1973,_DJSD,114.7392,133.0788,114.7392,129.9937,0,,127.4853
09/30/1973,_DJSD,128.8551,137.927,126.9248,134.1766,0,,132.144726315789
10/31/1973,_DJSD,132.2055,133.5685,120.1994,121.8155,0,,128.951159090909
11/30/1973,_DJSD,120.5953,126.4106,120.5953,126.0148,0,,124.091871428571
12/31/1973,_DJSD,126.6065,138.9594,126.6065,138.9594,0,,133.934747368421
01/31/1974,_DJSD,139.8205,142.9098,137.2944,138.2493,0,,140.526331818182
02/28/1974,_DJSD,139.6246,155.3892,138.1351,145.5624,0,,145.092377777778
03/31/1974,_DJSD,146.8397,146.8397,136.9639,137.07,0,,140.794880952381
04/30/1974,_DJSD,135.3642,142.8404,134.0419,142.5221,0,,139.007042857143
05/31/1974,_DJSD,141.3631,141.4488,134.0174,135.609,0,,137.781722727273
06/30/1974,_DJSD,135.1071,148.0354,135.1071,143.4485,0,,142.658375
07/31/1974,_DJSD,145.6562,158.5968,142.5833,158.5968,0,,149.247077272727
08/31/1974,_DJSD,156.8706,156.8706,148.0068,149.4841,0,,151.187918181818
09/30/1974,_DJSD,149.3291,155.0709,148.4639,155.0709,0,,150.615155
10/31/1974,_DJSD,155.7728,168.8848,155.7728,168.8848,0,,160.969256521739
11/30/1974,_DJSD,169.1827,183.8251,169.1827,170.4927,0,,176.507557894737
12/31/1974,_DJSD,168.2809,168.2809,153.5161,156.9236,0,,158.687585714286
01/31/1975,_DJSD,155.8708,155.8708,138.4656,140.9713,0,,145.550863636364
02/28/1975,_DJSD,138.9676,143.5423,126.8065,126.8065,0,,138.349226315789
03/31/1975,_DJSD,124.9047,128.2511,123.3458,127.3002,0,,125.51565
04/30/1975,_DJSD,127.741,127.741,115.9267,115.9267,0,,123.778781818182
05/31/1975,_DJSD,115.9104,115.9104,110.0257,110.0257,0,,112.875947619048
06/30/1975,_DJSD,108.883,113.2619,107.3527,110.4664,0,,109.229152380952
07/31/1975,_DJSD,109.4136,130.8751,109.181,124.7211,0,,120.368068181818
08/31/1975,_DJSD,123.9376,136.0089,123.9376,129.8059,0,,130.959280952381
09/30/1975,_DJSD,127.9328,129.357,126.9207,127.4227,0,,128.204257142857
10/31/1975,_DJSD,127.5655,127.5655,121.6727,122.3991,0,,123.928343478261
11/30/1975,_DJSD,121.1013,121.2074,116.7103,118.967,0,,118.474073684211
12/31/1975,_DJSD,117.1796,121.587,117.1796,120.9299,0,,119.673214285714
01/31/1976,_DJSD,121.9461,124.5824,119.9791,122.9337,0,,122.820561904762
02/29/1976,_DJSD,123.9865,127.9369,122.6806,127.9369,0,,125.489810526316
03/31/1976,_DJSD,128.194,129.1856,125.1374,125.1374,0,,127.410613043478
04/30/1976,_DJSD,126.1453,134.4133,126.0719,134.0664,0,,130.728019047619
05/31/1976,_DJSD,134.9805,140.7795,134.9805,140.7795,0,,137.60354
06/30/1976,_DJSD,140.8081,150.3166,139.8572,150.3166,0,,145.2255
07/31/1976,_DJSD,153.161,157.3807,138.5799,138.5799,0,,147.214171428571
08/31/1976,_DJSD,136.3885,140.3061,136.3885,137.6495,0,,138.131945454545
09/30/1976,_DJSD,138.4983,141.9875,135.8375,139.1227,0,,138.682333333333
10/31/1976,_DJSD,140.3102,143.428,139.49,142.7669,0,,141.273314285714
11/30/1976,_DJSD,143.1832,146.9825,141.4896,143.2893,0,,144.984515
12/31/1976,_DJSD,143.9749,151.4063,143.9749,151.4063,0,,147.928719047619
01/31/1977,_DJSD,150.8716,160.4577,150.8716,160.4292,0,,155.329561904762
02/28/1977,_DJSD,159.8415,170.1091,159.8415,170.1091,0,,162.970289473684
03/31/1977,_DJSD,172.8841,183.2905,172.8841,174.0227,0,,177.607708695652
04/30/1977,_DJSD,174.8634,179.6707,172.627,175.7408,0,,175.88932
05/31/1977,_DJSD,175.7489,175.7489,167.4116,172.3373,0,,172.281323809524
06/30/1977,_DJSD,170.7376,172.3046,159.4865,160.5557,0,,164.840268181818
07/31/1977,_DJSD,160.621,161.7269,147.5784,150.1616,0,,154.947852631579
08/31/1977,_DJSD,151.0104,151.0104,143.3954,150.5452,0,,146.900913043478
09/30/1977,_DJSD,150.5656,153.1284,148.9454,149.325,0,,150.89419047619
10/31/1977,_DJSD,151.2634,152.2632,147.256,152.0755,0,,149.968995238095
11/30/1977,_DJSD,152.4714,153.7487,142.4201,142.4201,0,,149.894166666667
12/31/1977,_DJSD,141.9712,145.0482,139.4696,139.6491,0,,142.429385714286
01/31/1978,_DJSD,141.51,143.2771,140.5755,141.861,0,,141.97
02/28/1978,_DJSD,141.8773,144.0728,140.6816,143.0159,0,,142.598121052632
03/31/1978,_DJSD,143.9953,150.5656,143.9953,148.57,0,,146.605418181818
04/30/1978,_DJSD,147.3865,149.325,146.1418,146.3949,0,,147.51714
05/31/1978,_DJSD,145.9501,148.7169,145.7746,145.7746,0,,146.975277272727
06/30/1978,_DJSD,145.1747,149.2189,144.8972,146.9295,0,,146.935409090909
07/31/1978,_DJSD,146.5418,146.5418,142.4527,146.0276,0,,144.43296
08/31/1978,_DJSD,144.9543,154.4139,144.081,154.4139,0,,148.188530434783
09/30/1978,_DJSD,154.7118,156.6176,153.5528,154.1405,0,,154.9899
10/31/1978,_DJSD,154.9036,164.1387,154.7608,162.4003,0,,157.837236363636
11/30/1978,_DJSD,160.0904,162.184,160.0904,160.9638,0,,161.017425
12/31/1978,_DJSD,160.6087,160.6087,154.9321,156.9971,0,,157.53476
01/31/1979,_DJSD,156.4911,156.7319,152.2877,154.7322,0,,154.548
02/28/1979,_DJSD,153.0917,157.9969,152.4836,157.9969,0,,155.505647368421
03/31/1979,_DJSD,157.3032,157.3032,153.157,154.2955,0,,155.185368181818
04/30/1979,_DJSD,153.259,158.5234,152.2469,158.5234,0,,155.873635
05/31/1979,_DJSD,160.27,161.1066,158.2051,159.8578,0,,159.6946
06/30/1979,_DJSD,160.9638,175.0674,160.9638,173.0474,0,,170.023604761905
07/31/1979,_DJSD,171.3007,171.3007,162.8246,162.8246,0,,167.405976190476
08/31/1979,_DJSD,162.6737,164.7794,160.066,164.6611,0,,162.947982608696
09/30/1979,_DJSD,163.0818,170.4029,163.0818,169.5867,0,,166.317284210526
10/31/1979,_DJSD,171.5456,171.5456,162.0452,163.3593,0,,166.753526086957
11/30/1979,_DJSD,163.3144,171.0967,163.0206,171.0967,0,,166.563561904762
12/31/1979,_DJSD,170.9375,173.1453,168.0115,171.0436,0,,170.715652631579
01/31/1980,_DJSD,169.6724,182.0825,167.5463,182.0825,0,,173.760045454545
02/29/1980,_DJSD,183.6455,193.1418,173.4595,179.4952,0,,183.014195
03/31/1980,_DJSD,180.4828,180.4828,166.1139,166.4567,0,,172.279761904762
04/30/1980,_DJSD,159.7354,172.5903,159.7354,169.9459,0,,169.338976190476
05/31/1980,_DJSD,172.3536,181.2296,172.3536,172.476,0,,176.906757142857
06/30/1980,_DJSD,169.3256,179.4748,164.204,174.3369,0,,173.749671428571
07/31/1980,_DJSD,176.1407,178.9117,167.3014,178.3159,0,,175.301336363636
08/31/1980,_DJSD,180.3645,184.678,179.5483,182.0499,0,,181.667638095238
09/30/1980,_DJSD,182.7722,191.1299,181.1439,189.0568,0,,186.934742857143
10/31/1980,_DJSD,188.9874,199.1571,186.747,196.8718,0,,194.49562173913
11/30/1980,_DJSD,197.1166,197.1166,188.6651,189.7016,0,,192.629222222222
12/31/1980,_DJSD,187.9836,187.9836,168.84,180.442,0,,178.619
01/31/1981,_DJSD,180.6664,185.0494,171.4558,171.7456,0,,177.69320952381
02/28/1981,_DJSD,170.8437,175.5367,170.8437,173.7534,0,,173.002047368421
03/31/1981,_DJSD,171.2273,173.9452,168.1462,170.8192,0,,170.983154545455
04/30/1981,_DJSD,170.5907,171.4068,162.0615,163.7266,0,,167.486633333333
05/31/1981,_DJSD,162.5553,163.2858,157.7357,163.2858,0,,159.977605
06/30/1981,_DJSD,162.6573,162.6573,149.7372,149.7372,0,,155.202427272727
07/31/1981,_DJSD,151.9164,159.5599,151.8103,158.3193,0,,156.58605
08/31/1981,_DJSD,156.8012,157.4664,143.6811,143.7015,0,,150.961814285714
09/30/1981,_DJSD,143.0363,145.2032,141.0611,145.2032,0,,142.894419047619
10/31/1981,_DJSD,144.7625,147.1866,143.6117,146.252,0,,145.168381818182
11/30/1981,_DJSD,146.7907,147.8722,144.836,147.2437,0,,146.367335
12/31/1981,_DJSD,148.0313,149.3168,144.3503,146.7703,0,,146.707236363636
01/31/1982,_DJSD,147.2679,150.8481,147.186,150.8481,0,,148.45545
02/28/1982,_DJSD,152.568,152.568,147.7359,147.7359,0,,150.142405263158
03/31/1982,_DJSD,147.4785,148.9761,143.0559,144.8928,0,,145.369447826087
04/30/1982,_DJSD,144.495,149.9589,142.3422,147.0924,0,,147.649542857143
05/31/1982,_DJSD,147.0573,147.9699,144.2844,144.2844,0,,146.702205
06/30/1982,_DJSD,144.0855,144.7758,139.3704,143.4771,0,,142.439522727273
07/31/1982,_DJSD,143.3016,148.7889,142.1901,143.2665,0,,145.683385714286
08/31/1982,_DJSD,144.6588,150.6492,140.4,147.0924,0,,144.628486363636
09/30/1982,_DJSD,146.9286,153.3402,142.5996,142.5996,0,,149.080285714286
10/31/1982,_DJSD,142.4592,149.7249,139.1832,148.7772,0,,146.709642857143
11/30/1982,_DJSD,149.6079,153.3285,148.6602,153.3285,0,,150.46317
12/31/1982,_DJSD,153.5976,160.2666,153.5976,158.2308,0,,156.1443
01/31/1983,_DJSD,156.4992,171.4869,156.3588,171.4869,0,,164.6541
02/28/1983,_DJSD,171.9549,174.6693,159.2136,159.2136,0,,171.228268421053
03/31/1983,_DJSD,158.8626,162.3609,158.2074,162.3609,0,,160.113991304348
04/30/1983,_DJSD,162.7353,166.5261,162.1737,165.2391,0,,164.48562
05/31/1983,_DJSD,165.5433,171.8262,165.5433,170.5509,0,,169.469485714286
06/30/1983,_DJSD,167.6961,168.0705,164.0457,164.6658,0,,165.968222727273
07/31/1983,_DJSD,164.7711,169.7085,163.6011,168.3045,0,,166.668255
08/31/1983,_DJSD,167.9067,173.8737,167.9067,169.8489,0,,170.730469565217
09/30/1983,_DJSD,169.3926,170.7615,164.8413,165.3795,0,,167.529514285714
10/31/1983,_DJSD,163.4256,164.3967,157.6692,157.6692,0,,162.272314285714
11/30/1983,_DJSD,157.5522,161.9865,155.5281,161.9865,0,,158.056971428571
12/31/1983,_DJSD,161.7993,164.4903,160.6995,164.0223,0,,162.494057142857
01/31/1984,_DJSD,161.4834,161.4834,157.7511,160.0911,0,,159.476014285714
02/29/1984,_DJSD,160.7346,163.2735,158.4999,163.0746,0,,161.267535
03/31/1984,_DJSD,162.9576,168.3864,162.9576,167.9418,0,,166.769672727273
04/30/1984,_DJSD,167.3802,167.7663,162.9576,162.9576,0,,165.53511
05/31/1984,_DJSD,162.7704,166.2219,161.7993,165.8475,0,,163.915936363636
06/30/1984,_DJSD,166.0932,166.0932,158.3361,158.9562,0,,161.033785714286
07/31/1984,_DJSD,158.3478,158.3478,148.2507,149.1282,0,,152.8761
08/31/1984,_DJSD,149.6547,154.5921,149.6547,151.8543,0,,152.659056521739
09/30/1984,_DJSD,149.5611,150.5673,145.548,145.548,0,,147.703263157895
10/31/1984,_DJSD,145.3257,146.2149,143.9568,144.9981,0,,145.183773913043
11/30/1984,_DJSD,146.4021,148.2624,146.3904,146.3904,0,,147.450642857143
12/31/1984,_DJSD,146.4723,146.601,142.1433,142.8921,0,,144.177345
01/31/1985,_DJSD,142.4709,143.5824,140.9148,143.5824,0,,142.082672727273
02/28/1985,_DJSD,142.9038,142.9038,137.2644,137.2644,0,,140.7978
03/31/1985,_DJSD,137.2761,141.2658,136.0476,141.0318,0,,138.221571428571
04/30/1985,_DJSD,139.6161,142.0263,138.0717,138.0717,0,,140.215028571429
05/31/1985,_DJSD,137.2059,138.9024,136.2114,138.2355,0,,137.727081818182
06/30/1985,_DJSD,137.5218,140.2011,137.4399,137.9547,0,,138.578895
07/31/1985,_DJSD,137.1591,138.645,133.146,133.146,0,,136.083763636364
08/31/1985,_DJSD,133.0992,135.5445,132.9705,132.9705,0,,134.147413636364
09/30/1985,_DJSD,131.5197,134.5149,130.4433,132.1983,0,,131.624415
10/31/1985,_DJSD,132.2568,137.943,132.2568,137.943,0,,135.494647826087
11/30/1985,_DJSD,138.6567,141.3828,138.6567,141.1254,0,,140.5404
12/31/1985,_DJSD,142.4475,146.6595,141.7572,146.6595,0,,143.787985714286
01/31/1986,_DJSD,147.5253,156.1131,147.5253,152.5095,0,,153.889036363636
02/28/1986,_DJSD,151.5618,151.5618,146.952,149.2335,0,,149.300621052632
03/31/1986,_DJSD,149.4441,154.3581,149.4441,152.3574,0,,152.49546
04/30/1986,_DJSD,151.7958,151.8543,149.9121,150.8364,0,,150.687490909091
05/31/1986,_DJSD,148.941,151.4916,147.2211,147.6774,0,,149.195057142857
06/30/1986,_DJSD,147.1275,149.292,145.1502,147.6657,0,,147.021085714286
07/31/1986,_DJSD,145.9107,149.4558,145.7469,147.186,0,,147.159409090909
08/31/1986,_DJSD,147.4551,147.4551,135.7551,138.7737,0,,137.746885714286
09/30/1986,_DJSD,140.3415,146.2968,140.3415,145.1619,0,,143.584071428571
10/31/1986,_DJSD,144.0387,144.7407,141.0669,141.1839,0,,142.986208695652
11/30/1986,_DJSD,141.2073,142.2252,138.6801,139.9086,0,,140.490521052632
12/31/1986,_DJSD,140.8914,140.8914,133.7544,135.0297,0,,136.563995454545
01/31/1987,_DJSD,134.667,136.2231,133.5672,134.5617,0,,135.0258
02/28/1987,_DJSD,134.7021,135.1116,133.1343,134.4915,0,,134.216242105263
03/31/1987,_DJSD,134.5851,135.8136,132.4557,135.018,0,,133.862890909091
04/30/1987,_DJSD,134.5968,148.6719,134.5968,144.8109,0,,140.656842857143
05/31/1987,_DJSD,146.1213,154.9899,146.0277,150.5907,0,,150.817095
06/30/1987,_DJSD,148.8123,152.9541,147.888,148.4379,0,,150.027504545455
07/31/1987,_DJSD,148.6368,151.6554,148.6368,151.6554,0,,149.880190909091
08/31/1987,_DJSD,154.44,154.44,149.2335,149.2569,0,,150.977357142857
09/30/1987,_DJSD,149.2803,151.9596,147.5955,147.5955,0,,149.9433
10/31/1987,_DJSD,147.8529,149.9238,146.4372,148.2273,0,,148.458109090909
11/30/1987,_DJSD,149.1282,155.6451,145.8405,155.6217,0,,150.036705
12/31/1987,_DJSD,154.791,157.3182,151.4799,157.2948,0,,154.842054545455
01/31/1988,_DJSD,155.9376,157.6458,152.919,152.919,0,,155.96802
02/29/1988,_DJSD,150.9183,153.3636,148.2858,148.2858,0,,151.24005
03/31/1988,_DJSD,148.8357,154.7676,148.6953,154.3113,0,,151.681852173913
04/30/1988,_DJSD,154.5804,154.5804,149.7132,150.0291,0,,151.585785
05/31/1988,_DJSD,150.3567,158.4765,150.1929,156.4641,0,,154.704642857143
06/30/1988,_DJSD,156.8151,167.8248,156.8151,161.0271,0,,163.397945454545
07/31/1988,_DJSD,162.3843,162.5715,152.3925,153.27,0,,159.058575
08/31/1988,_DJSD,154.8144,155.9844,152.568,155.0367,0,,154.403882608696
09/30/1988,_DJSD,154.7676,157.5171,154.7325,154.791,0,,155.796085714286
10/31/1988,_DJSD,153.4338,158.9328,153.4338,158.9328,0,,156.422871428571
11/30/1988,_DJSD,159.0966,160.6878,154.4868,158.8392,0,,158.372314285714
12/31/1988,_DJSD,158.7924,167.3802,158.4063,167.3802,0,,162.9381
01/31/1989,_DJSD,167.1813,168.3513,160.5825,160.5825,0,,164.851885714286
02/28/1989,_DJSD,160.524,160.7112,156.9555,158.3595,0,,158.928489473684
03/31/1989,_DJSD,158.6871,162.396,158.3829,158.3829,0,,161.064327272727
04/30/1989,_DJSD,157.9383,161.8695,157.0608,159.7284,0,,160.184115
05/31/1989,_DJSD,159.9858,162.0801,154.4751,154.4751,0,,159.304009090909
06/30/1989,_DJSD,154.2645,156.546,152.9424,155.493,0,,154.833545454545
07/31/1989,_DJSD,155.5164,155.5515,149.8653,150.3216,0,,152.62416
08/31/1989,_DJSD,150.4386,152.5212,149.6898,151.866,0,,151.128391304348
09/30/1989,_DJSD,152.0415,152.5212,150.3216,151.4214,0,,151.48224
10/31/1989,_DJSD,153.1881,154.0188,149.9121,151.9128,0,,152.215936363636
11/30/1989,_DJSD,153.2817,153.7965,151.0704,151.866,0,,152.313385714286
12/31/1989,_DJSD,151.8309,151.8309,148.6602,149.1048,0,,149.64417
01/31/1990,_DJSD,148.7304,150.813,148.5198,149.2101,0,,149.256368181818
02/28/1990,_DJSD,149.6196,153.7965,149.6196,152.2872,0,,151.526084210526
03/31/1990,_DJSD,152.9775,156.9672,152.9775,154.323,0,,155.240918181818
04/30/1990,_DJSD,154.8495,159.4476,154.8495,156.4641,0,,157.60017
05/31/1990,_DJSD,156.9555,159.705,156.546,156.546,0,,158.372795454545
06/30/1990,_DJSD,156.0078,156.0078,151.4916,155.2239,0,,153.979242857143
07/31/1990,_DJSD,155.844,157.2129,153.4572,154.7325,0,,155.0133
08/31/1990,_DJSD,154.3113,156.9906,152.2404,152.2404,0,,154.8261
09/30/1990,_DJSD,151.5618,152.4861,150.5439,150.5439,0,,151.558105263158
10/31/1990,_DJSD,148.7772,151.398,146.2851,146.2851,0,,148.672408695652
11/30/1990,_DJSD,145.782,145.8288,143.3367,143.9334,0,,144.356271428571
12/31/1990,_DJSD,143.9802,146.2149,143.6175,146.2149,0,,144.487395
01/31/1991,_DJSD,144.729,145.9575,141.8859,142.74,0,,143.724927272727
02/28/1991,_DJSD,141.6636,146.0979,141.6636,146.0979,0,,143.91492631579
03/31/1991,_DJSD,146.8116,148.8006,144.4014,144.8694,0,,146.57643
04/30/1991,_DJSD,146.0628,148.7655,146.0628,148.6485,0,,147.539127272727
05/31/1991,_DJSD,149.0697,151.1289,148.8123,150.4386,0,,150.166840909091
06/30/1991,_DJSD,150.6492,153.9603,149.3505,149.3505,0,,152.1936
07/31/1991,_DJSD,148.5081,148.9761,141.3828,141.3828,0,,145.510240909091
08/31/1991,_DJSD,142.5528,142.6581,135.72,136.7964,0,,138.181254545455
09/30/1991,_DJSD,136.8081,138.4929,135.954,135.954,0,,137.53935
10/31/1991,_DJSD,136.8198,136.8198,132.8418,133.7076,0,,134.189334782609
11/30/1991,_DJSD,133.8129,135.1467,131.6484,135.1467,0,,133.391115
12/31/1991,_DJSD,135.5562,136.6677,128.3139,128.4543,0,,132.5337
01/31/1992,_DJSD,128.3022,137.3112,128.3022,137.3112,0,,133.326818181818
02/29/1992,_DJSD,136.9368,139.7916,136.9368,138.5865,0,,138.802642105263
03/31/1992,_DJSD,138.7503,139.0077,136.4922,136.89,0,,137.950445454545
04/30/1992,_DJSD,137.007,137.5452,134.2224,136.1529,0,,136.116685714286
05/31/1992,_DJSD,135.5679,139.0545,135.5679,137.2527,0,,137.370285
06/30/1992,_DJSD,136.4805,140.5404,136.4805,139.2651,0,,139.100236363636
07/31/1992,_DJSD,138.9258,139.0077,136.3284,136.7379,0,,137.903113636364
08/31/1992,_DJSD,136.2465,138.5397,134.9244,137.9781,0,,136.2816
09/30/1992,_DJSD,137.8143,139.7799,135.3573,135.3573,0,,138.038271428571
10/31/1992,_DJSD,135.0297,135.0297,132.1164,133.2981,0,,133.23375
11/30/1992,_DJSD,133.848,140.6574,133.5555,140.6574,0,,136.723275
12/31/1992,_DJSD,140.9616,142.9038,140.9616,141.9093,0,,142.106604545455
01/31/1993,_DJSD,141.57,145.3491,141.57,142.3539,0,,143.48412
02/28/1993,_DJSD,141.8157,147.2679,141.8157,146.2734,0,,144.897110526316
03/31/1993,_DJSD,145.3725,148.6251,144.5418,146.9286,0,,146.501295652174
04/30/1993,_DJSD,147.1626,147.1626,140.5989,141.5583,0,,142.891542857143
05/31/1993,_DJSD,141.2541,143.2665,139.4172,142.4358,0,,141.113115
06/30/1993,_DJSD,140.2713,141.6168,139.8384,141.2658,0,,140.644104545455
07/31/1993,_DJSD,142.3071,147.2211,142.3071,146.1096,0,,144.718971428571
08/31/1993,_DJSD,147.9582,148.122,143.3835,144.5184,0,,145.056068181818
09/30/1993,_DJSD,143.6643,143.6643,138.7854,138.9024,0,,141.556628571429
10/31/1993,_DJSD,137.007,140.8563,136.9134,140.8563,0,,138.979285714286
11/30/1993,_DJSD,139.6629,145.0215,139.6629,142.9038,0,,142.5138
12/31/1993,_DJSD,143.6175,149.292,143.6175,149.292,0,,146.673428571429
01/31/1994,_DJSD,149.8536,152.5797,149.1048,151.7841,0,,151.1562
02/28/1994,_DJSD,152.7318,154.0539,152.568,153.8433,0,,153.238594736842
03/31/1994,_DJSD,153.6795,155.2941,152.6382,154.908,0,,154.156656521739
04/30/1994,_DJSD,155.9142,155.9142,152.0649,155.8908,0,,153.508926315789
05/31/1994,_DJSD,155.4696,166.8537,155.3409,164.0223,0,,160.6644
06/30/1994,_DJSD,162.8055,167.1579,158.2425,167.1579,0,,163.052795454545
07/31/1994,_DJSD,166.7601,176.6583,165.5199,169.9893,0,,171.041715
08/31/1994,_DJSD,169.9659,174.1311,164.0691,174.1311,0,,168.934265217391
09/30/1994,_DJSD,173.9556,178.0857,171.6039,171.6039,0,,175.755171428571
10/31/1994,_DJSD,171.5103,172.0485,167.2515,169.2171,0,,169.7943
11/30/1994,_DJSD,169.8957,170.7381,168.3864,169.1001,0,,169.392042857143
12/31/1994,_DJSD,169.416,171.4518,166.3857,170.703,0,,168.998142857143
01/31/1995,_DJSD,170.7615,174.2832,169.6266,169.6266,0,,172.178871428571
02/28/1995,_DJSD,169.3224,175.9797,167.4621,175.6521,0,,172.002931578947
03/31/1995,_DJSD,176.9391,180.8118,173.511,174.7512,0,,177.411169565217
04/30/1995,_DJSD,173.4642,178.9515,173.4642,178.191,0,,176.987131578947
05/31/1995,_DJSD,178.2846,178.5537,173.8386,175.2075,0,,175.753145454545
06/30/1995,_DJSD,176.8689,181.6542,175.5234,178.5303,0,,178.517004545455
07/31/1995,_DJSD,179.3493,182.3913,176.0499,176.0499,0,,179.18901
08/31/1995,_DJSD,175.3362,180.9639,174.7512,177.8049,0,,177.582091304348
09/30/1995,_DJSD,180.7884,180.7884,171.756,172.6569,0,,175.18644
10/31/1995,_DJSD,172.1304,172.692,169.7436,170.6094,0,,171.043895454545
11/30/1995,_DJSD,171.1944,172.4346,167.9067,167.9067,0,,170.920842857143
12/31/1995,_DJSD,168.48,172.1889,167.1579,167.2983,0,,169.264485
01/31/1996,_DJSD,166.0581,173.1483,165.0168,173.0196,0,,168.195477272727
02/29/1996,_DJSD,173.9907,174.0375,170.6211,171.4167,0,,171.843165
03/31/1996,_DJSD,170.7615,175.3362,169.6149,173.16,0,,172.089728571429
04/30/1996,_DJSD,173.4876,182.637,173.16,176.5881,0,,177.125185714286
05/31/1996,_DJSD,179.829,186.4746,178.5771,178.5771,0,,183.383140909091
06/30/1996,_DJSD,177.2667,180.1332,172.9377,174.0141,0,,176.53077
07/31/1996,_DJSD,175.3713,177.8517,173.1717,174.7512,0,,174.925636363636
08/31/1996,_DJSD,175.0671,180.531,174.6342,177.2667,0,,177.759695454545
09/30/1996,_DJSD,177.0561,177.0561,168.012,168.012,0,,172.32345
10/31/1996,_DJSD,167.5089,168.0354,161.2728,161.2728,0,,164.688182608696
11/30/1996,_DJSD,161.2611,167.4387,161.2611,165.6135,0,,164.64942
12/31/1996,_DJSD,164.736,164.736,161.7408,162.2205,0,,162.925285714286
01/31/1997,_DJSD,162.2439,167.2398,160.9101,164.2563,0,,163.745957142857
02/28/1997,_DJSD,164.7711,175.7574,164.7711,175.7574,0,,169.517605263158
03/31/1997,_DJSD,177.723,182.8359,175.3245,177.0912,0,,178.40862
04/30/1997,_DJSD,177.4305,183.6549,173.277,183.573,0,,178.833436363636
05/31/1997,_DJSD,185.094,198.3384,182.9529,193.1436,0,,188.518757142857
06/30/1997,_DJSD,189.54,191.6694,177.3135,177.3135,0,,184.145185714286
07/31/1997,_DJSD,177.4071,177.4071,171.9081,173.9907,0,,173.674242857143
08/31/1997,_DJSD,174.5055,176.2371,169.7787,172.7973,0,,173.478685714286
09/30/1997,_DJSD,173.9439,175.2309,162.8991,163.3437,0,,170.487385714286
10/31/1997,_DJSD,162.864,163.8585,157.7862,158.2308,0,,160.869913043478
11/30/1997,_DJSD,158.3595,159.9156,157.3065,157.9851,0,,158.500515789474
12/31/1997,_DJSD,157.9968,159.9039,152.4978,152.4978,0,,155.9844
01/31/1998,_DJSD,152.2638,160.3134,148.9176,160.3134,0,,152.917245
02/28/1998,_DJSD,156.8619,158.2191,151.3629,152.1,0,,155.028694736842
03/31/1998,_DJSD,153.4221,153.4221,149.2686,150.462,0,,151.269831818182
04/30/1998,_DJSD,149.175,152.1702,147.7242,150.111,0,,150.271457142857
05/31/1998,_DJSD,149.175,150.9885,144.4482,145.5948,0,,148.15242
06/30/1998,_DJSD,146.0628,147.4785,143.5356,145.6767,0,,145.886236363636
07/31/1998,_DJSD,145.4076,146.7882,142.5645,146.7882,0,,145.179171428571
08/31/1998,_DJSD,145.4544,146.5191,138.6216,138.6216,0,,143.828657142857
09/30/1998,_DJSD,139.0662,140.4234,137.3346,137.358,0,,138.971485714286
10/31/1998,_DJSD,136.4571,136.4571,131.5899,133.1343,0,,133.019528571429
11/30/1998,_DJSD,133.5438,136.8432,132.2217,133.6959,0,,134.43183
12/31/1998,_DJSD,133.4736,133.4736,128.0331,129.8583,0,,130.496481818182
01/31/1999,_DJSD,130.8177,133.3332,130.7826,131.8473,0,,132.0826
02/28/1999,_DJSD,132.2334,134.6904,130.1976,130.2093,0,,132.117631578947
03/31/1999,_DJSD,130.3965,135.7902,130.3965,133.8363,0,,133.182117391304
04/30/1999,_DJSD,133.8831,138.645,129.753,138.645,0,,133.250185714286
05/31/1999,_DJSD,139.1013,142.5996,138.0015,141.9912,0,,140.14962
06/30/1999,_DJSD,141.8976,143.559,141.0435,142.5411,0,,142.226314285714
07/31/1999,_DJSD,141.5115,142.4592,138.3174,142.4592,0,,140.183271428571
08/31/1999,_DJSD,143.4069,144.8928,130.5252,132.1164,0,,138.722645454545
09/30/1999,_DJSD,134.199,135.7083,130.4901,133.0641,0,,132.487457142857
10/31/1999,_DJSD,130.1742,136.5156,128.7819,132.0462,0,,131.331942857143
11/30/1999,_DJSD,132.4791,138.0366,131.7186,138.0366,0,,134.443585714286
12/31/1999,_DJSD,136.5624,137.4282,133.7544,133.7544,0,,135.646358823529
01/31/2000,_DJSD,134.901,138.6216,133.4502,137.9079,0,,136.155363157895
02/29/2000,_DJSD,137.7675,140.5872,136.1997,136.4571,0,,138.856185
03/31/2000,_DJSD,137.5335,143.7696,137.4399,142.0263,0,,140.731160869565
04/30/2000,_DJSD,142.3188,142.4007,139.3236,140.1075,0,,141.070341176471
05/31/2000,_DJSD,140.6691,142.6932,137.7675,137.7675,0,,140.495271428571
06/30/2000,_DJSD,136.8549,137.7792,132.7833,132.7833,0,,136.235331818182
07/31/2000,_DJSD,132.2919,137.2293,131.3559,131.7186,0,,133.432994117647
08/31/2000,_DJSD,130.8177,131.3676,128.7468,130.1976,0,,129.868152631579
09/30/2000,_DJSD,130.1976,135.0882,130.1976,135.0297,0,,132.86008125
10/31/2000,_DJSD,135.2754,135.2754,129.3201,129.3201,0,,132.61599
11/30/2000,_DJSD,129.2382,132.9588,129.168,132.9588,0,,130.65901875
12/31/2000,_DJSD,133.0992,134.433,130.806,130.806,0,,132.71635
01/31/2001,_DJSD,128.9223,130.7826,128.9106,129.519,0,,129.6568
02/28/2001,_DJSD,129.4371,129.4371,128.9223,128.9223,0,,129.1797
03/31/2001,_DJSD,129.285,130.7826,123.9147,124.0785,0,,127.4247
04/30/2001,_DJSD,123.9498,128.4777,123.9498,127.3779,0,,126.193447058824
05/31/2001,_DJSD,130.8879,136.3752,130.8879,131.6367,0,,132.901135714286
06/30/2001,_DJSD,132.4206,132.4908,125.4006,125.4006,0,,128.55740625
07/31/2001,_DJSD,125.1549,125.6229,122.616,125.6229,0,,124.35813
08/31/2001,_DJSD,124.9443,125.7867,123.7041,124.2306,0,,124.830741176471
09/30/2001,_DJSD,123.6924,123.6924,116.4969,116.4969,0,,121.29078
10/31/2001,_DJSD,116.6724,116.6724,110.1204,110.3193,0,,112.740136363636
11/30/2001,_DJSD,110.5065,114.6249,110.5065,114.6249,0,,112.26515625
12/31/2001,_DJSD,113.7357,114.7536,111.9105,114.7536,0,,113.670514285714
01/31/2002,_DJSD,115.3971,118.3923,115.3971,116.7075,0,,116.87
02/28/2002,_DJSD,117.6435,121.0248,117.6435,119.8197,0,,119.34585
03/31/2002,_DJSD,121.5396,125.8101,121.5396,125.0964,0,,124.244055
04/30/2002,_DJSD,124.1019,125.83,119.09,125.83,0,,123.67685
05/31/2002,_DJSD,124.49,128.71,122.208,123.87,0,,124.934818181818
06/30/2002,_DJSD,123.74,127.38,121.35,127.38,0,,124.48815
07/31/2002,_DJSD,128.26,128.93,123.9,126.18,0,,126.965578947368
08/31/2002,_DJSD,125.02,134.13,123.67,133.01,0,,129.683272727273
09/30/2002,_DJSD,131.28,139.03,131.28,138.13,0,,137.335
10/31/2002,_DJSD,138.5,140.83,135.02,137.81,0,,137.731739130435
11/30/2002,_DJSD,137.51,140.24,133.82,139.57,0,,136.774736842105
12/31/2002,_DJSD,140.94,148.32,139.35,144.83,0,,143.553333333333
01/31/2003,_DJSD,148.55,156.38,147.88,156.38,0,,151.147894736842
02/28/2003,_DJSD,156.19,161.04,154.94,157.79,0,,157.158947368421
03/31/2003,_DJSD,157.03,159.7,143.82,146.37,0,,151.157619047619
04/30/2003,_DJSD,144.94,148.39,142.67,144.46,0,,144.9332
05/31/2003,_DJSD,144.83,153.61,144.027,152.456,0,,150.301238095238
06/30/2003,_DJSD,154.308,155.028,145.279,146.65,0,,150.256421052632
07/31/2003,_DJSD,147.42,149.65,143.86,146.85,0,,146.794227272727
08/31/2003,_DJSD,149.34,153.67,147.93,153.13,0,,150.8645
09/30/2003,_DJSD,150.45,152.87,148.5,152.87,0,,150.939523809524
10/31/2003,_DJSD,153.174,163.31,153.174,161.28,0,,159.355391304348
11/30/2003,_DJSD,159.48,168.2,159.48,162.08,0,,162.983333333333
12/31/2003,_DJSD,165.87,174.9,165.87,172.287,0,,171.75080952381
01/31/2004,_DJSD,178.848,181.78,174.94,175.96,0,,179.027444444444
02/29/2004,_DJSD,177.04,186.96,175.55,186.96,0,,179.639473684211
03/31/2004,_DJSD,189.84,193.51,183.8,192.74,0,,188.964272727273
04/30/2004,_DJSD,191.62,193.8,184.93,189.88,0,,190.086
05/31/2004,_DJSD,192.92,195.42,188.8,193.34,0,,192.697
06/30/2004,_DJSD,199.2,199.2,181.78,182.72,0,,186.975714285714
07/31/2004,_DJSD,184.9,187.1,182.19,184.95,0,,184.659523809524
08/31/2004,_DJSD,184.43,190.69,182.06,183.6,0,,185.359545454545
09/30/2004,_DJSD,185.92,196.87,180.32,196.87,0,,187.445238095238
10/31/2004,_DJSD,197.05,209.1,195.37,204.19,0,,202.659
11/30/2004,_DJSD,201.17,206.53,196.94,202.81,0,,200.827
12/31/2004,_DJSD,198.15,198.8,187.31,193.62,0,,193.189523809524
01/31/2005,_DJSD,190.54,197.34,189.06,195.36,0,,193.9535
02/28/2005,_DJSD,193.65,211.54,189.49,211.54,0,,198.298947368421
03/31/2005,_DJSD,210.05,223.14,210.05,218.89,0,,216.792272727273
04/30/2005,_DJSD,219.29,219.29,208.97,209.43,0,,213.906190476191
05/31/2005,_DJSD,209.81,209.95,201,207.4,0,,205.613333333333
06/30/2005,_DJSD,210.78,225.57,210.47,213.66,0,,217.191428571429
07/31/2005,_DJSD,216.14,223.85,215.13,222.42,0,,220.2575
08/31/2005,_DJSD,224.86,244.28,224.86,242.37,0,,232.098260869565
09/30/2005,_DJSD,246.96,253.59,236.17,253.37,0,,244.888235294118
10/31/2005,_DJSD,254.18,262.66,241,241,0,,250.340952380952
11/30/2005,_DJSD,239.8,244.86,238.79,243.24,0,,241.397894736842
12/31/2005,_DJSD,248.41,265.21,248.087,252.16,0,,255.2869
01/31/2006,_DJSD,253.16,259.63,246.59,256.85,0,,251.142631578947
02/28/2006,_DJSD,253.51,255.2,241.92,243.31,0,,247.881111111111
03/31/2006,_DJSD,245.88,289.769,240.69,251.22,0,,248.748652173913
04/30/2006,_DJSD,253.32,280.06,250.51,273.45,0,,266.720526315789
05/31/2006,_DJSD,277.21,292.34,272.09,275.37,0,,279.291818181818
06/30/2006,_DJSD,272.69,278.85,262.67,276.56,0,,270.114545454546
07/31/2006,_DJSD,277.83,287.03,272.51,283.9,0,,278.925
08/31/2006,_DJSD,282.92,288.68,277.79,281.1,0,,282.490434782609
09/30/2006,_DJSD,278.52,280.72,257.72,263.26,0,,265.9299
10/31/2006,_DJSD,261.25,288.84,256.87,284.99,0,,276.598863636364
11/30/2006,_DJSD,284.99,302.5,280.97,302.5,0,,291.262380952381
12/31/2006,_DJSD,301.42,301.42,288.29,289.6,0,,292.351578947368
01/31/2007,_DJSD,280.32,299.27,273.28,288.63,0,,282.3626
02/28/2007,_DJSD,286.42,305.8,285.87,301.41,0,,294.318368421053
03/31/2007,_DJSD,299.2,304.89,292.46,304.24,0,,297.496772727273
04/30/2007,_DJSD,303.37,313.39,302.24,312.51,0,,309.6479
05/31/2007,_DJSD,312.31,315.46,306.91,311.68,0,,311.146818181818
06/30/2007,_DJSD,314.03,324.14,307.49,311.633,0,,314.933619047619
07/31/2007,_DJSD,313.11,320.96,310.41,317.24,0,,315.461476190476
08/31/2007,_DJSD,314.24,315.8,303.12,311.6,0,,309.811739130435
09/30/2007,_DJSD,314.36,339.65,314.01,336.88,0,,327.066473684211
10/31/2007,_DJSD,336.56,353.74,326.59,353.74,0,,340.887391304348
11/30/2007,_DJSD,351.83,359.57,345.92,345.92,0,,353.784142857143
12/31/2007,_DJSD,344.5,363.7,343.9,362.889,0,,354.158833333333
01/31/2008,_DJSD,371.95,380,358,380,0,,372.446761904762
02/29/2008,_DJSD,375.17,432.6,375.17,430.69,0,,402.620526315789
03/31/2008,_DJSD,435.56,440.2,397.27,405.855,0,,422.29025
04/30/2008,_DJSD,401.764,436.52,401.764,423.01,0,,424.856380952381
05/31/2008,_DJSD,413.79,448.28,413.79,435.14,0,,436.017619047619
06/30/2008,_DJSD,438.65,481.69,433.12,479.46,0,,462.271904761905
07/31/2008,_DJSD,483.85,489.58,419.08,423.05,0,,451.215909090909
08/31/2008,_DJSD,423.05,423.05,389.44,396.39,0,,400.702380952381
09/30/2008,_DJSD,383.62,383.62,351.18,351.98,0,,368.025952380952
10/31/2008,_DJSD,351.37,351.37,269.19,281.51,0,,300.04752173913
11/30/2008,_DJSD,280.125,293.57,253.79,265.25,0,,269.280157894737
12/31/2008,_DJSD,118.16,257.93,118.16,257.93,0,,239.970909090909
01/31/2009,_DJSD,263.56,263.56,263.56,263.56,0,,263.56
