dates,monthly_GDP,monthly_GDPDEF,CPRINDEX,TRARR,BOGNONBR,FEDFUNDS,IP,CPIAUCSL
1965-01-01,3854.98797341428,18.5807201691835,58.515095,11.952,11.653,3.9,31.3203,31.28
1965-02-01,3865.3031540178,18.5585263952607,58.0622736842105,11.883,11.479,3.98,31.515,31.28
1965-03-01,3900.20887256796,18.5677534355558,56.8250434782609,11.884,11.472,4.04,31.9322,31.31
1965-04-01,3903.85681689394,18.5968277204396,56.9576,12.043,11.571,4.09,32.0713,31.38
1965-05-01,3924.77495734457,18.6474946892193,56.81948,11.912,11.417,4.1,32.3216,31.48
1965-06-01,3950.56822576151,18.7116775903411,55.8060272727273,12.005,11.467,4.04,32.572,31.61
1965-07-01,3987.41685204556,18.7103934368939,55.2000904761905,12.073,11.544,4.09,32.8779,31.58
1965-08-01,4007.61487225651,18.7083020504885,56.0768636363636,12.079,11.531,4.12,33.017,31.55
1965-09-01,4023.56827569795,18.7593045126176,56.292619047619,12.071,11.517,4.01,33.1005,31.62
1965-10-01,4069.40405951978,18.799252556832,55.6884333333333,12.118,11.63,4.08,33.4343,31.65
1965-11-01,4091.06778795402,18.8585782366613,55.8959904761905,12.087,11.655,4.1,33.5733,31.75
1965-12-01,4141.32815252624,18.9011692065067,57.3927095238095,12.316,11.872,4.32,33.9905,31.85
1966-01-01,4179.84528776425,18.9070671362009,58.6764523809524,12.295,11.875,4.42,34.3243,31.88
1966-02-01,4195.9363442946,18.9843628330741,58.9755263157895,12.193,11.711,4.6,34.5469,32.08
1966-03-01,4229.91836794119,19.033570030725,58.9302782608696,12.164,11.604,4.65,35.0197,32.18
1966-04-01,4207.34520786023,19.0843556205829,59.293735,12.258,11.621,4.67,35.0754,32.28
1966-05-01,4222.93244231268,19.1321707452074,59.6028190476191,12.263,11.575,4.9,35.4092,32.35
1966-06-01,4227.02234982717,19.1764736342097,60.7222409090909,12.256,11.549,5.17,35.576,32.38
1966-07-01,4241.35658603632,19.2296910892529,62.06673,12.371,11.629,5.3,35.7707,32.45
1966-08-01,4237.6420165973,19.3328046904363,60.8295043478261,12.165,11.43,5.53,35.7986,32.65
1966-09-01,4268.60139736642,19.3885042203108,57.5670238095238,12.229,11.46,5.4,36.1323,32.75
1966-10-01,4290.82594319139,19.4506909887874,55.8112571428571,12.199,11.465,5.53,36.3827,32.85
1966-11-01,4269.1825967242,19.4777853205566,55.917595,12.205,11.598,5.76,36.1323,32.88
1966-12-01,4296.79146008446,19.5145236906559,57.1045142857143,12.223,11.69,5.4,36.2158,32.92
1967-01-01,4346.14358624688,19.5207546086367,56.6643714285714,12.334,11.924,4.94,36.3866,32.9
1967-02-01,4320.41762056947,19.5804675611154,56.7295368421053,12.28,11.916,5,35.9739,33
1967-03-01,4308.13879318371,19.584777830248,56.8290363636364,12.438,12.237,4.53,35.7712,33
1967-04-01,4346.12308027034,19.6293683705141,56.0037,12.488,12.342,4.05,36.1085,33.1
1967-05-01,4315.69913421304,19.6308829080847,56.2970409090909,12.418,12.329,3.94,35.7935,33.1
1967-06-01,4324.27778551667,19.7227487214012,56.2362090909091,12.457,12.351,3.98,35.789,33.3
1967-07-01,4328.63029607412,19.7876956371344,54.96328,12.722,12.607,3.79,35.7075,33.4
1967-08-01,4399.89862339428,19.8478907610343,53.9540304347826,12.678,12.598,3.9,36.3916,33.5
1967-09-01,4369.77108053165,19.9114136018312,55.09223,12.846,12.758,3.99,36.3326,33.6
1967-10-01,4360.73860933748,19.970188298582,55.6951181818182,13.088,12.959,3.88,36.6285,33.7
1967-11-01,4398.63042354032,20.0824205648098,56.7986380952381,13.131,12.999,4.13,37.1523,33.9
1967-12-01,4444.23096712225,20.1483911366082,58.32962,13.18,12.952,4.51,37.5525,34
1968-01-01,4462.16453333026,20.2179631289438,58.4052136363636,13.239,12.993,4.6,37.512,34.1
1968-02-01,4493.3290160566,20.2893830319138,57.8625105263158,13.188,12.815,4.71,37.6465,34.2
1968-03-01,4516.30645061319,20.3626538391424,57.8010095238095,13.186,12.527,5.05,37.764,34.3
1968-04-01,4525.97721147641,20.4337399067526,57.18799,13.117,12.432,5.76,37.8186,34.4
1968-05-01,4576.94087096029,20.4957797405617,57.1842727272727,13.13,12.389,6.11,38.2429,34.5
1968-06-01,4596.28191756333,20.5824803526857,56.185505,13.251,12.557,6.07,38.3833,34.7
1968-07-01,4593.44988875308,20.6520586289275,55.5943909090909,13.455,12.928,6.02,38.3245,34.9
1968-08-01,4600.67162650375,20.6994633286163,55.9130772727273,13.44,12.875,6.03,38.4314,35
1968-09-01,4603.7784847432,20.7664780424561,56.7048,13.435,12.931,5.78,38.577,35.1
1968-10-01,4590.7540813924,20.9110440477668,57.0129391304348,13.529,13.086,5.91,38.6536,35.3
1968-11-01,4631.58093196738,20.9882212835861,58.4579105263158,13.649,13.104,5.82,39.1535,35.4
1968-12-01,4637.06498664025,21.0977346686471,58.9049761904762,13.767,13.021,6.02,39.2772,35.6
1969-01-01,4661.88115789284,21.1398646644088,58.6956954545454,13.629,12.893,6.3,39.5148,35.7
1969-02-01,4689.15834756398,21.188366792045,58.5251368421053,13.714,12.879,6.61,39.7677,35.8
1969-03-01,4723.76049454322,21.3227685435461,58.41716,13.653,12.751,6.79,40.0795,36.1
1969-04-01,4707.87698066402,21.4136825323274,59.0643380952381,13.471,12.468,7.41,39.932,36.3
1969-05-01,4687.8791221584,21.4692377568442,59.3408619047619,13.844,12.47,8.67,39.7811,36.4
1969-06-01,4724.34389717758,21.5810797108283,59.0225523809524,13.795,12.41,8.9,40.1698,36.6
1969-07-01,4737.35989371682,21.7074282275739,58.3149904761905,13.491,12.239,8.61,40.3818,36.8
1969-08-01,4739.18668913343,21.7780325346102,58.5839571428572,13.784,12.565,9.19,40.4746,36.9
1969-09-01,4731.75341714981,21.8845392378159,59.1113761904762,13.822,12.743,9.15,40.4655,37.1
1969-10-01,4728.7702027458,21.9770895746871,59.8218608695652,13.904,12.754,9,40.4774,37.3
1969-11-01,4699.45477043823,22.0676305814179,59.9697684210526,14.172,12.969,8.85,40.0958,37.5
1969-12-01,4718.27502681606,22.168279843895,59.1350666666667,14.168,13.049,8.97,39.9882,37.7
1970-01-01,4684.05995785877,22.2669222063505,59.530235,14.087,13.128,8.98,39.2477,37.9
1970-02-01,4713.41850431015,22.382939159282,58.5762631578947,14.099,13.019,8.98,39.2219,38.1
1970-03-01,4723.82153783113,22.4961386343674,58.0100857142857,14.071,13.173,7.76,39.171,38.3
1970-04-01,4712.50398486919,22.6186396903034,58.3013272727273,14.209,13.364,8.1,39.0702,38.5
1970-05-01,4715.63945424695,22.6838834785625,57.862965,14.007,13.04,7.94,39.0247,38.6
1970-06-01,4718.05656088391,22.7794768311339,57.6847409090909,14.078,13.197,7.6,38.8985,38.8
1970-07-01,4753.49283627624,22.8218545092191,57.8171954545455,14.159,12.799,7.21,38.994,38.9
1970-08-01,4766.07723873268,22.868641385088,59.8789666666667,14.282,13.445,6.61,38.9245,39
1970-09-01,4752.02992499113,22.9495041056929,60.5490047619048,14.447,13.847,6.29,38.6561,39.2
1970-10-01,4677.22617402381,23.0509319622646,59.7354136363636,14.48,14.017,6.2,37.8829,39.4
1970-11-01,4666.47394155876,23.1705502198386,59.6295421052632,14.47,14.055,5.6,37.6534,39.6
1970-12-01,4781.19988441751,23.3245178178969,59.4545636363636,14.558,14.225,4.9,38.5182,39.8
1971-01-01,4835.89205523567,23.4549027310809,59.301285,14.604,14.24,4.14,38.8144,39.9
1971-02-01,4837.15899604035,23.5233896417277,58.9572842105263,14.819,14.488,3.72,38.7405,39.9
1971-03-01,4829.84894872402,23.6297076271913,57.6832869565217,14.798,14.479,3.71,38.6985,40
1971-04-01,4839.33048334815,23.7240025343747,58.0555619047619,14.759,14.606,4.15,38.9158,40.1
1971-05-01,4859.01015829807,23.8485093761303,58.441235,14.982,14.698,4.63,39.1133,40.3
1971-06-01,4887.35935835384,23.965488089495,58.8325954545454,15.057,14.564,4.91,39.2773,40.5
1971-07-01,4897.10258098097,24.0371974431269,57.7086952380952,15.125,14.302,5.31,39.1633,40.6
1971-08-01,4874.56315617622,24.0851486905233,57.7086772727273,15.19,14.38,5.56,38.936,40.7
1971-09-01,4928.33426284287,24.1416538663498,56.8307142857143,15.423,14.928,5.55,39.5688,40.8
1971-10-01,4924.90986980423,24.1945975763473,56.6699952380952,15.211,14.854,5.2,39.865,40.9
1971-11-01,4904.38352210674,24.2788939541319,56.5689476190476,15.247,14.864,4.91,40.0342,41
1971-12-01,4913.60660808909,24.3905084695207,58.3453142857143,15.23,15.104,4.14,40.4964,41.1
1972-01-01,4977.04004688667,24.5536819388905,60.2507142857143,15.369,15.347,3.5,41.4709,41.2
1972-02-01,4998.08545093347,24.7045104942088,60.805525,15.363,15.331,3.29,41.8616,41.4
1972-03-01,5032.07450217994,24.7338075669007,62.3247590909091,15.48,15.382,3.83,42.1645,41.4
1972-04-01,5104.30911948906,24.7669251848407,63.730315,15.651,15.534,4.17,42.6064,41.5
1972-05-01,5115.74163324319,24.8092411730154,65.2385227272727,15.739,15.628,4.27,42.582,41.6
1972-06-01,5134.84924726781,24.868833642144,64.1609772727273,15.909,15.809,4.46,42.7051,41.7
1972-07-01,5130.02744287122,24.9497436235836,65.415525,15.835,15.597,4.55,42.6924,41.8
1972-08-01,5178.06827311604,25.0311971295404,67.7086869565217,16.01,15.623,4.8,43.2568,41.9
1972-09-01,5188.10428401281,25.163059246876,68.510495,16,15.459,4.87,43.5838,42.1
1972-10-01,5215.5225434705,25.2698464571878,69.5915727272727,16.193,15.637,5.04,44.1699,42.2
1972-11-01,5247.10824283064,25.3875295525412,71.53691,16.441,15.833,5.06,44.6846,42.4
1972-12-01,5290.96921369897,25.440623990271,76.5310157894737,16.645,15.595,5.33,45.2006,42.5
1973-01-01,5322.5719396565,25.528853480391,78.3567857142857,16.708,15.548,5.94,45.498,42.7
1973-02-01,5403.05812434949,25.652040005487,79.4909684210526,16.714,15.12,6.58,46.1773,43
1973-03-01,5415.86993599409,25.8021065141221,83.0103772727273,16.923,15.099,7.09,46.1937,43.4
1973-04-01,5425.71351642455,25.9277978722834,85.680775,16.731,15.02,7.12,46.1272,43.7
1973-05-01,5457.25875117438,26.0314801862051,93.2492136363636,16.672,14.829,7.84,46.4199,43.9
1973-06-01,5441.52773240113,26.1967219415116,98.0872523809524,16.746,14.895,8.49,46.4535,44.2
1973-07-01,5425.37386085955,26.2725511901038,105.883766666667,16.988,15.035,10.4,46.648,44.2
1973-08-01,5389.57679900859,26.6248902950099,127.4853,16.796,14.631,10.5,46.5669,45
1973-09-01,5420.74934013191,26.7495585148863,132.144726315789,16.735,14.883,10.78,46.9866,45.2
1973-10-01,5451.12811598275,26.9444735402956,128.951159090909,16.924,15.448,10.01,47.2997,45.6
1973-11-01,5475.37649959748,27.0646377161315,124.091871428571,16.978,15.585,10.03,47.548,45.9
1973-12-01,5460.69538441983,27.2218887435729,133.934747368421,17.021,15.723,9.95,47.4375,46.3
1974-01-01,5422.71414486858,27.383915028844,140.526331818182,17.222,16.171,9.65,47.1083,46.8
1974-02-01,5409.75590330463,27.5794755516887,145.092377777778,17.125,15.933,8.97,46.9634,47.3
1974-03-01,5418.52995182686,27.8126094194673,140.794880952381,17.131,15.817,9.35,46.9733,47.8
1974-04-01,5414.67646166684,27.9755200860367,139.007042857143,17.298,15.561,10.51,46.83,48.1
1974-05-01,5451.51896809976,28.2479044260851,137.781722727273,17.423,14.833,11.31,47.1848,48.6
1974-06-01,5427.70457023343,28.5205754878783,142.658375,17.367,14.361,11.93,47.1292,49
1974-07-01,5397.59487247048,28.7127658108482,149.247077272727,17.486,14.185,12.92,47.1505,49.3
1974-08-01,5348.73684548444,29.0493973791159,151.187918181818,17.391,14.055,12.01,46.6882,49.9
1974-09-01,5389.76828204516,29.4388368100359,150.615155,17.385,14.102,11.34,46.7161,50.6
1974-10-01,5442.80154043992,29.6654955044463,160.969256521739,17.349,15.536,10.06,46.536,51
1974-11-01,5355.77516496024,29.9260810832376,176.507557894737,17.453,16.201,9.45,45.0062,51.5
1974-12-01,5273.02329459989,30.1774234123161,158.687585714286,17.55,16.823,8.53,43.4204,51.9
1975-01-01,5311.24761986794,30.4088076707818,145.550863636364,17.273,16.874,7.13,42.8246,52.3
1975-02-01,5280.18989674024,30.6158448580191,138.349226315789,17.271,17.123,6.24,41.8301,52.6
1975-03-01,5285.76248339191,30.7783474711992,125.51565,17.439,17.333,5.54,41.3862,52.8
1975-04-01,5320.48524199848,30.9259892172635,123.778781818182,17.498,17.387,5.49,41.4258,53
1975-05-01,5324.8235141663,31.0208731730604,112.875947619048,17.353,17.288,5.22,41.3326,53.1
1975-06-01,5354.2912438353,31.2301376096762,109.229152380952,17.715,17.488,5.55,41.6042,53.5
1975-07-01,5382.32581550445,31.4702211451497,120.368068181818,17.632,17.331,6.1,42.0025,54
1975-08-01,5417.34914056739,31.578288230207,130.959280952381,17.66,17.449,6.14,42.4426,54.2
1975-09-01,5464.5250439281,31.787490624644,128.204257142857,17.834,17.438,6.24,42.9708,54.6
1975-10-01,5476.32760790673,31.9522893871047,123.928343478261,17.587,17.397,5.82,43.1611,54.9
1975-11-01,5477.81116515955,32.1584515916538,118.474073684211,17.849,17.789,5.22,43.2561,55.3
1975-12-01,5529.06122693377,32.3062590212416,119.673214285714,17.822,17.692,5.2,43.7944,55.6
1976-01-01,5591.57740969859,32.3997519529265,122.820561904762,17.616,17.537,4.87,44.4309,55.8
1976-02-01,5632.38812772054,32.468624691451,125.489810526316,17.806,17.725,4.77,44.8644,55.9
1976-03-01,5631.53446258098,32.5506233556227,127.410613043478,17.875,17.821,4.84,44.916,56
1976-04-01,5654.56863815056,32.6457520076275,130.728019047619,17.719,17.675,4.82,45.1733,56.1
1976-05-01,5668.79614255837,32.8123996618856,137.60354,17.94,17.826,5.29,45.3729,56.4
1976-06-01,5659.63521929113,32.950848330487,145.2255,17.946,17.82,5.48,45.3841,56.7
1976-07-01,5676.41682606897,33.0570596962384,147.214171428571,17.846,17.714,5.31,45.6491,57
1976-08-01,5697.47468744248,33.2103171627304,138.131945454545,18.053,17.953,5.29,45.9698,57.3
1976-09-01,5695.50848648858,33.4106231410313,138.682333333333,18.009,17.948,5.25,46.1015,57.6
1976-10-01,5678.66044977501,33.653945970123,141.273314285714,18.077,17.983,5.02,46.1172,57.9
1976-11-01,5738.58528376952,33.8106347114093,144.984515,18.34,18.268,4.95,46.7939,58.1
1976-12-01,5780.25426645558,33.9804193184678,147.928719047619,18.388,18.335,4.65,47.2798,58.4
1977-01-01,5742.0959460929,34.1336385461858,155.329561904762,18.421,18.353,4.61,47.023,58.7
1977-02-01,5805.22164317634,34.401619027119,162.970289473684,18.299,18.227,4.68,47.7335,59.3
1977-03-01,5850.28241073081,34.5417424266954,177.607708695652,18.405,18.301,4.69,48.3415,59.6
1977-04-01,5869.67868566188,34.7372984424716,175.88932,18.479,18.406,4.73,48.7789,60
1977-05-01,5908.57801371881,34.8265677627238,172.281323809524,18.585,18.379,5.35,49.2046,60.2
1977-06-01,5960.7433006194,34.9591337948047,164.840268181818,18.471,18.208,5.39,49.5627,60.5
1977-07-01,6002.26838634149,35.0810973634973,154.947852631579,18.748,18.425,5.42,49.6389,60.8
1977-08-01,6016.16869538396,35.2616900794993,146.900913043478,18.919,17.858,5.9,49.6517,61.1
1977-09-01,6034.36291827462,35.4672125570035,150.89419047619,18.873,18.247,6.14,49.8872,61.3
1977-10-01,6016.74427490682,35.7812435685191,149.968995238095,18.963,17.658,6.47,49.9859,61.6
1977-11-01,6011.28693728478,36.0706972594027,149.894166666667,19.012,18.15,6.51,50.0357,62
1977-12-01,6026.56878780847,36.2560591720783,142.429385714286,18.99,18.42,6.56,50.1135,62.3
1978-01-01,5973.43142099698,36.4209014141656,141.97,19.29,18.806,6.7,49.4201,62.7
1978-02-01,6015.97988038539,36.5492358865726,142.598121052632,19.561,19.155,6.78,49.6618,63
1978-03-01,6128.18869861771,36.7488626992619,146.605418181818,19.286,18.958,6.79,50.6053,63.4
1978-04-01,6244.60609066871,36.991512955339,147.51714,19.408,18.851,6.89,51.6639,63.9
1978-05-01,6266.46007392612,37.2669900272345,146.975277272727,19.655,18.443,7.36,51.8472,64.5
1978-06-01,6310.93383540521,37.4674970174268,146.935409090909,19.868,18.774,7.6,52.2056,65
1978-07-01,6316.03371391597,37.6428941563523,144.43296,20.118,18.801,7.81,52.1834,65.5
1978-08-01,6339.7098236289,37.8300630055911,148.188530434783,19.912,18.772,8.04,52.3807,65.9
1978-09-01,6350.15646245519,38.1220428380568,154.9899,19.994,18.934,8.45,52.5124,66.5
1978-10-01,6387.52378980157,38.4675827815525,157.837236363636,20.109,18.832,8.96,52.9384,67.1
1978-11-01,6423.58158236046,38.675108827457,161.017425,19.872,19.169,9.76,53.3363,67.5
1978-12-01,6449.79462783805,38.8403083909907,157.53476,19.753,18.885,10.03,53.6296,67.9
1979-01-01,6406.52207858056,39.0588654278963,154.548,19.821,18.818,10.07,53.2837,68.5
1979-02-01,6436.32939776351,39.3458209236825,155.505647368421,19.396,18.423,10.06,53.5675,69.2
1979-03-01,6456.14852365602,39.6513136484215,155.185368181818,19.429,18.439,10.09,53.7364,69.9
1979-04-01,6395.32835301531,39.9632280350672,155.873635,19.504,18.587,10.01,53.1571,70.6
1979-05-01,6452.75689430117,40.3122799262543,159.6946,19.553,17.788,10.24,53.5566,71.4
1979-06-01,6474.31475268359,40.6364920386788,170.023604761905,19.808,18.39,10.29,53.5534,72.2
1979-07-01,6497.1872234022,40.9197064272874,167.405976190476,19.992,18.822,10.47,53.4808,73
1979-08-01,6475.5625816906,41.1680742847024,162.947982608696,20.008,18.923,10.94,53.1195,73.7
1979-09-01,6488.55019490728,41.4072192880103,166.317284210526,20.007,18.667,11.43,53.1786,74.4
1979-10-01,6514.24024621482,41.7193097649616,166.753526086957,20.375,18.353,13.77,53.4617,75.2
1979-11-01,6500.82856218711,41.9828670618491,166.563561904762,20.398,18.492,13.18,53.409,76
1979-12-01,6496.63119159812,42.2558231731896,170.715652631579,20.72,19.248,13.78,53.4536,76.9
1980-01-01,6514.09734862554,42.5597561783316,173.760045454545,20.693,19.452,13.82,53.7071,78
1980-02-01,6525.52812983704,42.8342356698503,183.014195,20.682,19.027,14.13,53.7262,79
1980-03-01,6535.07452153747,43.1830081518186,172.279761904762,20.703,17.879,17.19,53.5481,80.1
1980-04-01,6462.89571604878,43.4187353985378,169.338976190476,20.629,18.174,17.61,52.4571,80.9
1980-05-01,6369.55098017502,43.7696738848998,176.906757142857,20.44,19.421,10.98,51.1904,81.7
1980-06-01,6345.35330377629,44.2115907165627,173.749671428571,20.575,20.196,9.47,50.5575,82.5
1980-07-01,6346.53107330926,44.407588130492,175.301336363636,20.796,20.401,9.03,50.166,82.6
1980-08-01,6372.59043602675,44.8006948170563,181.667638095238,21.011,20.352,9.61,50.353,83.2
1980-09-01,6429.57849066407,45.215717052452,186.934742857143,21.232,19.921,10.87,51.1727,83.9
1980-10-01,6426.88239900779,45.6163165705294,194.49562173913,21.147,19.837,12.81,51.8129,84.7
1980-11-01,6506.27565480554,46.0606288218028,192.629222222222,22.15,20.091,15.85,52.7175,85.6
1980-12-01,6570.44194618675,46.4610546076682,178.619,22.015,20.325,18.9,53.0142,86.4
1981-01-01,6620.3772987316,46.8311102308978,177.69320952381,21.673,20.278,19.08,52.7119,87.2
1981-02-01,6630.91753502236,47.2252494057731,173.002047368421,21.84,20.536,15.93,52.4633,88
1981-03-01,6655.80516624611,47.5316403633295,170.983154545455,22.072,21.072,14.7,52.7501,88.6
1981-04-01,6578.01261389523,47.812267914078,167.486633333333,22.187,20.849,15.72,52.5233,89.1
1981-05-01,6581.52852704548,48.0816055946905,159.977605,22.442,20.219,18.52,52.8211,89.7
1981-06-01,6602.35885905932,48.349126491232,155.202427272727,22.326,20.289,19.1,53.0699,90.5
1981-07-01,6655.53009635183,48.6350167603756,156.58605,22.329,20.65,19.04,53.4044,91.5
1981-08-01,6673.46574036766,48.8864899201909,150.961814285714,22.356,20.936,17.82,53.3959,92.2
1981-09-01,6659.70416328056,49.3164933194338,142.894419047619,22.487,21.031,15.87,53.0761,93.1
1981-10-01,6642.38311187694,49.5705720632458,145.168381818182,22.296,21.115,15.08,52.6972,93.4
1981-11-01,6588.4356159676,49.8783395882453,146.367335,22.338,21.675,13.31,52.0996,93.8
1981-12-01,6524.48127215552,50.1400883485094,146.707236363636,22.443,21.807,12.37,51.5219,94.1
1982-01-01,6397.99749360848,50.3976155526046,148.45545,22.669,21.152,13.22,50.4933,94.4
1982-02-01,6519.5067552356,50.6269775049606,150.142405263158,22.551,20.762,14.78,51.4979,94.7
1982-03-01,6507.49575115598,50.6584069424352,145.369447826087,22.452,20.898,14.68,51.1159,94.7
1982-04-01,6508.66949996749,50.7627992991719,147.649542857143,22.337,20.769,14.94,50.6623,95
1982-05-01,6509.72502375973,51.1502174532185,146.702205,22.402,21.285,14.45,50.3505,95.9
1982-06-01,6512.20547627284,51.5969832476099,142.439522727273,22.368,21.164,14.15,50.1943,97
1982-07-01,6498.91025441479,51.7849852757176,145.683385714286,22.182,21.49,12.59,50.0395,97.5
1982-08-01,6470.88200376545,51.9090110200903,144.628486363636,22.348,21.833,10.12,49.6075,97.7
1982-09-01,6490.6077418198,52.0270037041926,149.080285714286,22.686,21.752,10.31,49.4584,97.7
1982-10-01,6493.25223624383,52.393712616048,146.709642857143,22.889,22.412,9.71,49.011,98.1
1982-11-01,6505.70183399192,52.5169746126153,150.46317,23.354,22.733,9.2,48.8232,98
1982-12-01,6480.3459297643,52.538312771337,156.1443,23.6,22.966,8.95,48.4682,97.7
1983-01-01,6579.30553733709,52.8269635896053,164.6541,23.226,22.697,8.68,49.3992,97.9
1983-02-01,6548.7468182856,52.9365896596625,171.228268421053,23.901,23.319,8.51,49.089,98
1983-03-01,6606.54764437734,52.9574467507326,160.113991304348,24.414,23.621,8.77,49.4906,98.1
1983-04-01,6694.30745869027,53.1483077192308,164.48562,24.9,23.89,8.8,50.0805,98.8
1983-05-01,6736.2836488287,53.2690588649833,169.469485714286,24.86,23.907,8.63,50.4295,99.2
1983-06-01,6754.30889248111,53.3776334157863,165.968222727273,25.277,23.641,8.98,50.7333,99.4
1983-07-01,6805.24392327591,53.6613601114886,166.668255,25.356,23.903,9.37,51.5016,99.8
1983-08-01,6847.47087595776,53.8390358002429,170.730469565217,25.376,23.83,9.56,52.0679,100.1
1983-09-01,6927.28520076638,53.9686040882689,167.529514285714,25.435,23.994,9.45,52.8472,100.4
1983-10-01,6983.09368070158,54.1080037224525,162.272314285714,25.454,24.61,9.48,53.2874,100.8
1983-11-01,7001.18390563658,54.2217141239946,158.056971428571,25.396,24.491,9.34,53.4759,101.1
1983-12-01,7020.22241366187,54.3272821535534,162.494057142857,25.367,24.593,9.47,53.7593,101.4
1984-01-01,7116.51524851385,54.6120320267811,159.476014285714,25.451,24.736,9.56,54.8216,102.1
1984-02-01,7135.37795509833,54.8242246125742,161.267535,25.829,25.262,9.59,55.0698,102.6
1984-03-01,7169.90679638787,54.951743360645,166.769672727273,25.763,24.812,9.91,55.3384,102.9
1984-04-01,7227.20863090105,55.1441709134555,165.53511,25.691,24.457,10.29,55.6911,103.3
1984-05-01,7269.56745393649,55.2570173778199,163.915936363636,25.882,22.894,10.32,55.9506,103.5
1984-06-01,7301.22391516249,55.3698117087251,161.033785714286,26.094,22.794,11.06,56.1549,103.7
1984-07-01,7325.36953746593,55.5701609127759,152.8761,25.981,20.057,11.23,56.3326,104.1
1984-08-01,7341.28445763186,55.7159802970941,152.659056521739,26.04,18.023,11.64,56.3847,104.4
1984-09-01,7345.84600490225,55.8288587901305,147.703263157895,26.09,18.848,11.3,56.2832,104.7
1984-10-01,7357.59712244393,55.9707710535082,145.183773913043,26.259,20.242,9.99,56.1943,105.1
1984-11-01,7402.07674447571,56.0544126385208,147.450642857143,26.518,21.901,9.43,56.4108,105.3
1984-12-01,7428.32613308038,56.2118163079713,144.177345,26.913,23.727,8.38,56.4759,105.5
1985-01-01,7435.28738230875,56.4268334064374,142.082672727273,27.077,25.683,8.35,56.3801,105.7
1985-02-01,7474.1188914001,56.7587189829089,140.7978,27.596,26.307,8.5,56.5796,106.3
1985-03-01,7499.09372629118,56.9864476106542,138.221571428571,27.591,25.998,8.58,56.6645,106.8
1985-04-01,7496.53614782794,56.9941425088132,140.215028571429,27.871,26.548,8.27,56.5122,107
1985-05-01,7535.02935371323,57.0412158849939,137.727081818182,28.156,26.822,7.97,56.5982,107.2
1985-06-01,7582.13449845888,57.1896416061934,138.578895,28.849,27.644,7.53,56.6317,107.5
1985-07-01,7598.92138274566,57.3073876163654,136.083763636364,29.142,28.035,7.88,56.2637,107.7
1985-08-01,7661.70878052053,57.4087639526112,134.147413636364,29.653,28.58,7.9,56.496,107.9
1985-09-01,7704.96983673386,57.5018484310238,131.624415,30.031,28.742,7.92,56.7412,108.1
1985-10-01,7673.89653313774,57.5853890734357,135.494647826087,30.49,29.303,7.99,56.508,108.5
1985-11-01,7695.62992665756,57.7362280798308,140.5404,30.916,29.176,8.05,56.6984,109
1985-12-01,7768.27354020472,57.892382846734,143.787985714286,31.569,30.251,8.27,57.2954,109.5
1986-01-01,7808.88282602238,58.0443756176485,153.889036363636,31.564,30.794,8.14,57.5555,109.9
1986-02-01,7782.67045595438,58.0512771739848,149.300621052632,31.659,30.775,7.86,57.1707,109.7
1986-03-01,7760.74671802328,57.9643472083671,152.49546,32.091,31.33,7.48,56.7784,109.1
1986-04-01,7792.66894850928,58.0302587199871,150.687490909091,32.518,31.625,6.99,56.8228,108.7
1986-05-01,7831.63163059737,58.2696557715166,149.195057142857,33.266,32.39,6.85,56.938,109
1986-06-01,7835.09942089333,58.4560855084965,147.021085714286,33.947,33.144,6.92,56.7427,109.4
1986-07-01,7894.55439919538,58.4426115030962,147.159409090909,34.657,33.917,6.56,57.0569,109.5
1986-08-01,7896.23957189018,58.4240333216223,137.746885714286,35.192,34.319,6.17,56.9807,109.6
1986-09-01,7905.00602891446,58.5943551752819,143.584071428571,35.622,34.613,5.89,57.0954,110
1986-10-01,7915.63233648399,58.7002343869874,142.986208695652,36.262,35.421,5.85,57.3542,110.2
1986-11-01,7930.64548722742,58.7984644728341,140.490521052632,37.271,36.519,6.04,57.623,110.4
1986-12-01,7972.22217628859,58.940301140179,136.563995454545,38.841,38.014,6.91,58.1006,110.8
1987-01-01,7943.33714073066,59.1257410180045,135.0258,39.244,38.664,6.43,57.9173,111.4
1987-02-01,8018.85985302938,59.234885866613,134.216242105263,39.007,38.45,6.1,58.663,111.8
1987-03-01,8022.80300623999,59.3593731153829,133.862890909091,38.828,38.301,6.13,58.7602,112.2
1987-04-01,8059.2182892551,59.5167473089598,140.656842857143,39.534,38.541,6.37,59.1416,112.7
1987-05-01,8089.85453769439,59.6075275480534,150.817095,39.812,38.777,6.85,59.517,113
1987-06-01,8105.02717305053,59.7867251429872,150.027504545455,39.462,38.686,6.73,59.7996,113.5
1987-07-01,8129.92488189263,59.8831653601744,149.880190909091,39.081,38.408,6.58,60.2152,113.8
1987-08-01,8168.9115451365,60.0827780268269,150.977357142857,39.209,38.562,6.73,60.7146,114.3
1987-09-01,8175.16357297093,60.244056612999,149.9433,39.118,38.178,7.22,60.8781,114.7
1987-10-01,8265.95204789764,60.391233066232,148.458109090909,39.827,38.884,7.29,61.7569,115
1987-11-01,8294.38599842258,60.590179545463,150.036705,39.335,38.71,6.69,62.091,115.4
1987-12-01,8317.76195367979,60.7195873883053,154.842054545455,38.913,38.136,6.77,62.394,115.6
1988-01-01,8308.72425015302,60.9223587380608,155.96802,39.465,38.383,6.83,62.4207,116
1988-02-01,8339.49841475305,61.0402723423419,151.24005,39.407,39.01,6.58,62.6908,116.2
1988-03-01,8369.67733509396,61.1663689195978,151.681852173913,39.267,37.515,6.58,62.8421,116.5
1988-04-01,8434.281164434,61.4502305606747,151.585785,39.622,36.629,6.87,63.1885,117.2
1988-05-01,8443.80649894827,61.5925690707695,154.704642857143,39.958,37.381,7.09,63.1203,117.5
1988-06-01,8470.41233661776,61.8562003685561,163.397945454545,40.278,37.195,7.51,63.2843,118
1988-07-01,8473.37997050291,62.1292913480542,159.058575,40.515,37.075,7.75,63.3155,118.5
1988-08-01,8512.06980005156,62.3728739267835,154.403882608696,40.47,37.23,8.01,63.5859,119
1988-09-01,8509.45022944555,62.5748347251627,155.796085714286,40.343,37.504,8.19,63.405,119.5
1988-10-01,8571.01454768075,62.6812723206083,156.422871428571,40.423,38.124,8.3,63.7184,119.9
1988-11-01,8604.46585833657,62.8391583002707,158.372314285714,40.548,37.687,8.35,63.8175,120.3
1988-12-01,8657.21959398272,63.0565693791213,162.9381,40.454,38.738,8.76,64.1273,120.7
1989-01-01,8692.2841632909,63.3510607119372,164.851885714286,40.422,38.773,9.12,64.3162,121.2
1989-02-01,8679.7512139588,63.538510998536,158.928489473684,40.339,38.852,9.36,64.026,121.6
1989-03-01,8721.06462275031,63.7604282895271,161.064327272727,39.845,38.032,9.85,64.166,122.2
1989-04-01,8758.86262697511,64.0303201134607,160.184115,39.533,37.244,9.84,64.222,123.1
1989-05-01,8746.12521982601,64.2087519803005,159.304009090909,39.301,37.581,9.81,63.7707,123.7
1989-06-01,8793.31215319892,64.3819279062392,154.833545454545,39.085,37.595,9.53,63.8022,124.1
1989-07-01,8779.88682531895,64.6132187933277,152.62416,39.438,38.744,9.24,63.236,124.5
1989-08-01,8869.23216869922,64.6470552141861,151.128391304348,39.398,38.723,8.99,63.8059,124.5
1989-09-01,8845.38100598188,64.7557259924866,151.48224,39.674,38.981,9.02,63.576,124.8
1989-10-01,8818.58866284329,64.9796189120503,152.215936363636,40.163,39.608,8.84,63.5346,125.4
1989-11-01,8837.54592716384,65.1514665549599,152.313385714286,40.17,39.821,8.55,63.7465,125.9
1989-12-01,8894.46540999289,65.2349145329902,149.64417,40.487,40.222,8.45,64.1419,126.3
1990-01-01,8876.7728045754,65.601963998347,149.256368181818,40.731,40.292,8.23,63.7117,127.5
1990-02-01,8963.7475426918,65.8045836828579,151.526084210526,40.744,39.296,8.24,64.3504,128
1990-03-01,9000.77965273284,66.1164523187954,155.240918181818,40.65,38.527,8.28,64.6721,128.6
1990-04-01,8979.02251037515,66.3542858399875,157.60017,40.845,39.237,8.26,64.5975,128.9
1990-05-01,8977.5607166434,66.4558218434598,158.372795454545,40.751,39.419,8.18,64.7028,129.1
1990-06-01,8988.51677298149,66.749892316553,153.979242857143,40.667,39.786,8.29,64.9174,129.9
1990-07-01,8967.52179635701,66.8618379160873,155.0133,40.576,39.818,8.15,64.8436,130.5
1990-08-01,8985.11043644627,67.1510605616037,154.8261,40.873,39.947,8.13,65.043,131.6
1990-09-01,8999.06776719675,67.3291015223092,151.558105263158,41.09,40.466,8.2,65.1372,132.5
1990-10-01,8955.62202369438,67.5077810622891,148.672408695652,40.809,40.398,8.11,64.6442,133.4
1990-11-01,8891.71166832117,67.5383957913263,144.356271428571,40.971,40.741,7.81,63.8853,133.7
1990-12-01,8874.86630798449,67.8198231463849,144.487395,41.767,41.441,7.31,63.4658,134.2
1991-01-01,8883.42393851012,68.1594516581857,143.724927272727,42.294,41.76,6.91,63.1915,134.7
1991-02-01,8864.95157986482,68.3295663381833,143.91492631579,42.072,41.82,6.25,62.7585,134.8
1991-03-01,8848.4244816251,68.3989820036313,146.57643,41.805,41.564,6.12,62.4265,134.8
1991-04-01,8873.42634584205,68.5429133667567,147.539127272727,41.862,41.631,5.91,62.5503,135.1
1991-05-01,8941.03671893127,68.7709996388986,150.166840909091,42.411,42.108,5.78,63.1756,135.6
1991-06-01,8988.73693522671,68.978086994345,152.1936,42.712,42.372,5.9,63.742,136
1991-07-01,8966.70255528518,69.1021998760456,145.510240909091,42.985,42.378,5.82,63.8029,136.2
1991-08-01,8954.33563545753,69.2761906133027,138.181254545455,43.393,42.629,5.66,63.8503,136.6
1991-09-01,9010.86180925731,69.428609510652,137.53935,43.558,42.913,5.45,64.4151,137
1991-10-01,9002.61990550975,69.459732922428,134.189334782609,44.007,43.746,5.21,64.2992,137.2
1991-11-01,9017.02973801976,69.6666301197976,133.391115,44.615,44.507,4.81,64.2209,137.8
1991-12-01,9029.55035647051,69.8026369577746,132.5337,45.516,45.324,4.43,63.9602,138.2
1992-01-01,9048.98807895875,69.8057711074203,133.326818181818,46.374,46.141,4.03,63.596,138.3
1992-02-01,9128.81182189093,69.9006494348076,138.802642105263,47.602,47.525,4.06,64.0409,138.6
1992-03-01,9191.20009915034,70.1195794577723,137.950445454545,48.274,48.183,3.98,64.5973,139.1
1992-04-01,9215.0010906536,70.2711955178748,136.116685714286,49.042,48.952,3.73,65.0756,139.4
1992-05-01,9225.20898872226,70.3832282547147,137.370285,49.337,49.182,3.82,65.2831,139.7
1992-06-01,9230.28992062414,70.5095762274108,139.100236363636,49.271,49.041,3.76,65.2957,140.1
1992-07-01,9315.77761696478,70.632685648226,137.903113636364,49.756,49.471,3.25,65.8801,140.5
1992-08-01,9296.57975014852,70.7197444763369,136.2816,50.479,50.229,3.3,65.5581,140.8
1992-09-01,9327.24263288673,70.8165698754373,138.038271428571,51.395,51.107,3.22,65.715,141.1
1992-10-01,9391.08931444323,71.0606245063056,133.23375,52.767,52.625,3.1,66.2013,141.7
1992-11-01,9419.49320531136,71.2349977603106,136.723275,53.75,53.646,3.09,66.4879,142.1
1992-12-01,9408.91748024542,71.3073777333839,142.106604545455,54.422,54.298,2.92,66.5431,142.3
1993-01-01,9410.62245316776,71.5109109487134,143.48412,54.971,54.805,3.02,66.8264,142.8
1993-02-01,9431.40955167451,71.6206462673523,144.897110526316,54.687,54.641,3.03,67.1172,143.1
1993-03-01,9430.26799515774,71.6864427839345,146.501295652174,54.971,54.879,3.07,67.0479,143.3
1993-04-01,9477.62653031646,71.8754312029518,142.891542857143,55.359,55.285,2.96,67.2498,143.8
1993-05-01,9470.20245778236,72.0717849114248,141.113115,56.655,56.534,3,67.0325,144.2
1993-06-01,9492.47101190119,72.1757838856236,140.644104545455,57.086,56.905,3.04,67.1532,144.3
1993-07-01,9516.17483233978,72.3343699313417,144.718971428571,57.73,57.486,3.06,67.3586,144.5
1993-08-01,9511.13652109653,72.527642385427,145.056068181818,58.184,57.832,3.03,67.2888,144.8
1993-09-01,9551.5886465637,72.5629876832316,141.556628571429,58.871,58.444,3.09,67.6092,145
1993-10-01,9615.39810077679,72.7300925574841,138.979285714286,59.595,59.309,2.99,68.1214,145.6
1993-11-01,9651.50397665515,72.8495661852362,142.5138,60.304,60.215,3.02,68.4089,146
1993-12-01,9693.59792256806,72.9793412572798,146.673428571429,60.567,60.485,2.96,68.7737,146.3
1994-01-01,9720.94100107116,73.0035403553951,151.1562,60.896,60.822,3.05,69.0299,146.3
1994-02-01,9721.75890567162,73.2082656714692,153.238594736842,60.516,60.446,3.25,69.0418,146.7
1994-03-01,9801.90009325722,73.406193973136,154.156656521739,60.299,60.244,3.34,69.7582,147.1
1994-04-01,9843.76876739792,73.4598616052807,153.508926315789,60.504,60.38,3.56,70.125,147.2
1994-05-01,9880.46813072248,73.5690981901539,160.6644,59.972,59.772,4.01,70.4978,147.5
1994-06-01,9919.96310187961,73.6840402045656,163.052795454545,60.048,59.715,4.25,70.948,147.9
1994-07-01,9915.83231426693,73.7925646795216,171.041715,60.321,59.863,4.26,71.0595,148.4
1994-08-01,9945.55534853234,73.9897679398876,168.934265217391,59.96,59.491,4.47,71.4749,149
1994-09-01,9957.71233720073,74.1246673805911,175.755171428571,59.8,59.313,4.73,71.7333,149.3
1994-10-01,10009.5543941508,74.2148115946353,169.7943,59.374,58.994,4.76,72.3479,149.4
1994-11-01,10041.8588724912,74.3929535502131,169.392042857143,59.412,59.163,5.29,72.8018,149.8
1994-12-01,10106.086733358,74.5202348551518,168.998142857143,59.466,59.257,5.45,73.5563,150.1
1995-01-01,10099.3438044137,74.6923390396503,172.178871428571,59.404,59.268,5.53,73.6891,150.5
1995-02-01,10076.2267948715,74.8288074380779,172.002931578947,58.653,58.593,5.92,73.5889,150.9
1995-03-01,10085.1294007148,74.887853522272,177.411169565217,58.21,58.141,5.98,73.6895,151.2
1995-04-01,10090.9210173208,75.0446799273533,176.987131578947,57.974,57.863,6.05,73.676,151.8
1995-05-01,10120.7676358442,75.1160214715421,175.753145454545,57.641,57.492,6.01,73.8858,152.1
1995-06-01,10154.6113468351,75.2352986011049,178.517004545455,57.377,57.104,6,74.1391,152.4
1995-07-01,10126.4982054724,75.3445711581258,179.18901,57.818,57.446,5.85,73.8447,152.6
1995-08-01,10233.3618466644,75.509179505704,177.582091304348,57.538,57.257,5.74,74.7803,152.9
1995-09-01,10266.5399478632,75.6132493361704,175.18644,57.31,57.033,5.8,75.0755,153.1
1995-10-01,10255.2836709784,75.8023259114935,171.043895454545,56.72,56.474,5.76,74.9925,153.5
1995-11-01,10276.706728205,75.8737190217973,170.920842857143,56.306,56.102,5.8,75.1822,153.7
1995-12-01,10311.6096008167,75.9069550667094,169.264485,56.484,56.226,5.6,75.4725,153.9
1996-01-01,10261.6966738161,76.197155800459,168.195477272727,55.884,55.846,5.56,74.9823,154.7
1996-02-01,10395.6924009197,76.2577693148349,171.843165,54.622,54.588,5.22,76.153,155
1996-03-01,10388.7109252642,76.3610748847062,172.089728571429,55.295,55.274,5.31,76.0724,155.5
1996-04-01,10466.1379278374,76.5097071125425,177.125185714286,55.179,55.088,5.22,76.7608,156.1
1996-05-01,10527.399517485,76.5597983049506,183.383140909091,54.041,53.914,5.24,77.3269,156.4
1996-06-01,10594.6625546776,76.6164945825071,176.53077,54.145,53.759,5.27,77.9694,156.7
1996-07-01,10572.7432594606,76.7161388386985,174.925636363636,53.377,53.01,5.4,77.8351,157
1996-08-01,10622.5264399243,76.7335477441351,177.759695454545,52.162,51.828,5.22,78.3005,157.2
1996-09-01,10685.1303006151,76.8843134171666,172.32345,51.313,50.945,5.3,78.8378,157.7
1996-10-01,10686.6240327949,76.994613390157,164.688182608696,50.038,49.751,5.24,78.7843,158.2
1996-11-01,10751.648258063,77.1727723422869,164.64942,49.78,49.566,5.31,79.4683,158.7
1996-12-01,10779.0277091421,77.3366142675564,162.925285714286,50.185,50.03,5.29,79.9829,159.1
1997-01-01,10741.4939907675,77.510371780392,163.745957142857,49.684,49.639,5.25,80.0837,159.4
1997-02-01,10826.7290671521,77.6852508448437,169.517605263158,48.716,48.673,5.19,81.0483,159.7
1997-03-01,10894.4769420804,77.7453773747643,178.40862,47.851,47.694,5.39,81.6195,159.8
1997-04-01,10927.2788193349,77.8187455218975,178.833436363636,47.354,47.093,5.51,81.6408,159.9
1997-05-01,10993.7102416951,77.815918122848,188.518757142857,46.657,46.414,5.5,82.1311,159.9
1997-06-01,11031.61093897,77.9363363552546,184.145185714286,46.938,46.571,5.56,82.5332,160.2
1997-07-01,11075.1957833123,78.0088267653498,173.674242857143,46.756,46.347,5.52,83.1538,160.4
1997-08-01,11133.0824348955,78.1323747427559,173.478685714286,46.913,46.316,5.54,84.0293,160.8
1997-09-01,11163.7217817923,78.2637984918946,170.487385714286,46.248,45.81,5.54,84.7873,161.2
1997-10-01,11176.5575431465,78.3411164447749,160.869913043478,45.96,45.69,5.5,85.5125,161.5
1997-11-01,11219.128178737,78.4079274752797,158.500515789474,46.411,46.258,5.52,86.2601,161.7
1997-12-01,11235.2142781164,78.4359560799455,155.9844,46.876,46.551,5.5,86.5262,161.8
1998-01-01,11297.9311542815,78.5410762869552,152.917245,46.659,46.449,5.56,86.9662,162
1998-02-01,11322.4798926163,78.5248304753784,155.028694736842,45.743,45.685,5.51,87.0687,162
1998-03-01,11343.1889531022,78.5030932376665,151.269831818182,45.854,45.813,5.49,87.1414,162
1998-04-01,11389.6677387246,78.5553891914317,150.271457142857,46.131,46.059,5.45,87.4497,162.2
1998-05-01,11470.5625470638,78.7180423892411,148.15242,45.532,45.379,5.49,88.0124,162.6
1998-06-01,11432.7697142115,78.7875684193274,145.886236363636,45.417,45.166,5.56,87.4571,162.8
1998-07-01,11428.5270032954,78.9351355555136,145.179171428571,44.893,44.636,5.54,87.1484,163.2
1998-08-01,11654.2494051226,79.0040584458619,143.828657142857,44.956,44.686,5.55,88.936,163.4
1998-09-01,11659.023591582,79.0038059986246,138.971485714286,44.85,44.599,5.51,88.778,163.5
1998-10-01,11756.4815804092,79.1095833001865,133.019528571429,44.888,44.714,5.07,89.4857,163.9
1998-11-01,11759.4974185374,79.2025903058946,134.43183,44.816,44.732,4.83,89.4358,164.1
1998-12-01,11796.1210010533,79.3718263939191,130.496481818182,45.174,45.058,4.68,89.7761,164.4
1999-01-01,11830.9540773568,79.5997467371251,132.0826,45.03,44.824,4.63,90.1893,164.7
1999-02-01,11875.6288169907,79.6462592621172,132.117631578947,44.926,44.81,4.76,90.6683,164.7
1999-03-01,11887.5171056525,79.6259940007578,133.182117391304,44.471,44.406,4.81,90.831,164.8
1999-04-01,11909.6583134228,79.9715362496442,133.250185714286,43.661,43.495,4.74,91.0632,165.9
1999-05-01,11989.7682454862,79.897452410451,140.14962,44.006,43.879,4.74,91.7311,166
1999-06-01,11988.073441091,79.804011339905,142.226314285714,43.064,42.919,4.76,91.5818,166
1999-07-01,12076.7577342068,80.0456623126451,140.183271428571,41.992,41.683,4.99,92.1587,166.7
1999-08-01,12141.3766763989,80.1350679868483,138.722645454545,42.302,41.958,5.07,92.5363,167.1
1999-09-01,12121.1655893943,80.3592697005069,132.487457142857,41.958,41.62,5.22,92.1699,167.8
1999-10-01,12274.8462862459,80.4500135673542,131.331942857143,41.572,41.291,5.2,93.3786,168.1
1999-11-01,12320.6569196808,80.5259072926898,134.443585714286,41.771,41.535,5.42,93.824,168.4
1999-12-01,12374.3967940734,80.6650791399562,135.646358823529,42.149,41.829,5.3,94.5441,168.8
2000-01-01,12325.2725889545,80.8715647013854,136.155363157895,42.533,42.159,5.45,94.5458,169.3
2000-02-01,12342.9336056458,81.1091039489417,138.856185,41.445,41.338,5.73,94.8185,170
2000-03-01,12409.0938053996,81.5083313496732,140.731160869565,40.727,40.548,5.85,95.1983,171
2000-04-01,12546.8374381469,81.4438932359982,141.070341176471,40.484,40.18,6.02,95.8921,170.9
2000-05-01,12603.5963152141,81.5327970499836,140.495271428571,40.684,40.322,6.27,96.0691,171.2
2000-06-01,12627.066246639,81.8923097140184,136.235331818182,40.171,39.692,6.53,96.1568,172.2
2000-07-01,12602.6007342167,82.0533400667946,133.432994117647,40.091,39.521,6.54,96.0239,172.7
2000-08-01,12576.0219161436,82.0253918610853,129.868152631579,39.813,39.234,6.5,95.7182,172.7
2000-09-01,12644.4773496398,82.3772680721202,132.86008125,39.555,39.078,6.52,96.1105,173.6
2000-10-01,12654.2058281205,82.5024158537451,132.61599,39.369,38.951,6.51,95.8225,173.9
2000-11-01,12691.6674036661,82.584127904304,130.65901875,39.384,39.1,6.51,95.8391,174.2
2000-12-01,12692.0267682134,82.6924562419511,132.71635,38.685,38.475,6.4,95.5791,174.6
2001-01-01,12644.956394808,83.0039990375524,129.6568,37.885,37.812,5.98,94.9499,175.6
2001-02-01,12623.8712172889,83.1295300334282,129.1797,38.585,38.534,5.49,94.369,176
2001-03-01,12661.0723879031,83.2024709290195,127.4247,38.406,38.348,5.31,94.1259,176.1
2001-04-01,12721.4806576908,83.3549990574188,126.193447058824,38.375,38.325,4.8,93.9061,176.4
2001-05-01,12715.444267489,83.7741122826534,132.901135714286,38.628,38.415,4.21,93.2803,177.3
2001-06-01,12693.9750748202,83.9678886599279,128.55740625,38.834,38.604,3.97,92.7057,177.7
2001-07-01,12655.9394700007,83.860838812132,124.35813,39.475,39.192,3.77,92.1721,177.4
2001-08-01,12671.4636997074,83.8491518362964,124.830741176471,39.961,39.778,3.65,92.0023,177.4
2001-09-01,12682.8968302919,84.2090093515719,121.29078,57.917,54.532,3.07,91.6795,178.1
2001-10-01,12697.4393000186,84.1869285659988,112.740136363636,45.461,45.334,2.49,91.2682,177.6
2001-11-01,12690.5698881081,84.2391071175457,112.26515625,40.952,40.868,2.09,90.7894,177.5
2001-12-01,12727.8908118732,84.2549643164557,113.670514285714,41.384,41.317,1.82,90.8311,177.4
2002-01-01,12804.2512806769,84.4097140934793,116.87,41.68,41.63,1.73,91.3471,177.7
2002-02-01,12803.0194434309,84.4899464771612,119.34585,41.813,41.783,1.74,91.3672,178
2002-03-01,12859.6292758922,84.5913394293597,124.244055,41.053,40.974,1.73,92.1054,178.5
2002-04-01,12853.2917316023,84.8162487029108,123.67685,40.538,40.468,1.75,92.479,179.3
2002-05-01,12868.9917329043,84.8211020376515,124.934818181818,39.508,39.396,1.75,92.8824,179.5
2002-06-01,12956.7165354933,84.7986492594378,124.48815,39.12,38.978,1.75,93.7637,179.6
2002-07-01,12940.5566292001,84.9846772109616,126.965578947368,39.277,39.085,1.73,93.5461,180
2002-08-01,12951.9456301301,85.2205521093854,129.683272727273,39.862,39.529,1.74,93.5765,180.5
2002-09-01,12974.8977406698,85.3647706796531,137.335,38.875,38.646,1.75,93.7116,180.8
2002-10-01,12947.9662879965,85.5588400101175,137.731739130435,39.115,38.972,1.75,93.4006,181.2
2002-11-01,13001.176685053,85.6700710663791,136.774736842105,39.774,39.502,1.34,93.8758,181.5
2002-12-01,12942.8570269505,85.7240889235036,143.553333333333,40.275,40.195,1.24,93.4191,181.8
2003-01-01,12987.938837606,85.8692166759191,151.147894736842,40.722,40.695,1.24,93.9571,182.6
2003-02-01,13039.2854383475,86.2358874129384,157.158947368421,41.206,41.18,1.26,94.2558,183.6
2003-03-01,13066.3757240465,86.4318959111426,151.157619047619,41.169,41.148,1.25,94.0416,183.9
2003-04-01,13075.0271417436,86.4328749304218,144.9332,40.568,40.538,1.26,93.3666,183.2
2003-05-01,13151.0435253329,86.4342160018885,150.301238095238,40.909,40.853,1.26,93.3852,182.9
2003-06-01,13230.2293329236,86.4979090676899,150.256421052632,42.256,42.094,1.22,93.5219,183.1
2003-07-01,13327.9528898505,86.6508315612072,146.794227272727,43.083,42.952,1.01,93.9144,183.7
2003-08-01,13348.4513426514,86.9331256857711,150.8645,45.775,45.447,1.03,93.7371,184.5
2003-09-01,13440.7957674982,87.2180427530218,150.939523809524,44.141,43.96,1.01,94.3262,185.1
2003-10-01,13466.9328575958,87.1862268425446,159.355391304348,43.402,43.295,1.01,94.4442,184.9
2003-11-01,13561.803141507,87.3038106669566,162.983333333333,42.856,42.788,1,95.2224,185
2003-12-01,13557.3640008972,87.5479624904989,171.75080952381,42.542,42.496,0.98,95.1545,185.5
2004-01-01,13576.6557186618,87.8890193229603,179.027444444444,42.981,42.875,1,95.3434,186.3
2004-02-01,13643.9928561609,88.1068323072823,179.639473684211,42.993,42.951,1.01,95.9228,186.7
2004-03-01,13598.8514251774,88.3281483697576,188.964272727273,44.868,44.816,1,95.4538,187.1
2004-04-01,13656.4210082899,88.5031123117345,190.086,45.613,45.527,1,95.8653,187.4
2004-05-01,13762.2734950667,88.880364455276,192.697,45.422,45.311,1,96.6472,188.2
2004-06-01,13699.9054966434,89.2415232329896,186.975714285714,45.869,45.689,1.03,95.8588,188.9
2004-07-01,13814.0412362521,89.362917092387,184.659523809524,46.126,45.882,1.26,96.5901,189.1
2004-08-01,13837.0041643382,89.3607681214676,185.359545454545,45.536,45.284,1.43,96.6687,189.2
2004-09-01,13841.3545994098,89.5423147861455,187.445238095238,46.477,46.142,1.61,96.745,189.8
2004-10-01,13920.9590424135,89.7647948351902,202.659,46.289,46.11,1.76,97.6604,190.8
2004-11-01,13927.8666204514,90.124203129756,200.827,46.003,45.82,1.93,97.8427,191.7
2004-12-01,14002.374337135,90.2580020350539,193.189523809524,46.425,46.362,2.16,98.5495,191.7
2005-01-01,14057.5985135429,90.4196899040323,193.9535,47.449,47.387,2.28,99.002,191.6
2005-02-01,14131.7511513787,90.9211351336914,198.298947368421,45.901,45.859,2.5,99.6741,192.4
2005-03-01,14107.9503350784,91.3081749622764,216.792272727273,46.816,46.767,2.63,99.5181,193.1
2005-04-01,14110.8976345611,91.6090919362819,213.906190476191,46.132,46.001,2.79,99.6518,193.7
2005-05-01,14152.042276165,91.5427606622584,205.613333333333,45.447,45.307,3,99.8158,193.6
2005-06-01,14255.160089274,91.4771474014599,217.191428571429,46.103,45.854,3.04,100.2232,193.7
2005-07-01,14311.5636003574,91.7923269279975,220.2575,46.411,45.986,3.26,99.8997,194.9
2005-08-01,14382.4400246703,92.1643949112156,232.098260869565,45.357,44.994,3.5,100.1025,196.1
2005-09-01,14181.3963749724,93.2402781607871,244.888235294118,46.4,46.068,3.62,98.2644,198.8
2005-10-01,14278.4509252443,93.3136950259444,250.340952380952,45.486,45.202,3.78,99.4949,199.1
2005-11-01,14379.688774965,92.9709030508566,241.397894736842,45.1,44.974,4,100.5129,198.1
2005-12-01,14462.0602997907,93.0154019231992,255.2869,44.963,44.795,4.16,101.1118,198.1
2006-01-01,14518.8399790626,93.6478917645537,251.142631578947,44.377,44.267,4.29,101.2313,199.3
2006-02-01,14547.3239746909,93.8466673829294,247.881111111111,44.136,44.083,4.49,101.2755,199.4
2006-03-01,14572.1360462466,94.001440852517,248.748652173913,43.878,43.709,4.59,101.4651,199.7
2006-04-01,14604.5553199793,94.4099856217979,266.720526315789,44.553,44.305,4.79,101.9012,200.7
2006-05-01,14570.9825278765,94.6317213840174,279.291818181818,44.937,44.762,4.94,101.7589,201.3
2006-06-01,14593.2621521442,94.7192929941848,270.114545454546,45.535,45.282,4.99,102.1304,201.8
2006-07-01,14569.1136813769,95.0742188397216,278.925,44.564,44.214,5.24,102.0989,202.9
2006-08-01,14613.7440818843,95.4418422559742,282.490434782609,43.167,42.798,5.25,102.4526,203.8
2006-09-01,14624.9422367389,95.2249389043042,265.9299,43.321,42.918,5.25,102.2753,202.8
2006-10-01,14676.6646647661,95.202642323401,276.598863636364,42.795,42.566,5.25,102.2299,201.9
2006-11-01,14686.0856243331,95.4497888423333,291.262380952381,42.921,42.762,5.25,102.1419,202
2006-12-01,14787.9497109008,96.0875688342659,292.351578947368,43.124,42.933,5.24,103.2191,203.1
2007-01-01,14675.6201571983,96.3525881966768,282.3626,41.998,41.787,5.25,102.7129,203.437
2007-02-01,14752.9376348772,96.6411742259814,294.318368421053,42.178,42.149,5.26,103.7659,204.226
2007-03-01,14749.4422079245,96.9682375773419,297.496772727273,41.943,41.889,5.26,103.9538,205.288
2007-04-01,14824.7854955935,96.9962311134381,309.6479,42.328,42.248,5.25,104.7077,205.904
2007-05-01,14835.2228687033,97.2200845898445,311.146818181818,43.439,43.336,5.25,104.7507,206.755
2007-06-01,14856.0916357032,97.3656842967174,314.933619047619,44.195,44.007,5.25,104.7581,207.234
2007-07-01,14885.2964856238,97.4884552272901,315.461476190476,42.57,42.308,5.26,104.7111,207.603
2007-08-01,14934.8703070762,97.4741381502166,309.811739130435,45.602,44.627,5.02,104.9122,207.667
2007-09-01,14995.3332073,97.6304066224935,327.066473684211,43.333,41.767,4.94,105.2764,208.547
2007-10-01,14951.5903239849,97.5837864338568,340.887391304348,43.013,42.758,4.76,104.772,209.19
2007-11-01,15016.2057261684,98.0317954848717,353.784142857143,43.195,42.83,4.49,105.3295,210.834
2007-12-01,15007.6039498467,98.2524180812717,354.158833333333,43.133,27.702,4.24,105.3213,211.445
