dates,dYsim_10,dYsim_25,dYsim_75,dYsim_90,data,dYsim_10_cf1,dYsim_25_cf1,dYsim_75_cf1,dYsim_90_cf1,dYsim_10_cf2,dYsim_25_cf2,dYsim_75_cf2,dYsim_90_cf2
01-Jan-2000,0.335958316846396,2.35941392158215,4.31918537203764,5.47068787961521,2.97656908307524,0.0381665965141156,2.11296865467745,4.34833483154853,5.50918702695989,0.725426274188539,2.71884426416002,4.29996005805925,5.17863324795386
01-Feb-2000,0.195413291704936,2.28083217249274,4.2770311981441,5.29364346424812,2.86283928267808,0.173060688162343,2.23691825544231,4.32132172115983,5.43138997598649,0.590743699948245,2.54360200204158,4.32039633185957,5.2207291444609
01-Mar-2000,0.357907786033556,2.51592667400363,4.41315133738788,5.59641463844543,2.64636498069734,0.232984703987755,2.29077468757082,4.34400854822569,5.43368578055817,0.672596785474014,2.66916015118851,4.41153815159847,5.38136212925457
01-Apr-2000,0.28313701313196,2.40813294339985,4.39867247364929,5.35577517802064,2.34628748709854,-0.262233023896043,2.18026813675383,4.41312982993518,5.38930419370144,0.708042258875732,2.76706670759017,4.4727050962528,5.34803057923279
01-May-2000,-0.459468642301071,1.63615705039199,4.29457493556554,5.26114062651193,1.87918084504489,-0.0813072162453792,1.8724140736736,4.34003274548517,5.40126907084587,0.519695588993144,2.67137823174658,4.39661745909723,5.34622622071722
01-Jun-2000,-0.826444671031461,1.33685539173258,4.26445972914092,5.21312952936231,1.44368208207297,-0.370162731998851,1.69590673298955,4.33424392211992,5.62643846588549,0.41732936450687,2.54807083386536,4.39883559701728,5.17572894415823
01-Jul-2000,-0.841063590141626,1.21059048740929,4.10582453503621,5.22280988868273,1.0960452728484,-0.21853071206799,1.75651252402611,4.30518670698297,5.52612093959932,-0.0178083414506265,2.20092248632203,4.17616580351204,5.06177572042336
01-Aug-2000,-0.906484322467044,0.990020615580407,4.08630711866751,5.15571659310368,0.915420473660436,-0.438742932757277,1.66748036488916,4.22718298342113,5.61519601517105,-0.242933359043387,2.08411456934933,4.13667498100515,4.99801441301338
01-Sep-2000,-0.551544364643154,1.33616314969999,4.22963684576391,5.36072848353528,0.860733831057589,-0.198749692285363,1.85804625206072,4.36736434273216,5.61147625491999,0.351754718096167,2.38397242121415,4.34865684794996,5.282061032197
01-Oct-2000,-1.0453814237729,0.833044292237872,4.0292612534738,5.11134317327486,0.563553761206183,-0.478041044150876,1.53521981986572,4.31293330108376,5.63815675525778,-0.187597841914305,2.06339972735275,4.12635719778507,5.01246473413273
01-Nov-2000,-1.29353476698927,0.935706188244815,4.03414648251031,5.22250566316097,0.352848708305975,-0.175441595336789,1.55867040038275,4.36905567640713,5.57166755127621,0.238455655352248,2.28991454124809,4.21444052182482,5.01776266549861
01-Dec-2000,-1.51599148730517,0.42532551286372,3.91346628421577,5.17046251393316,0.129261901416839,-0.172526110788394,1.55433886761422,4.19648114721382,5.53985545320962,-0.581491363883537,1.68435928093953,4.07570034011261,4.93877794114739
01-Jan-2001,-1.37853995634206,0.423001646507391,3.894918058288,5.27879045852403,0.220086117190621,-0.714446118736026,1.35074148915841,4.05089805122878,5.35268468945403,-0.477269298174694,1.76359714160247,3.96702212359905,4.82143814207331
01-Feb-2001,-1.58925830014803,0.281724742575613,3.7260183556592,4.88409908297917,0.629587203237775,-0.426895260249535,1.38252857855027,3.97840027451517,5.42795873731343,-0.863771518783052,1.19117142150816,3.83291304964014,4.77945003422008
01-Mar-2001,-1.64166806931223,0.293626378363242,3.81152714391669,5.04160343105857,1.02886615029503,-0.659499475796753,1.40185590848027,4.16129387604003,5.44004663448855,-0.623783888053736,1.51135610340674,3.9308971859297,5.02625231231755
01-Apr-2001,-1.58960063902312,0.560172227189926,3.79008133140675,5.03542405134673,1.35743067377952,-0.266073578616193,1.59041204184516,4.1010902041293,5.46916551035049,-0.581075416034558,1.56235376916575,3.98608520931258,5.10624823772261
01-May-2001,-1.31403430377357,0.469894480957283,3.85329540113581,5.22923297387975,1.30861059657406,-0.419055713985651,1.49279508256437,4.09036306939941,5.49173047537048,-0.555838868694038,1.59173652496399,3.84787729030902,4.95611311371959
01-Jun-2001,-1.45089328032935,0.471681731522209,3.73016065349495,4.93258191760227,1.25280907068586,-0.336385181468288,1.46803329240021,3.9728810009355,5.34970623786501,-0.88253966527355,1.26490229401145,3.83758147320953,5.01925228575107
01-Jul-2001,-1.34659058133125,0.48789050268661,3.72560302903189,5.00640635372239,1.37903371386757,-0.445383909527664,1.66203199911514,3.81722837386716,5.14919776034221,-0.903165060251388,1.13753656625601,3.78732387465097,4.91466150856431
01-Aug-2001,-0.969947845592266,0.962035415180764,3.99593574012234,5.29965173553822,1.64327328050873,-0.206894769872194,1.73811295241798,3.94494989707971,5.12435931391263,-0.631349281054893,1.44821305564292,3.83590050686379,4.90193137978427
01-Sep-2001,-1.67597846333269,0.3787743777642,3.7279090514886,4.90371514984439,1.91690376181186,-0.363010417617175,1.48383753294639,3.95199572320323,5.25979418701292,-0.771819107158704,1.18656869197592,3.83180296852062,4.87981851408672
01-Oct-2001,-1.29463226612143,0.702129380726478,3.81172079879518,5.07242743074013,2.21575937989488,-0.545511334005061,1.38501169727311,3.95176337103085,5.03371787357214,-0.279340467852728,1.56056038563711,3.98623527792963,4.97861810356694
01-Nov-2001,-0.960525745977045,0.906716932071369,3.79704196178277,5.05967691276551,2.22147352225472,-0.254470315994081,1.78482560157536,3.8945089643924,5.07973411289332,-0.598368750553085,1.2798476904712,3.78798678831376,4.73350203770164
01-Dec-2001,-0.614262611258135,1.23856247728848,3.86961550296125,4.99380373767023,2.31999519268409,-0.226450131522827,1.63245980707988,3.7838466694666,4.83230682677786,-0.620252472235735,1.51968467185768,3.84114995037141,5.04058671766128
01-Jan-2002,-0.36641459732071,1.68247584280275,4.13274336825221,5.2763490447521,2.09875718970819,-0.105317725901536,1.90528111762112,4.05414183096992,5.03839958839399,-0.0172306703873353,1.99206773077343,4.11618817352276,5.21391338237108
01-Feb-2002,-0.369264162054672,1.76983793364491,3.91821207574673,4.92684215251813,2.04221505102954,-0.195924347857396,2.01202297539358,3.91467055164389,4.85624753157266,-0.016679862276926,1.96845487598655,3.96639088100981,4.88021762201193
01-Mar-2002,0.248094901995863,2.28849489522611,4.10015489240077,5.22545971027065,1.9601104109489,0.148417592396792,2.04531847275919,3.97753335753257,4.78215254192296,0.22249344676593,2.27114194997261,4.12874929694899,5.25160028498754
01-Apr-2002,0.463125688876037,2.23880820936336,4.05507134791656,5.11836905607454,1.78186038865441,-0.14691196025319,1.94636865612993,3.87682544722796,4.73200938622141,0.34500204404022,2.25288277649517,3.99811339462968,4.92529483440568
01-May-2002,0.262060567885891,2.20633863519359,3.92162921036711,4.80087764577684,1.74941269195476,0.15012490845426,2.12816174958816,3.87250833074733,4.73687352569689,0.40499977464749,2.27034736455702,3.96953099121232,4.97061024500237
01-Jun-2002,0.367954160879952,2.31216070650649,4.11805412274137,5.02427200477038,1.89152333254309,-0.354009671845034,1.84730390894129,3.9900197105977,4.79286126272762,0.780959622799073,2.56941557126442,4.15841454899198,5.03649274179831
01-Jul-2002,-0.740690317013665,1.30505468234746,3.79376241284474,4.75245890168178,2.03733317125248,-0.197402854131676,1.75945108511729,3.80977275215417,4.7541499084626,0.0831361509300743,2.01538013609116,3.80440199385604,4.63971191092237
01-Aug-2002,-0.865836991593595,1.2790923181547,3.69047020485249,4.66524635436307,2.45447507291502,-0.544187741231067,1.4414716599283,3.73488137175737,4.92134163368697,-0.0237889816173189,1.91541023235198,3.7096289697342,4.5260277088629
01-Sep-2002,-1.55854763196844,0.368989980182328,3.52119844405847,4.44428867819045,2.82598655550198,-0.857957970606109,1.01896884892824,3.74524782027505,4.94467573374923,-0.306136615698247,1.88686799618498,3.77528198727345,4.58181802468419
01-Oct-2002,-1.28878497961598,0.442063012544326,3.55163376525292,4.59447290718199,3.29742588135711,-0.98504291124238,1.0288367927758,3.64615756185255,4.84883272301368,-0.675622142242521,1.52788015576599,3.63623375235934,4.55542216699528
01-Nov-2002,-0.845422266288114,0.9761535335257,3.82232210576666,4.95152304222898,3.68973939174635,-0.689622659797036,1.13145171921613,3.89423355053093,4.97991984960532,0.1074698596851,2.10984998520483,3.85658277878941,4.73017559111074
01-Dec-2002,-1.23477706565623,0.623631665447686,3.50595858417247,4.51729657205874,4.02290887254274,-0.623924990268503,1.20626969369605,3.70771137773595,4.88695245421442,-0.561026640846159,1.5035775982679,3.58695159926258,4.54844985061163
01-Jan-2003,-0.777319534276263,1.359818838503,3.92480567491693,5.07712664172198,4.28519690886622,-0.60007822471054,1.39288406462515,3.83977659836626,4.92043062990815,0.10606567133714,2.03240139486455,3.85173883761904,4.79610282247613
01-Feb-2003,-0.757275069176787,1.25089819996769,3.71102530247435,4.71104547037871,4.20633850195003,-0.750796048927681,1.25599417545728,3.66795038606878,4.8332871393854,-0.176275895531666,1.79683988166573,3.73264425855085,4.65886422249068
01-Mar-2003,-0.775481769902647,1.1814277448738,3.61863118445622,4.67515951197746,4.25788356126625,-0.27432520672096,1.50024344150869,3.65837158090397,4.7071738633759,-0.54466983610648,1.60247631636592,3.65004450544385,4.68120807068252
01-Apr-2003,-0.963322645880659,1.11569566125282,3.4326735619015,4.35864825462441,4.26375891419789,-0.561888898367925,1.515681303207,3.41812355086897,4.5123126765339,-0.813799004797114,1.21180453198916,3.34088352782603,4.29308796377888
01-May-2003,-0.128440497730136,1.66257631548107,3.5946538673257,4.67577990484543,4.38865876313538,-0.0604657419095669,1.75812261664115,3.50905345862215,4.40345114757946,-0.626431372598389,1.34840737948561,3.50050799740951,4.44589758549685
01-Jun-2003,-0.00419711625993369,1.79609928412486,3.64489716532095,4.64325861663427,4.45252875715587,0.168385315866765,1.82354809003641,3.60570183219096,4.4441592097262,-0.320329423658831,1.57744715919445,3.5482693895327,4.6654954381035
01-Jul-2003,0.886756015597293,2.19019911747768,3.69774234806941,4.63634343622194,4.16504964560883,0.041125836817278,1.94848001394288,3.58278571086416,4.23627871989101,0.0581402128120208,1.85999696368904,3.64470466976274,4.55125426625908
01-Aug-2003,0.54450901709269,1.99798753645191,3.57120719671657,4.31017927859078,3.97784495932449,0.257626462212765,1.93561730417772,3.47444177050367,4.24905322053024,-0.289658170904663,1.73968916263178,3.55535009456285,4.50871114088797
01-Sep-2003,1.07990850498851,2.27143592062092,3.78493589243429,4.59093124866182,3.71643128614767,0.323152749327448,2.09134260212523,3.59793242801195,4.39208424922691,-0.140759270631726,1.74003349215566,3.64135008599689,4.56205730417733
01-Oct-2003,0.635070122090262,2.08288707656183,3.54871250735666,4.23237110729553,3.40409119465584,0.41694786813275,2.06296814727976,3.50728328207598,4.21918743871407,0.0255946763552986,1.83370447414499,3.5411355920854,4.56633132570015
01-Nov-2003,1.08058788547514,2.27146730969272,3.69428609613465,4.45901193198515,3.31165621119597,0.658241123071285,2.19789218635352,3.60045358178829,4.33608600244109,0.196532828671175,1.97183427340403,3.67597578883458,4.55830059671826
01-Dec-2003,0.872099910982223,2.15877025200446,3.50939998510616,4.31291910068155,3.11045276559194,0.64795684492984,2.10463501743901,3.48013464487979,4.17248455510657,-0.199552257063855,1.84346205515794,3.48891141589339,4.37278572178967
01-Jan-2004,1.00520403441915,2.12733066789574,3.47891541972828,4.23341299565249,3.25698272716534,0.386370587650597,2.05750416339549,3.44109609060324,4.06524703148092,0.234355295653365,1.85638518534894,3.4540137893156,4.17413245293776
01-Feb-2004,1.2956422069644,2.24199115645056,3.53812646948926,4.24391406120416,3.51316034472602,0.597238665860416,2.10006896407542,3.48761765035463,4.18350691798816,0.147968949371112,1.85650336616969,3.50763247015534,4.30782480134898
01-Mar-2004,0.780930500518211,1.98244439340192,3.34126622040684,4.00492246421854,3.75715518691864,0.736938130915279,1.89477896961636,3.33164976572863,4.01028615387765,-0.164075779952372,1.54245410127674,3.32042886402709,4.11516621725195
01-Apr-2004,1.04025637465605,2.09321953856572,3.38737194417884,4.12757149503498,3.83296535584763,0.513511823455534,1.94390782138271,3.33991010562897,3.97605692552222,-0.253803340292221,1.65834048769457,3.43196203812916,4.27901700891757
01-May-2004,1.25354631733811,2.23761650665088,3.5213470631116,4.15210752271538,3.65887573150573,0.765301566589935,2.0540632620673,3.44324301013323,4.12578420608048,0.559847859124011,2.02072157668869,3.55185746942844,4.48116610028351
01-Jun-2004,0.73719780122726,1.92093843111481,3.26570178593704,3.87571292868303,3.40044954787506,0.585806234418426,1.80561766289494,3.24491412214048,3.92648753917412,-0.845092815636877,1.19315635024088,3.27254515329076,3.99032324345909
01-Jul-2004,1.17873028812599,2.15489448619154,3.52037375530587,4.18531254141805,3.53309820541738,0.403865519174232,1.93771530014588,3.36913087829173,4.01977876692725,0.0542524823767452,1.83384809844982,3.56042760496143,4.53431206018463
01-Aug-2004,1.00569937428421,2.04967324832314,3.38603159599851,4.12277278541429,3.53939806015779,0.60122287808882,1.9794358091804,3.39343174814228,4.06100399896419,-0.305125315043246,1.62328769808232,3.38252056607961,4.17124849963627
01-Sep-2004,0.852776822534446,2.01036506574215,3.40828665432728,4.11102311229461,3.71360443895624,0.751732513247847,1.92996405228407,3.37736382808262,3.98433075837958,-0.160335955947463,1.56078034838508,3.39884415635565,4.23894186507404
01-Oct-2004,1.39283412464024,2.25164122546164,3.61076948368149,4.37394287665801,3.48397202683343,0.902861787515937,2.13276260136524,3.49507089770099,4.12124350273742,0.470539446836476,1.99988860406547,3.513968657597,4.36229516496715
01-Nov-2004,1.33860024828838,2.13255091083186,3.45691277812323,4.12932060818368,3.38352871350044,0.690177113139648,1.99111615743956,3.38783747328738,4.00441399679255,-0.0766155007165206,1.74965909583223,3.39466919060727,4.1654654914401
01-Dec-2004,1.51700702403538,2.30601089441401,3.5115702532768,4.14993326396931,3.34719094592472,0.699953656811332,1.98792006409155,3.41203639680636,4.0077547510487,0.472492730842628,1.88254906597073,3.50696493048329,4.33211260549487
01-Jan-2005,1.29599664203856,2.12004775448513,3.41213780306083,4.06740012424262,3.11217444362984,0.584510076440452,1.99931595926421,3.32520782949207,3.94784395443277,0.140405167815086,1.82642078481417,3.42565018671263,4.08094662514801
01-Feb-2005,1.51963497068066,2.24690938194259,3.48853399372868,4.14060149505067,3.07761179451348,0.843097007728424,2.10127919589193,3.39159277973762,4.03630707798245,0.528328186072594,2.05394537541173,3.51993189586318,4.29411794957575
01-Mar-2005,1.3135510420742,2.10238268084104,3.32752738254411,3.85779009958155,3.05579907931929,0.889862711358709,1.97749923640484,3.29360434532385,3.86440154123656,0.109281852085163,1.74881377968996,3.30645456386272,4.02762513264482
01-Apr-2005,0.921937366603,2.03438345647943,3.35507529627445,4.02886299916477,3.33647732524285,0.622305889574096,1.92239701205323,3.37049500487991,3.95417450458526,-0.1983779181912,1.6281833457656,3.34346419065402,4.06098623025073
01-May-2005,0.517460011892957,1.95048678993392,3.29136018548809,3.85449963543392,3.48818209473337,0.406360585005953,1.96637101526525,3.2984980675109,3.98926861785323,-0.421262454649574,1.55245720355218,3.25952233847601,4.00205811463934
01-Jun-2005,0.746013749060994,2.42778212113184,3.49494508710929,3.95815422999216,3.37644568573816,0.323555769002812,2.30944069121947,3.45167530620087,3.8656818625632,-0.343340891102209,1.73723962744022,3.46246145400531,4.05080594054384
01-Jul-2005,0.542612300377565,2.36471678917753,3.41482682606966,3.88477912497441,3.11055334248558,0.0678927581956332,2.22725282778707,3.43733061881285,3.83726300296132,-0.740532382245426,1.34534317022907,3.36000945113015,3.89902491573054
01-Aug-2005,0.328066565810257,2.33625665830865,3.45328513628168,3.9391929323577,2.66947058208405,0.139577360494244,2.23030921033029,3.38635973059804,3.82595473830151,-0.595644493257222,1.44013458499525,3.43831307263427,4.05819330557028
01-Sep-2005,-0.89470528115259,1.62458038273062,3.25577059940253,3.70284569310983,2.30017272059216,0.095976184229875,2.19017496079538,3.32824578552004,3.80937124749417,-1.58964068184682,0.300089020167137,3.16249019325318,3.65509702996489
01-Oct-2005,0.148238839906999,2.15933247837195,3.37350250362413,3.93259673213643,2.37157073913722,-0.0490968960661475,2.00884474543981,3.37276741085453,3.82094793901258,-0.483544916216993,1.25725835559202,3.34844276528795,4.03529431968024
01-Nov-2005,0.617662439998726,2.44233767258449,3.44331836596859,3.98483295697634,2.40830600855902,0.0162488416150269,2.16815550837305,3.33140614668226,3.79422901177719,-0.0448522209212083,1.71247888164461,3.3740830920651,4.06016923508218
01-Dec-2005,0.795518816194474,2.41162739274178,3.39879547980131,3.93628619323554,2.43137915736724,-0.303613910711722,1.89165653872441,3.3140272237475,3.79010429741284,0.103695314500049,2.13022190175352,3.32372342162787,4.00408064006696
01-Jan-2006,0.582781675741596,2.38043850652715,3.36741505401875,3.83414446932119,2.59205656495427,-0.0678199021894399,2.08939414033142,3.34224410094067,3.80652096588129,-0.421504548939281,1.48399549317441,3.33652395251885,3.93155720287359
01-Feb-2006,0.492079942209005,2.3338526388499,3.35985137228672,3.85014546784849,2.16828781702763,0.150753527872016,2.12255436330648,3.34386841766976,3.77184121219573,-0.670435235070901,1.3967307959596,3.27735779918123,3.77335052764954
01-Mar-2006,0.365498547334099,2.21229807695856,3.30652062850105,3.80294838929315,1.8694884978379,-0.0106439434983725,2.05038187962543,3.28821195501605,3.74720753609747,-0.492357524251671,1.66252225938559,3.29667539812001,3.87407838115049
01-Apr-2006,0.525076033235115,2.33440679702702,3.34665349637513,3.86115575817066,1.49389122103355,0.005901627376389,2.09719305694164,3.25910193683671,3.72329469670288,-0.64490820844661,1.38447854340134,3.30489179445084,3.99241572136308
01-May-2006,0.317197084582931,2.27470949199366,3.27864276295259,3.71885145889855,1.49536370531354,0.181600888566332,2.13913327263131,3.25927189813226,3.69094260566284,-0.746441828839466,1.19528610327341,3.18503764613205,3.77449065710835
01-Jun-2006,0.0554301819933832,2.13927816475673,3.25298780317726,3.69798817330242,1.69445321149638,-0.0661338804851239,1.97802259226571,3.15150907344792,3.60137457210822,-0.590198824004784,1.33075940158168,3.24059833461863,3.81205560072138
01-Jul-2006,-0.125728366303614,2.10776873006167,3.20558284495461,3.68372003444996,1.82803064019228,-0.0922195602835258,2.02577715628215,3.19626955807272,3.71733139973595,-0.830590340549435,1.26264842868091,3.16580629743008,3.7204219803165
01-Aug-2006,0.170371460157219,2.18543144349806,3.26137139719672,3.77750614451503,1.99994616607143,-0.250873606304906,1.88791296329168,3.18485876850117,3.64227418889211,-0.541567666300119,1.41479396222748,3.17922728779253,3.79163226978484
01-Sep-2006,0.00476599345854889,2.15540454676755,3.25198614460854,3.69534391902852,2.083484864553,-0.260677915302009,1.95043492634947,3.17973006819034,3.6692111069972,-0.806435145655055,1.08354365350903,3.18001758951466,3.87658320500495
01-Oct-2006,-0.0111896843440603,2.10366409597935,3.22749724196069,3.66734552748556,2.21215628383449,-0.260848643454054,1.94007177259028,3.17549922535479,3.59773035369536,-0.988555161545944,1.07808067437408,3.13951028642139,3.79257076905007
01-Nov-2006,-0.181627260206248,2.06739268043418,3.20946169126262,3.71247077104672,2.151926560697,-0.260797317815429,1.81867782724508,3.13153274115959,3.60770589034394,-0.915356981314271,0.862439872837783,3.10274492505459,3.67749650453632
01-Dec-2006,0.552920374562203,2.24220379392276,3.27322730457947,3.86059024519916,2.19343398315348,-0.16449421029904,1.92953635046571,3.17769775103832,3.68882565616816,-0.488993632095555,1.47342701798341,3.21872205905512,3.89244668805482
01-Jan-2007,0.0690301940824443,2.13258517211496,3.20708977476563,3.7063247030073,1.96730296181486,-0.0913566372724908,2.00455502333915,3.1992949033595,3.65097017885211,-0.805869956411939,1.06834399116739,3.1493862984891,3.73837695900606
01-Feb-2007,0.99399474297905,2.29264234718274,3.24456963016538,3.77535305052465,1.87782121590579,-0.158161310952572,1.99247945142007,3.18389914507218,3.66120567870216,-0.24124308288435,1.72656905489239,3.20575826104494,3.90059652088789
01-Mar-2007,0.461717446974484,2.11412008365076,3.15979026594816,3.64272949189133,1.5047636922092,-0.0737028163144857,1.96755808586206,3.10544355800609,3.59344627544462,-0.483177470035988,1.53970205878362,3.11757330248182,3.75968467205674
01-Apr-2007,0.536782426933897,2.14959815363956,3.14326589485095,3.6999713457306,1.17251177388641,-0.10048221866209,1.93645498940046,3.09893111333689,3.62945593772897,-0.288787089154949,1.74810865433697,3.1887532059499,3.85281589752033
01-May-2007,0.379221090484209,2.0220371477299,3.13751683371188,3.69200129797706,0.941033220771922,-0.183340346413487,1.86254198770949,3.06707270848152,3.55674665981089,-0.391454229036845,1.62365230632813,3.14496448159081,3.8031800665086
01-Jun-2007,-0.156629897099156,1.8303840996493,3.03580411160927,3.58232710381256,0.967543050291768,-0.283034818159224,1.72017174451212,3.00310855216234,3.58095489554965,-0.769961256843371,1.32260220014442,2.9726495711777,3.66363538349745
01-Jul-2007,-0.378996818291756,1.61959028316271,2.95596599194858,3.41540724960494,1.11733536992185,-0.402746752362229,1.59789459673281,3.02743962271442,3.57620220940169,-1.00113151039621,1.27796425386974,2.94056058494508,3.59606799410471
01-Aug-2007,-0.924277358992073,1.20913565305113,2.90081296581525,3.43747014883442,1.16323029093408,-0.886579527710295,1.14716332713978,2.83868474057525,3.43176343073062,-0.754867655894988,1.34490784992931,2.92231789202058,3.57337696286219
01-Sep-2007,-1.3383254660872,0.637196826379301,2.84270936538845,3.52297282213961,0.848314901186083,-1.20667753639603,0.860912794332407,2.90684715535514,3.71497853897426,-0.539179077252915,1.45638219215938,2.92504513975329,3.59658309231881
01-Oct-2007,-1.46706295345499,0.522338663993793,2.82908278163979,3.52442013041066,0.0633685505356061,-1.11168961727311,0.712395308276675,2.82257030056824,3.6517490556835,-0.964711206035446,1.19687564553339,2.8435936142226,3.52315740838352
01-Nov-2007,-1.77572097137412,0.0304410230505828,2.81877822061701,3.61144908043805,-0.5102451123659,-1.45268666670695,0.312965188628074,2.85839087801128,3.79653694432552,-0.464231546305907,1.35216136251089,2.95785313468839,3.8279944031147
01-Dec-2007,-2.45253615476111,-0.857535801485724,2.57147221284925,3.25007191564633,-1.55783084734677,-1.70172600903984,-0.0926004004724659,2.77703599133042,3.65698504987383,-0.960737335077964,1.13184821534076,2.78332168879601,3.4860720411453
01-Jan-2008,-2.53493719690381,-0.656145379320642,2.57972869326552,3.64389048819983,-2.6012458065688,-1.77266615044735,-0.0580366410227712,2.71169538017191,3.8098823375685,-0.95598097841779,1.07638156727137,2.80920853632697,3.66337992771996
01-Feb-2008,-2.62158867171318,-0.818063705388051,2.51552090660549,3.59419891792308,-3.11814862928771,-1.85950211607782,-0.0855459662181746,2.7722075682954,4.02317673075224,-1.05817263577642,1.03156441861689,2.80791655981535,3.50758007552235
01-Mar-2008,-3.3413446543617,-1.50994900544772,2.29693287622437,3.29873288585898,-3.15264720726062,-1.86967748137249,-0.389892433077602,2.61073606130805,3.84190385091262,-1.19423133262609,0.842704337511706,2.83111185233247,3.58527969088561
01-Apr-2008,-3.09213832254709,-1.45498760084989,2.22116692646155,3.40322009934556,-3.12486719567781,-1.84626596819846,-0.144610724780189,2.79323029410299,4.10210512920606,-1.37743765564458,0.70793347583303,2.72113621418831,3.64454179263948
01-May-2008,-2.74634913049691,-1.00103805528424,2.43797980742005,3.63729180929138,-3.14957691586397,-1.85479093472983,-0.199693660503019,2.73857389933207,3.8707443680343,-1.44237077040046,0.470219072309298,2.73196580687163,3.56436706506461
01-Jun-2008,-2.61213413102422,-0.745781878852635,2.61124168129473,3.74379604387438,-3.46300578583193,-1.85392757890852,0.0448650170115357,2.77390459069795,3.86355602293252,-1.31435439294246,0.733106875327464,2.83935974840302,3.69702382320001
01-Jul-2008,-2.87308682931777,-1.19535643975436,2.32377596083573,3.39605030051058,-3.78136846436582,-1.79937231474614,0.128359533230133,2.7558864930926,3.88070133180873,-1.58618696170914,0.354794001432675,2.72011464321392,3.60241117342767
01-Aug-2008,-3.48417639943835,-1.82409618142777,2.02985886245112,3.14374823523116,-3.88931718833899,-1.91149343830104,-0.125368594373552,2.65376119366557,3.88921174303259,-2.05482128911706,-0.200904078551704,2.48080237643144,3.40109449099179
01-Sep-2008,-5.02654281215912,-3.40837284883404,0.084899609005179,1.66954755632021,-3.58982564654837,-2.04381161466589,-0.502095439181002,2.57784288069701,3.97941569160939,-3.50322813138838,-1.52504827009917,1.98049153460379,2.91192988840668
01-Oct-2008,-5.22809087679357,-3.63205535396124,-0.0989978882457628,1.58411569181183,-2.90784120744722,-2.9436877456715,-1.36181593550273,2.18083379566053,3.63638349078533,-1.97083569890178,-0.25507664662245,2.72296773122074,3.68894136738386
01-Nov-2008,-4.87111860866877,-3.39637121681702,0.139931309211736,1.8313704774239,-2.18930859136556,-2.77688882883295,-1.17435949803498,2.28490211658824,3.71389062842677,-2.38353023453224,-0.52180825011085,2.59981613599245,3.57956650192721
01-Dec-2008,-5.25235428925204,-3.65319835197977,-0.122693515783558,1.61876851792071,-1.03167752794949,-2.60234837728642,-1.0119757229354,2.22802802720264,3.70637375797498,-2.78935565585579,-1.12415153531535,2.12450858939622,3.04992442699668
01-Jan-2009,-4.90631078447157,-3.25077778762,0.378024616205643,1.95649693571187,0.248389848241296,-2.56978885694105,-1.04703235758087,2.31534266094769,3.77963805301991,-3.16146212234046,-1.54477828019142,2.05221036460004,3.15704708861874
01-Feb-2009,-4.39694691818535,-2.87515312513655,0.793889256811799,2.41175446679872,1.09765958176916,-2.93147432520698,-1.27140348311285,2.11738319604412,3.47951059518608,-2.67798150406316,-0.916298407757802,2.38962649437635,3.47116616117583
01-Mar-2009,-4.58575339114784,-2.90004036498254,0.720313611216837,2.36314241752151,1.40346324827844,-2.67056674232702,-0.989025579640162,2.31308870804628,3.60314787460439,-2.5851168950267,-0.885352190447648,2.30844896996414,3.37589958505834
01-Apr-2009,-3.79806927548044,-2.20984484619941,1.48023493552239,2.93534683900037,1.71237160433182,-2.60935769800137,-0.908060711935463,2.41610062073853,3.80052308769656,-2.28220835422793,-0.390614935196964,2.75121775884765,4.15346226373341
01-May-2009,-3.24040740784679,-1.50555466001218,2.09918332244874,3.21689336741452,1.93907501592186,-2.34614858046992,-0.741221822975647,2.63007874178687,3.96904527312901,-2.19385952614381,-0.489884985783787,2.59082263398352,3.68576450268467
01-Jun-2009,-2.61438971377441,-0.902812624935389,2.52712807543866,3.59708765788531,2.45285541147424,-1.9567263362792,-0.182126133364968,2.85873421812829,4.16883912676565,-1.93073387682763,-0.188117113837807,2.65735555387104,3.75833662669246
01-Jul-2009,-1.44631686890158,0.378299637526762,3.08744220149886,4.33907437656282,2.77326816994829,-1.59423655902406,0.38258765626888,2.89203532205652,3.97057402246818,-1.16463997196955,0.696955665255585,3.0926276359024,4.31906380184405
01-Aug-2009,-0.428855018635407,1.34309190150249,3.20625927826648,4.48672292373998,3.01113765784499,-1.46698319158315,0.427094357946372,2.99667476595216,4.02890210596022,-0.560735926625236,1.41168108301501,3.12806317645496,4.10576707539876
01-Sep-2009,-0.363278945901867,1.4500898513267,3.12733984179134,4.30615495581611,3.07930570022236,-1.05140208573672,0.811571935233693,3.0320957341804,4.11292962886229,-0.510579851522533,1.25557862800501,3.0780814581399,4.02086095019026
01-Oct-2009,-0.322964608194062,1.39830600267362,3.03399001587392,3.89671500130753,3.14573063167405,-0.913460682035647,1.03850096870067,2.95069868265163,3.85244260117541,-0.493648826599787,1.33398803199174,2.99393604848303,3.74312628875182
01-Nov-2009,-0.259387778027945,1.44477531658319,2.98535622629574,3.83906241745545,2.95298268592035,-0.793560058493815,1.08900923173227,2.92164285764111,3.78210094526879,-0.517125457354141,1.23849431069767,3.00594362930293,3.77425402850219
01-Dec-2009,0.174449230724531,1.5552628869477,2.98780509598692,3.79329815981212,2.71154469543635,-0.479925648806336,1.26976116921274,2.91439575951757,3.7746479524563,-0.697917902264525,1.29142386533049,2.96155999782017,3.71405332825598
01-Jan-2010,0.550785424952327,1.69462851618643,3.07113828854273,3.79706049261865,2.54568344755706,-0.378673334522166,1.41876790157034,3.01428063488462,3.72871518312435,-0.13136676946328,1.56473402518733,3.05169532929287,3.76308235105475
01-Feb-2010,0.528112969702009,1.65943600762193,2.98470489756548,3.63609143098899,2.16687769664518,-0.418666965080875,1.41198812577828,2.91290914045451,3.62767489095009,-0.356927829513433,1.42326235601221,2.92771366022899,3.59429266002384
01-Mar-2010,0.61178742330548,1.72479462051349,3.05780842741483,3.76737507221714,1.9550305764682,-0.211840918771136,1.51821717939827,3.08197950133413,3.78354142501255,-0.00450181974094721,1.51581817981875,3.07158543503914,3.78109244889645
01-Apr-2010,0.706261022009174,1.69903526606799,3.03929831924662,3.63871461080643,1.93003443697811,-0.120761298259087,1.52904881324092,3.00614864176564,3.70924053289921,-0.279595965235331,1.47161232141864,2.99540402155197,3.64648992464628
01-May-2010,0.925722365744396,1.8358429705325,3.08277197053092,3.75736540792253,1.87080629809059,-0.668940196335583,1.42058794020002,3.01677339702566,3.68914575431826,0.353400381180283,1.58927061157962,3.07044134365653,3.75763946031044
01-Jun-2010,0.551637094430118,1.61349416409529,2.93478622530037,3.52136272163243,1.74000500198251,-0.7671463282224,1.26206286814838,2.86912207591168,3.53539855502775,-0.176195272695897,1.48129354331345,2.96133649506656,3.63393706201298
01-Jul-2010,0.153184904441848,1.56364671825276,2.9362824466782,3.59882171165926,1.72118440260886,-0.770345267927921,1.24564483420709,2.89328282755225,3.60860154076423,-0.127048815065012,1.44346056463255,2.94578482630402,3.63240091948173
01-Aug-2010,0.516602518213701,1.562154238688,2.93957362479674,3.64499556129381,1.47100522862717,-0.406939485951427,1.38156155016856,2.9339673326276,3.68099196159368,-0.120094984781186,1.44542689744409,2.91792326770661,3.61972513062917
01-Sep-2010,0.417939369045215,1.5283166625196,2.94424005398143,3.53569785541026,1.24003415945754,-0.481653143009805,1.28242026357778,2.87837709815047,3.60165880734625,-0.272293828520994,1.42282916240664,2.98334806773861,3.69540264084731
01-Oct-2010,0.0235963312719704,1.47953702825883,2.83338735233914,3.47673276996387,0.961083255088544,-0.0717438200713387,1.39702174098635,2.90306404502013,3.66643018832916,-0.728555226340882,1.22795154692522,2.8266412663394,3.50913147007997
01-Nov-2010,-0.0831679993907032,1.47549651545269,2.88363297668055,3.56825782299762,1.11518260503013,-0.0466499212397857,1.44406576748762,2.8994031107148,3.5756866047202,-0.618199091420394,1.22263395047349,2.85342786850659,3.56789493719599
01-Dec-2010,0.912884145778148,1.75611446147815,3.02972083745639,3.76091657629614,1.31455906843528,-0.0553692152990601,1.55764550988303,2.98930303170682,3.65139232702941,-0.317009196085603,1.43329061263053,3.00557475839727,3.74153866430462
01-Jan-2011,0.540709185803934,1.60651801174536,2.94103915091058,3.6501997234845,1.6236237438561,-0.159096769988221,1.47141567851753,2.84398949999498,3.53908219389211,-0.661893472415803,1.26587646384471,2.89874009896513,3.67273013509089
01-Feb-2011,0.323293345153681,1.49947382759967,2.84562681225767,3.44025439222592,2.19090849375028,-0.0421713204565916,1.41399107992288,2.79630419687754,3.46425945310224,-0.712117200908395,1.25458254365265,2.74273778952192,3.48530652159778
01-Mar-2011,0.688811654972692,1.69818183517777,2.96442426299911,3.65557091380457,2.62951489798242,-0.0496549234468184,1.54464012443327,2.95771154482935,3.5814974049048,-0.522446943206706,1.32888139422136,2.97484336144445,3.81850612666501
01-Apr-2011,0.439975290993987,1.59243877457449,2.86271957866363,3.47302736103694,2.63923783805831,0.269344760885842,1.49052594444145,2.7897475500525,3.4247308090865,-0.85098768598777,1.16585188960506,2.80717176648449,3.49772729634361
01-May-2011,0.196119022123628,1.57729276519268,2.85879607946977,3.48367292102285,2.64725156050951,0.0195414368540684,1.5096752331544,2.89363984727974,3.55250579564534,-0.775600907491643,1.13042286376508,2.84602251259322,3.58487722620242
01-Jun-2011,0.391426205095376,1.57232144353909,2.94081624254249,3.61899992841741,2.50290627904423,0.0417751496211607,1.50409251311658,2.86735187714087,3.52270675123507,-0.542141113590354,1.22540063357006,2.88777892942637,3.56109686118639
01-Jul-2011,0.470249790457484,1.60660845764465,2.90543126716698,3.65000450455293,2.35371574874729,0.1821028501242,1.50343591448171,2.8841284095306,3.54526229138456,-0.231096446976544,1.37707105248172,2.90332791639661,3.71050513604672
01-Aug-2011,0.245837367270831,1.58346764759648,2.98115590279811,3.59001305845682,2.42583216161919,-0.221824109443657,1.42910430126746,2.88894906797782,3.55108367856173,-0.172721183788603,1.47096351111606,2.99128102605146,3.72095638192608
01-Sep-2011,-0.574202541493703,1.28094583113181,2.8059352110763,3.39836667997477,2.42142899358123,-0.594616735771484,1.1526128643338,2.82265889621581,3.46635379468615,-0.607787653165349,1.28976745293354,2.86346675303212,3.78772620770797
01-Oct-2011,0.177770453394104,1.49986502434825,2.96890404315496,3.66692273365054,2.51400695192131,-0.453276629910578,1.33952790107627,2.92772497126931,3.55698720658305,-0.176703875418945,1.33868072189069,2.9510711242683,3.67872378631362
01-Nov-2011,-0.790699043283386,1.22651618264995,2.85072988100649,3.58254645804893,2.20925517176084,-1.03902587037149,0.978144339309034,2.7800597409535,3.47738744436843,-0.518191512361703,1.29309460796614,2.87431718880899,3.57406080115449
01-Dec-2011,-0.506778978554397,1.38088679690887,2.83662354270419,3.52036710372251,1.86312258952761,-0.649873552944574,1.18680259487772,2.89895160771956,3.68695109502996,-0.247257107472241,1.36281999282754,2.90236314464319,3.63839170960912
01-Jan-2012,-0.122932300383769,1.3855882483261,2.90083184588446,3.56461381649208,1.46620904867749,-0.894703037256181,1.32048560566252,2.9142397151978,3.63821488858512,-0.259027825819378,1.36320985891282,2.91603378175238,3.67856784657942
01-Feb-2012,-0.130815297643519,1.50573459610438,2.96020399010571,3.63981422172299,1.26534463284528,-0.621087917912454,1.29325087680015,2.91698108149764,3.67041620643243,-0.371393385483913,1.42657816755745,2.97977890438066,3.63722608961005
01-Mar-2012,-0.274490686662209,1.39791915954697,2.8354640857383,3.5088444782554,1.34654959082123,-0.178723429279167,1.41668951559481,2.84871307547836,3.64417014774757,-0.765664092892918,1.12354870871092,2.71745718547613,3.36585763634075
01-Apr-2012,0.318852958641529,1.54641688486627,2.92659696279904,3.60175782512417,1.56648757043928,-0.0877967148039218,1.49851299847896,2.90378708769641,3.58539505967062,-0.317937161526699,1.33364176138925,2.90326838978976,3.62270852367168
01-May-2012,0.412557148111582,1.58195883184749,2.93144238845271,3.6242062006475,1.50213019604504,-0.147279280135596,1.43613240087632,2.85677456859233,3.6157349446112,-0.410470812850234,1.27415999008468,2.86318104580629,3.6225280935761
01-Jun-2012,-0.0235730340221345,1.51007976182562,2.84092147741996,3.51272948190667,1.38610792859478,-0.314365654296607,1.36829728103468,2.85172717106562,3.52641070366719,-0.595781760262234,1.28516454861236,2.90312871741696,3.60195688931084
01-Jul-2012,0.272695754314187,1.58132407645837,2.93212656353377,3.58018119979646,1.26213728587945,-0.272117432536163,1.38033549541081,2.86334914585099,3.53945556863334,-0.303305181468819,1.42381945035004,2.88391954419787,3.63939220234937
01-Aug-2012,0.26771808577131,1.40936846816014,2.84990323774872,3.50293051282623,1.17489788860941,-0.180065514481829,1.38556324380779,2.80380583077173,3.49776358340339,-0.886677529787657,1.20588731186167,2.76524915465884,3.43547150689506
01-Sep-2012,0.407861078381362,1.50293595838131,2.90750460788606,3.52165451641377,1.50097735732747,0.266708848702628,1.48157540087287,2.76297496041994,3.34226397393302,-0.653127678959372,1.15692970107265,2.77785082320426,3.54258216300059
01-Oct-2012,0.423933900526281,1.57090448790694,2.90768689422246,3.45025436819873,1.91142054873179,0.270177684126589,1.5119472875977,2.85136946140169,3.45750000388947,-0.960915942148156,1.11307836718542,2.82303958711173,3.61906853009636
01-Nov-2012,0.654651988912111,1.65736576137237,3.02781442442809,3.66966127741968,2.24287793376656,0.349374431807861,1.5722844749588,2.90853818386686,3.56008253141474,-0.356006648524724,1.39265219400764,2.87027138275289,3.66219405934445
01-Dec-2012,0.689066146600919,1.66008987486369,3.01639036415389,3.66992822449615,2.54848475984287,0.290711051743471,1.56934851256185,2.83389444607127,3.47689499293422,-0.389701005535616,1.34269848893048,2.92369642693776,3.62816520213396
01-Jan-2013,0.554573613023082,1.56661060745926,2.89988188250683,3.47453343481233,2.59343194548389,0.307130592256093,1.56011012362642,2.86698057913356,3.48333761928917,-0.425426134523958,1.26784134602869,2.84524988012505,3.5538587343381
01-Feb-2013,0.862612415652555,1.69998186551824,2.94876345500144,3.55206035373619,2.13406263889561,0.4354426958856,1.60329926648417,2.90247080196499,3.54533702681469,-0.537211027335929,1.43875147042326,2.92351996889321,3.6462868188208
01-Mar-2013,0.70267879344286,1.61297771463468,2.95494358292449,3.54614949458818,1.70496625873427,0.226920534321394,1.59601672294395,2.9116094398635,3.54416385656273,-0.460714391097138,1.35595466267728,2.92122214836951,3.65528819852707
01-Apr-2013,0.471324026303492,1.5247381150555,2.85876804508041,3.4984597996875,1.43577255691907,0.668496021743257,1.5848510739203,2.84547309748767,3.4612279861023,-0.416988491582403,1.28478162380368,2.83539026170185,3.56899912116374
01-May-2013,0.790172087336093,1.71568207457778,2.96254698151039,3.57721881517586,1.65291326479634,0.57176408322194,1.56127047860789,2.8837364026505,3.50424745944409,-0.684185859226309,1.30510385361862,2.87225132678159,3.57540239255639
01-Jun-2013,0.941526061341733,1.67793008316378,2.8847916980881,3.48651270357996,2.11651710415723,0.705727974431818,1.6160703022196,2.92405798023416,3.48953551223947,-0.313937779125694,1.40478495204777,2.86828428396181,3.59767980512851
01-Jul-2013,0.654528548399286,1.50594663868326,2.80901135717561,3.42407548257172,2.67122023686227,0.492350771059348,1.51919750098855,2.78951584230969,3.3948430972558,-0.71853466810173,1.0804207211925,2.7562769392156,3.53939006956484
01-Aug-2013,0.728016892354637,1.70167888161064,2.95326041857682,3.59508575496544,3.14335314916695,0.545521830503874,1.60351002504268,2.89105141637286,3.53647735301021,-0.12886194555846,1.40783166923418,2.93312637861205,3.74114012353867
01-Sep-2013,0.823514221717264,1.69529711253629,2.97114101318422,3.54362304192571,3.21688326384736,0.683958617220897,1.71398349944031,2.9879449258565,3.61284546218212,-0.328872944093229,1.38123103435269,2.95008872829971,3.75377779881031
01-Oct-2013,0.653905329204069,1.58500029687603,2.84375924749143,3.45467175246829,3.10944082481756,0.632584736923431,1.54693194007357,2.82757851867905,3.49685312259258,-0.570909820324908,1.30525547185796,2.84363252738419,3.66015164417635
01-Nov-2013,0.814325713338071,1.63052719381149,2.94307618838725,3.53505202746626,2.95005847282316,0.663374317226707,1.64366878114498,2.87828262866237,3.47004484735556,-0.577206654924559,1.3155185590914,2.92079042251476,3.71676127456006
01-Dec-2013,0.970961396616695,1.73142764502129,2.97425467697538,3.59971531672831,2.86642272545242,0.511886190892838,1.6044225013125,2.8729767481985,3.49485586579629,-0.27241897198566,1.33685353153378,2.9847202483632,3.71408432286311
01-Jan-2014,0.660137166026229,1.57619381219338,2.8341088347343,3.43912850886413,2.87236079839755,0.570463950130535,1.56431675373192,2.82029360180375,3.49291402552885,-0.890906478648447,1.04254383572062,2.75623019996718,3.48949188544598
01-Feb-2014,1.0127661118842,1.72748010043463,2.98744854082374,3.60047955361657,3.39008636109829,0.533523290299468,1.64727098712363,2.91919712642017,3.58972137546891,-0.29659307420516,1.44455997395382,2.99880367645883,3.75454020060046
01-Mar-2014,1.14488508539185,1.83146487897784,3.06243987343636,3.64112499670199,3.77345832446808,0.609636891816687,1.71135178043396,3.00593400399762,3.59041376905354,0.160981567591614,1.59874450560555,2.96351115985786,3.73097767292043
01-Apr-2014,1.0002921359179,1.71892898432535,2.94289379502706,3.54732103986423,4.09268736828012,0.877428318819639,1.68331424298234,2.92643791216068,3.49150518809503,-0.175573958911141,1.43215745991034,2.89480176344724,3.59379212658946
01-May-2014,1.15895952439338,1.73727251832766,2.97204759764101,3.54419410303401,4.0086815344458,0.889029429038411,1.69233703412876,2.87649335822107,3.45310384275637,-0.0479319645862968,1.47108871412122,2.9497785918394,3.6121762907315
01-Jun-2014,1.1436683251445,1.74217719513619,2.90908382215227,3.49630356804074,3.74010196847043,0.900019502080041,1.68066262541379,2.87693345143803,3.49428353390336,-0.269991415054247,1.36861329276903,2.91242703707761,3.61020234769193
01-Jul-2014,1.03737645091029,1.75391355419653,2.93268638821594,3.51832603701028,3.40654257043239,0.953993564305524,1.69318810486365,2.92087558179189,3.4545958134113,-0.246983785593581,1.372957977174,2.92335630484796,3.69541855022108
01-Aug-2014,1.04636995645986,1.74488848247221,2.92323272436239,3.50817847333492,3.13755080948183,0.873272164795341,1.66494068122533,2.88935404285158,3.50827308014449,-0.48293565286373,1.28688947102541,2.89057338910654,3.62318066515949
01-Sep-2014,0.965443591315238,1.72411012169214,2.91741015295521,3.53067788190226,2.85829361358702,1.00457552609811,1.72823507943242,2.89981813544202,3.45224212649973,-0.360530184531396,1.47704119706724,2.9534338545817,3.72512834978763
01-Oct-2014,0.955880139541554,1.69541696702191,2.92282150926168,3.48884559863252,2.54488304287823,0.832869144292765,1.65333221373338,2.91529560660073,3.54512425190619,-0.248888640307975,1.38545412057271,2.92949098553596,3.75759300340099
01-Nov-2014,1.16100105548533,1.86789918100039,3.0450351424427,3.65859485699458,2.38412424350924,0.83098676698655,1.74642188717782,2.95396227613985,3.5583650621732,0.0257954337785362,1.55004183350288,3.07034427989605,3.87786202343118
01-Dec-2014,0.934636693200827,1.70980518615855,2.91986137035075,3.54916202931288,2.16572364628807,0.778821886052692,1.66039131818637,2.90909277377956,3.46839514201322,-0.361794609576352,1.34757243383269,2.89791567877201,3.5886084683849
01-Jan-2015,0.588985128245807,1.62654102808232,2.89099562637593,3.48732150008962,2.14577942802746,0.779154426266331,1.63202301255738,2.90728857374921,3.48922394217864,-0.587297332593033,1.27538069942198,2.90776228264075,3.58985292998725
01-Feb-2015,0.527439126326776,1.56032662847595,2.89294759241529,3.57695393896883,2.23136102761494,0.691271387721544,1.60554889126029,2.84777379916707,3.42540368000307,-1.07469314210158,0.948420676098493,2.74541611920025,3.57734077536557
01-Mar-2015,0.491869528513301,1.64258649854612,2.91379884919631,3.58694380799002,2.07189147968509,0.475355494540401,1.63872378563697,2.94842385296786,3.52557725624639,-0.853235031054806,1.12335039130441,2.87353459359054,3.61339175979422
01-Apr-2015,0.0469537853161275,1.48999078687322,2.90133756111121,3.52794840595186,1.76450506967503,0.645699058886093,1.58181627103984,2.84764230475756,3.48798438914304,-1.1044178569627,0.860516007522047,2.75436411592544,3.54281991451751
01-May-2015,0.18888725433628,1.46933210639105,2.91054091370562,3.64165232443858,1.58627150370789,0.425327970314303,1.52594147084618,2.9150520836109,3.54532598668875,-0.979496426827419,0.836880024127277,2.88185770510693,3.67133476868864
01-Jun-2015,-0.114366493787362,1.44444321303458,2.91886533371486,3.6264814305228,1.41388646862327,0.703663773267463,1.57558817719797,2.87851275721535,3.47420557555305,-1.05973936701376,0.945080244349036,2.88792484853106,3.76370689264552
01-Jul-2015,0.222242779719383,1.64098640405191,3.07228064501543,3.76640043329193,1.4023019142653,0.602225499531279,1.6823790691847,3.01998026944424,3.6591253700007,-0.681382190799009,1.29633034023233,3.09284791971271,3.9637666187121
01-Aug-2015,0.0489968424608952,1.62046807897745,3.04570133356022,3.71260048268403,1.38243468045062,0.229584150878788,1.61522244765628,2.9990115898561,3.6440063166797,-0.735557743130677,1.15665479302656,2.96086363253535,3.75771190206506
01-Sep-2015,-0.598512278012631,1.33283595487431,2.88675796551169,3.53220492947767,1.42894782095201,-0.270730168647404,1.44807078850832,2.93248377610598,3.67294961743578,-0.964295770201247,1.00266035606321,2.8999166890669,3.75629885992473
01-Oct-2015,-0.543792010514471,1.23429621042499,2.90196382932574,3.64667992109355,1.58200656141704,-0.163337257298583,1.35010313889384,2.92245813733131,3.64924855874285,-1.26822719451666,0.786250340552423,2.85353084271625,3.71684994358023
01-Nov-2015,-1.15701176548839,1.00507272464412,2.82095996337248,3.54995359565903,1.74983907871409,-0.327065406783314,1.38770576048915,2.82109574128397,3.41711498205738,-1.58206653463818,0.703831032724052,2.76345072865885,3.54809560164121
01-Dec-2015,-1.08913200112501,1.10809334205531,2.83595840683702,3.6301458954375,1.88366909172579,-0.514490203553853,1.36827565977892,2.84501276365366,3.50987941690845,-1.17421000367369,0.825605627396755,2.83648090862111,3.64195564926166
01-Jan-2016,-0.883782407544858,1.01526678167518,3.03266747514491,3.82316511360956,2.04820550725233,-0.727370058242722,1.23773856907672,3.01170269104443,3.72112247351868,-0.776336439393126,1.19457534142691,3.04462394871121,3.97549833219671
01-Feb-2016,-1.39147183767302,0.789514367511515,2.88101260943789,3.72861204385639,1.88283923095136,-0.741979367524406,1.18349263736611,2.85912848094076,3.60994383795407,-1.08664417921517,1.02649797389618,2.89218117152287,3.71204155979329
01-Mar-2016,-1.41555541578713,0.723709340975667,2.82502366315907,3.68151153252514,1.85742891559126,-0.517163517740052,1.17878360888944,2.84044973636993,3.60637377210055,-1.26640355773481,0.708208100879764,2.83629435275892,3.64900688608389
01-Apr-2016,-0.790825962140648,1.05165035252783,3.02974829762557,3.92173695231893,2.04537690272943,-0.479661330157058,1.33762438850386,2.96937444928203,3.77900427050397,-1.01351789626818,0.891973133939759,2.98274631122847,3.70202127957156
01-May-2016,-0.870092798451894,1.12437415218183,3.01913720384116,3.69293902123618,2.22594926138041,-0.227146519895562,1.39873833582361,2.96839440234147,3.63019112387442,-1.10338652932146,0.979217048771174,2.92019142509264,3.75210326899185
01-Jun-2016,-0.272383149666506,1.54925880933934,3.20523317850806,4.0189689893906,2.27748905268905,-0.179523263186698,1.55698470534474,3.07703553668012,3.70317881880039,-0.604971486596643,1.32313979142545,3.08436120078541,3.88889913046746
01-Jul-2016,-0.244273199683036,1.59046075264338,3.19611014526332,4.04239889459549,2.15981440776654,0.0960470866414003,1.64057566808334,3.09042077164544,3.83753275765859,-0.28881456434779,1.45936456080517,3.12564926802825,3.94249837502199
01-Aug-2016,-0.0280887696345041,1.56428000993829,3.12106786525871,3.85007115161229,2.11601596460921,-0.0501304019899198,1.48106795289734,2.9805142061215,3.71936603079783,-0.42645331573158,1.32980410623593,3.0140200424237,3.75408490187767
01-Sep-2016,0.0342118069451034,1.50661261928283,3.02207980990054,3.77246788262634,2.16934210273746,0.0160225880788851,1.51256168261147,2.98761988915837,3.67010847227647,-0.60132355468137,1.20602586827744,2.99215685966258,3.6834643623937
01-Oct-2016,0.105056116479022,1.55215240029249,3.06964215393553,3.88336904851622,2.34521464295312,0.121251306492709,1.61531708317981,2.9920121637588,3.65514789112639,-0.541819192934705,1.28165861304252,3.0086096915974,3.75604748118713
01-Nov-2016,0.375926616521508,1.59464979094335,3.01256390646734,3.77272964605658,2.65825682297314,0.592548017369501,1.59849227296167,3.03891057692117,3.68958633340463,-0.704559883669115,1.29045958383115,3.00664993861383,3.78184908494626
01-Dec-2016,0.857156777941587,1.86842082009859,3.22785196378951,3.93269549244814,2.79619235347572,0.226769701480027,1.80590935908328,3.15772547944313,3.74710312399974,-0.1304343367292,1.58776863639396,3.24213028552633,4.01688357167273
01-Jan-2017,0.524527151775979,1.78537742982869,3.13574713294518,3.79850223548982,2.67519247027336,0.623333065206341,1.7766086271648,3.07423678241259,3.69993463916915,-0.227541391204702,1.52079646487679,3.12444408215293,3.90517070962826
01-Feb-2017,0.425768575999281,1.6223771928298,2.89799397564836,3.62117136847532,2.65580164692695,0.613880111292884,1.62958828260967,2.94336573499012,3.57830819304056,-0.840849976410919,1.31656804584194,2.94608511593661,3.68854679056091
01-Mar-2017,0.951746365070962,1.85271419692929,3.15900575835976,3.8734461224633,2.87688455053132,0.649767882219677,1.8328326762086,3.12783640976073,3.82082836283822,-0.213992868478031,1.61897116802076,3.08824623941079,3.82391491565438
01-Apr-2017,1.11923393254349,1.97563784742361,3.23046860091421,3.8608839793015,3.04375046996889,0.673105091237666,1.92460990618629,3.16387944900108,3.78112907861356,0.406440475970152,1.74638582076232,3.24808870793752,4.02533606320421
01-May-2017,1.0314521899828,1.88893655390947,3.16441757372636,3.78454051747359,3.16026900965455,0.946280097688561,1.89231520316921,3.12205207217318,3.6798362361469,0.0800363071503626,1.67171085897867,3.12443924556268,3.78844426534315
01-Jun-2017,1.13781371470989,1.88096576959689,3.10045790849641,3.66833106927105,3.13791209266165,0.824979497872717,1.78605369547814,3.08251391770899,3.65652991747698,-0.089953414136426,1.49207426659829,3.06371175241353,3.74976068594937
01-Jul-2017,1.06868148594039,1.7727586031945,3.02805114616418,3.66042159023447,3.28678010249497,0.931932230761277,1.76366379522082,3.01090984309373,3.58253725051688,-0.182105226395397,1.50918401264809,2.94024488921696,3.65449678000299
01-Aug-2017,0.549795105345899,1.6637058205239,2.87129477132771,3.43045447797865,3.30035257117275,0.730288353544627,1.66019366190116,2.87830559445134,3.48374674901572,-0.849204111471685,1.2704400281947,2.83874644400291,3.4747178937482
01-Sep-2017,0.771029707089679,1.73506615549453,3.00619760330565,3.58616788975935,3.31248538039055,0.916615395884823,1.76680483425099,2.97323059336328,3.55513629163186,-0.578468670398492,1.35925009200933,2.98911416241455,3.72145931462371
01-Oct-2017,1.52120106211247,2.2360568340134,3.39287064812144,3.96733196234615,3.08397199307272,1.02343113186688,2.0520332849624,3.34887325755587,3.93539434502555,0.523700750187165,1.92368461746598,3.3476031608217,4.10423035404935
01-Nov-2017,1.46186858726388,2.1032881954141,3.28375761594037,3.85845772297171,2.68766533615986,1.04920645035993,2.04726329439144,3.21398743337721,3.77855916943753,0.464239396846233,1.85413112645856,3.23897335301513,3.98595787403744
01-Dec-2017,1.32796153184673,1.9788499574193,3.1550900939027,3.79581853206367,2.52981936719579,1.15778142243011,1.94627987512305,3.1480811969302,3.66911114974561,-0.0335680109441239,1.71770196602647,3.16813993526041,3.91839103302242
01-Jan-2018,1.09274013960686,1.80917475049847,3.00622482950092,3.57574081979297,2.45559182174,1.00240949573108,1.7851634135251,2.93384971340566,3.47968843586873,0.0264679233792863,1.54947472250042,2.95837080579841,3.63119193313438
01-Feb-2018,1.10011277019745,1.8274709943362,2.97471738912823,3.53397312108349,2.53829141918664,1.04719441214948,1.86125961403288,3.07019671763685,3.65704993602608,0.0460916287423163,1.5515507319514,3.0329316840826,3.68751425922149
01-Mar-2018,1.1329876287868,1.90234100902405,3.12182738256086,3.65040771221622,2.40680865695239,0.791304714651188,1.82135521670965,3.07527065775353,3.67066381422252,0.130083938397241,1.64963688386027,3.11368625751338,3.76010716988391
01-Apr-2018,1.20338031575431,2.03143154952052,3.2063405223986,3.82219026056439,2.24793998321459,0.619403849826113,1.90598356191086,3.1857991885071,3.69200725814804,0.364742622552029,1.87380050152212,3.19312402503505,3.96252500788386
01-May-2018,0.643616217461947,1.68647475394432,2.93350052021627,3.41944858098692,1.90223298657984,0.527694447838409,1.55054390024763,2.85460033050393,3.52437094589079,-0.184826236855703,1.39908431616218,2.91136475726241,3.55227756450436
01-Jun-2018,1.04229276373868,1.84291014856988,3.09646834312268,3.73166339738321,1.9679764997419,0.84461603268851,1.89618425729033,3.11501833436075,3.65829582896921,0.0382100283788274,1.62288782036158,3.07627088220755,3.71589379211873
01-Jul-2018,1.0646758174457,1.86062772696721,3.14432557547269,3.74219338617933,1.95159820072293,0.914342177410613,1.83496284985565,3.05323586526819,3.68838477784833,-0.0206599922625882,1.60488783928766,3.13320053062085,3.77267188925262
01-Aug-2018,1.23680119191644,2.04743686962068,3.21192154235904,3.75551011535292,2.06915434021453,0.852442365421447,1.87154732512345,3.19620213118339,3.78854202126242,0.358937685287749,1.8330983167908,3.22151937880877,3.85527731740431
01-Sep-2018,1.15599437751328,1.91154089839837,3.15649250559068,3.7560566785434,2.14269136329132,0.781685992341316,1.85447354145018,3.11197718371252,3.71940398148655,0.0362019565340387,1.69410211969852,3.0507649742022,3.75606542230131
01-Oct-2018,1.18755719584497,1.88407203284372,3.06879446663054,3.63525926110036,2.06612354074793,0.7151203242705,1.79711208714721,3.06537060682116,3.65453543861302,-0.0538257451444337,1.60881908357717,2.99118689869836,3.59950947991747
01-Nov-2018,0.946828145156466,1.88038326338647,3.06465628172255,3.6423706853041,1.93716145538883,0.792660701992181,1.75581810445762,2.99479531347196,3.52425806676858,0.277946433857703,1.66851611992878,3.0732961524565,3.68078314747971
01-Dec-2018,0.291855161780821,1.57237889544123,2.9417666448051,3.54445218955947,2.14236524573486,0.106382584626526,1.53090564517375,2.86165433300189,3.50046266207099,-0.0817881746515894,1.44884555848484,2.90120409011288,3.54342289632702
01-Jan-2019,0.156898808818232,1.52020964224409,2.82524110078822,3.469237664613,2.32772577210765,0.322011134080538,1.5199957835681,2.90092245419192,3.53417885379594,-0.580080181825698,1.32749891707685,2.87218741676651,3.48317336651936
01-Feb-2019,0.168856433634496,1.48727738639025,2.83673961566699,3.4361338112526,2.49133119744415,0.575459597244489,1.55900799488051,2.84727511197837,3.48171962910042,-1.07530793663581,1.1026321340623,2.76644964382273,3.50405463712957
01-Mar-2019,0.416874874169129,1.65100959416489,2.99052438602065,3.67986307933356,3.07398786919445,0.642187156915091,1.70163292879437,2.94539073662306,3.59769100675774,-0.562986453235504,1.31979025846159,2.9588591681843,3.70754344107692
01-Apr-2019,0.0222529971807646,1.43671992417983,2.80631989890979,3.5163319170655,0.70570546097657,0.745475713275868,1.63956747195985,2.84570769689765,3.5154754154893,-1.05448070223812,0.982605931572315,2.79477220813952,3.53144240878771
01-May-2019,0.619044725889532,1.68198993570121,3.00368251782761,3.63561897044566,-3.97188304374369,0.579442812139625,1.64466685681028,2.89385530410255,3.49677274849908,-0.788946007568126,1.23559304021772,2.88689576752479,3.59428158409727
01-Jun-2019,0.529913844291557,1.66491481483578,2.97110210578072,3.5978828042168,-5.69140381166641,0.776628003992826,1.73133426249344,2.95985532934382,3.52403730761685,-0.627407062147191,1.25621234577368,2.93749665152315,3.72645402995789
01-Jul-2019,0.632062801822315,1.64770617097345,2.90645677106184,3.58719667791684,-5.1667966893103,0.846812691190342,1.71657052276563,2.88403281848866,3.46781779058784,-0.623394963301673,1.25886213529107,2.81157637807242,3.55661324466466
01-Aug-2019,0.851835438600559,1.84460202992412,3.10739319400463,3.71556822906893,-2.20520302278476,0.986584738620263,1.80929328868468,3.01778713474876,3.63118783517453,-0.360111107694963,1.44301926322769,2.99894414205294,3.75224910590841
01-Sep-2019,0.528293195706919,1.60559483663282,2.93601368622379,3.51807125169367,0.892372633230861,0.658334422568201,1.61998386703454,2.9036166861629,3.5216299293211,-0.733510429185339,1.34046312414625,2.85546004036199,3.56069614766052
01-Oct-2019,0.478384847575169,1.56317497278419,2.86045848843123,3.48407207093344,3.56983527049797,0.706717718730626,1.57725182733119,2.82168948520187,3.44125508464327,-0.882547039105864,1.13948197578105,2.78793124535112,3.50975230574264
01-Nov-2019,1.02212638056793,1.864703827346,3.07498454839595,3.70013209916539,4.24825653221367,1.0481965821226,1.84600334176994,3.00284578675059,3.51256483389877,-0.226485435304821,1.56961938447735,3.07708662852692,3.82023042624887
01-Dec-2019,0.542921382516662,1.5808369574399,2.87887060980417,3.46979846361341,0,0.851597920587426,1.65333844426317,2.86128131633805,3.42785700643336,-0.747866283902087,1.23556173350012,2.88828573946808,3.60925609848707
01-Jan-2020,0.705269892507688,1.65440558788217,2.89309933213052,3.50258546720934,0,0.820932233060339,1.67352058110696,2.86830323460532,3.44077692426325,-0.841626072332581,1.10781005534044,2.82555900439159,3.50679650268265
01-Feb-2020,0.701238714848516,1.65767519248227,2.86631696356099,3.49863454748928,0,0.788112497206478,1.63979503360988,2.86382259545474,3.42763288549289,-0.657129527116013,1.27469413958269,2.88396155770671,3.57479127305048
01-Mar-2020,-6.51876305727332,-4.91972750267256,-1.08076580675735,0.70828892149694,0,-1.98340483104781,-0.367343371988282,1.42912725340739,2.86924154632134,-4.76256582312423,-2.93720773172092,0.663031874022761,1.55281674557529
01-Apr-2020,-8.2197546743526,-6.63228665616377,-3.13734516997947,-1.45410406745389,0,-1.92073841605012,-0.891570405205792,1.68552060310254,3.32834808744824,-7.08135448441819,-5.49452563349356,-1.84378660220026,-0.312654039430958
01-May-2020,1.49909971916082,2.74230465510719,4.16590726848364,5.24760040851909,0,-1.20868494200648,0.720971514315158,3.72753663804462,4.47769840955358,1.65081453274703,2.7038537075732,4.22391269072482,5.52358524969681
01-Jun-2020,3.67172021017022,4.08517192054355,5.04768804447123,5.60042132527321,0,-1.38474642780201,0.776209230323225,4.68287830271546,5.31091324246069,3.60515449370981,4.06432189972606,5.05930322763465,5.53336359694989
01-Jul-2020,3.08646740917371,3.49556695602048,4.49841464473914,4.89949672590553,0,-1.05055371228645,1.32199156709702,4.22208807088259,4.84010301266801,3.00256512569744,3.40811925905824,4.42521781928044,4.87126722096458
01-Aug-2020,2.05288716870064,2.50568245400088,3.49620552015133,3.96864862696521,0,-0.456520088782728,1.63205645830519,3.45231753694521,4.05596792152215,1.98477214049605,2.47507210746846,3.4967107430782,3.95105650078753
01-Sep-2020,1.43335207108267,1.9775404365627,2.97856626103804,3.49226853262172,0,-0.56685896577549,1.38833305824058,2.95893521869279,3.60676605677282,1.29784297428077,1.86896253023142,2.99857007937543,3.45340310496621
01-Oct-2020,1.23752394879014,1.83378976483411,2.92401715572653,3.42298779249985,0,-0.277160605497396,1.4124587794099,2.90528734492271,3.63355809027441,1.08002987817033,1.82682690685594,2.96677741847937,3.49936501248962
