dates,data_rs,data_ip,data_neo,data_gdp,data_uclaims
1970m6,1.406513658,-3.885570955,NaN,0.567276406,0.359463654
1970m7,6.922381,2.94008565,NaN,NaN,0.345592936
1970m8,-3.484804049,-2.140907514,NaN,NaN,0.344353282
1970m9,-2.405269489,-8.299542524,NaN,3.669419101,0.38394773
1970m10,3.763261236,-24.24923036,NaN,NaN,0.40059561
1970m11,-32.95020398,-7.289093326,NaN,NaN,0.38929717
1970m12,28.62788644,27.24645798,NaN,-4.309707971,0.365722481
1971m1,25.43673344,9.195877264,NaN,NaN,0.356350626
1971m2,12.178592,-2.290815549,NaN,NaN,0.339700728
1971m3,-1.320812781,-1.29810006,NaN,10.71905167,0.351480706
1971m4,19.11362867,6.718112999,NaN,NaN,0.342482072
1971m5,-13.09141436,6.073788017,NaN,NaN,0.347298984
1971m6,16.38644825,5.021744871,NaN,2.158612684,0.354215946
1971m7,0.737067224,-3.488084203,NaN,NaN,0.347640503
1971m8,3.692163883,-6.985063714,NaN,NaN,0.38412481
1971m9,17.63566011,19.34574847,NaN,3.278466332,0.377960841
1971m10,11.45985063,8.949592146,NaN,NaN,0.350645678
1971m11,10.87786456,5.08381372,NaN,NaN,0.335837487
1971m12,-3.716193216,13.7729715,NaN,0.942007105,0.318832117
1972m1,-12.07106846,28.52596112,NaN,NaN,0.315429528
1972m2,4.139059507,11.53814715,NaN,NaN,0.306267144
1972m3,30.61551155,8.264805665,NaN,7.288996897,0.303367932
1972m4,0.064754607,12.61823935,NaN,NaN,0.303646062
1972m5,12.82993823,-0.622534342,NaN,NaN,0.308435761
1972m6,4.922834653,3.400192352,NaN,8.977535388,0.314058801
1972m7,3.503986945,-0.525086288,NaN,NaN,0.341507637
1972m8,8.519665589,15.84578587,NaN,NaN,0.289658009
1972m9,16.74787131,9.130374729,NaN,3.75983787,0.293161845
1972m10,13.95875844,15.93364343,NaN,NaN,0.286886651
1972m11,2.386542659,14.11035693,NaN,NaN,0.286270436
1972m12,23.99349931,13.6664069,NaN,6.642386901,0.275633081
1973m1,14.77376417,7.779799708,NaN,NaN,0.261181661
1973m2,8.914746708,17.657162,NaN,NaN,0.251233534
1973m3,-2.021346762,0.563767508,NaN,9.77874194,0.255723387
1973m4,-17.07429428,-1.658127863,NaN,NaN,0.268485026
1973m5,-5.508734829,7.696766993,NaN,NaN,0.270013599
1973m6,2.817665884,0.822752468,NaN,4.331073347,0.266672623
1973m7,0.348737582,4.95054266,NaN,NaN,0.270914245
1973m8,-17.96493327,-1.998989762,NaN,NaN,0.288518473
1973m9,10.680562,10.70594819,NaN,-2.109161363,0.274716712
1973m10,-3.950082326,8.055789092,NaN,NaN,0.267943327
1973m11,1.6737081,6.330389872,NaN,NaN,0.279719123
1973m12,-42.03210571,-2.867536469,NaN,3.778994365,0.312465618
1974m1,2.081809773,-8.467392822,NaN,NaN,0.334707617
1974m2,-5.626678371,-3.731215608,NaN,NaN,0.348144505
1974m3,4.536059809,0.377236234,NaN,-3.453929537,0.340721463
1974m4,8.423367469,-4.153560651,NaN,NaN,0.320965745
1974m5,1.257176758,9.422453766,NaN,NaN,0.324795843
1974m6,-6.949597552,-1.303547823,NaN,0.949580353,0.332651195
1974m7,11.85366989,0.590605926,NaN,NaN,0.335639613
1974m8,19.13786779,-11.70507937,NaN,NaN,0.370849129
1974m9,-45.78516766,0.590940431,NaN,-3.798514083,0.390050601
1974m10,-20.79030616,-4.484479182,NaN,NaN,0.42883547
1974m11,-17.98627912,-39.99975417,NaN,NaN,0.493284177
1974m12,-27.79648452,-43.25679091,NaN,-1.555585968,0.564776892
1975m1,34.0866005,-16.57600339,NaN,NaN,0.574478138
1975m2,10.45811897,-27.92117998,NaN,NaN,0.586897473
1975m3,-32.04932449,-12.9364368,NaN,-4.899081203,0.586701014
1975m4,11.95994714,0.945918955,NaN,NaN,0.562372188
1975m5,52.02132425,-2.752511902,NaN,NaN,0.531293937
1975m6,-10.34706726,7.873702618,NaN,2.84801179,0.529521774
1975m7,7.466426854,11.56103304,NaN,NaN,0.470107742
1975m8,8.446187508,12.38535412,NaN,NaN,0.480023789
1975m9,-6.470505562,14.7410802,NaN,6.788694896,0.472654508
1975m10,1.31950312,5.29270826,NaN,NaN,0.446869
1975m11,-3.761265639,2.58607262,NaN,NaN,0.425039788
1975m12,12.10953897,14.84186118,NaN,5.350090629,0.396413478
1976m1,25.25161826,17.25712653,NaN,NaN,0.39100849
1976m2,-10.598695,11.978327,NaN,NaN,0.366586665
1976m3,5.789363615,1.074005777,NaN,8.895396333,0.378616815
1976m4,21.20872946,6.738884396,NaN,NaN,0.386700228
1976m5,-16.16737361,5.58608661,NaN,NaN,0.408567822
1976m6,18.27378818,0.23639537,NaN,2.924068429,0.410648172
1976m7,2.546827934,7.162698554,NaN,NaN,0.404626073
1976m8,-12.78853907,8.42383802,NaN,NaN,0.401587745
1976m9,-6.177494616,3.387555044,NaN,2.188881957,0.422047994
1976m10,11.68361798,0.460011462,NaN,NaN,0.422940106
1976m11,0.856923059,17.5648007,NaN,NaN,0.400497666
1976m12,27.55150045,12.49157338,NaN,2.888927485,0.383931873
1977m1,-14.69892775,-6.588241821,NaN,NaN,0.413340466
1977m2,15.07618614,18.16133756,NaN,NaN,0.46096027
1977m3,3.860075705,14.78308741,NaN,4.698267895,0.367171177
1977m4,10.43515355,11.23641821,NaN,NaN,0.373639784
1977m5,-9.284243299,9.969218856,NaN,NaN,0.385395024
1977m6,0.399037619,8.632841032,NaN,7.701811099,0.364556528
1977m7,7.754828659,1.681741315,NaN,NaN,0.365371589
1977m8,-6.945424684,0.337522349,NaN,NaN,0.369593221
1977m9,1.324367617,5.764479274,NaN,7.153062562,0.370778157
1977m10,17.77775842,2.300472124,NaN,NaN,0.359665381
1977m11,1.695379796,1.265430077,NaN,NaN,0.351475501
1977m12,-0.299688786,2.002676316,NaN,0.008748597,0.357842991
1978m1,-31.61904332,-16.66923874,NaN,NaN,0.347962289
1978m2,22.26813624,5.926010048,NaN,NaN,0.380068824
1978m3,21.63423959,22.65864622,NaN,1.274677502,0.345230087
1978m4,20.18565766,24.60667424,NaN,NaN,0.320948274
1978m5,-3.528323687,4.443052336,NaN,NaN,0.320915443
1978m6,11.31227985,8.239319934,NaN,15.16583194,0.316740092
1978m7,-17.00866264,-0.556461515,NaN,NaN,0.341995527
1978m8,8.439035583,4.497404737,NaN,NaN,0.340207392
1978m9,-5.29985999,3.026419567,NaN,4.002004796,0.313828494
1978m10,10.39754989,9.587121935,NaN,NaN,0.318441987
1978m11,11.10603843,9.057023377,NaN,NaN,0.3191325
1978m12,8.708046767,6.398164149,NaN,5.340771499,0.342552187
1979m1,-17.98197261,-7.74116947,NaN,NaN,0.343561702
1979m2,-2.134009231,6.430061373,NaN,NaN,0.343055635
1979m3,11.83985866,3.751842469,NaN,0.718488979,0.34229221
1979m4,-14.6836476,-13.61406673,NaN,NaN,0.398859578
1979m5,-1.155113287,9.601181029,NaN,NaN,0.334066103
1979m6,-8.263937186,-0.067520425,NaN,0.427487661,0.344043273
1979m7,-18.40874364,-1.630646184,NaN,NaN,0.361183597
1979m8,32.16913854,-7.991496861,NaN,NaN,0.374657456
1979m9,0.457834134,1.331084761,NaN,2.960511107,0.365583246
1979m10,-21.50468003,6.563494584,NaN,NaN,0.380558184
1979m11,3.189725142,-1.064353622,NaN,NaN,0.390551166
1979m12,-10.70368154,1.544356783,NaN,0.999045498,0.402981423
1980m1,8.116226283,5.471516729,NaN,NaN,0.388740827
1980m2,-25.25756468,0.035884832,NaN,NaN,0.391763592
1980m3,-34.82019317,-3.951528684,NaN,1.256086864,0.407545894
1980m4,-27.96163241,-24.91416944,NaN,NaN,0.49699318
1980m5,-11.10311597,-29.53246705,NaN,NaN,0.575896155
1980m6,4.716633827,-14.90266797,NaN,-8.328002818,0.568458513
1980m7,23.3934078,-9.300312805,NaN,NaN,0.521888036
1980m8,3.177916952,4.302515406,NaN,NaN,0.493160917
1980m9,-6.207170149,19.30695628,NaN,-0.475677292,0.450755383
1980m10,16.27501618,15.04586141,NaN,NaN,0.407802244
1980m11,-2.90035401,20.53772752,NaN,NaN,0.383571322
1980m12,-9.718789688,6.768534158,NaN,7.39099449,0.381921157
1981m1,16.87936237,-6.880599797,NaN,NaN,0.382315369
1981m2,4.588371652,-5.520160117,NaN,NaN,0.396103176
1981m3,-0.887849816,6.336398801,NaN,7.761952965,0.375392665
1981m4,-14.53537892,-5.346495869,NaN,NaN,0.3766353
1981m5,-16.91197436,7.123380708,NaN,NaN,0.381241874
1981m6,0.303882095,5.648880022,NaN,-2.975350507,0.399461235
1981m7,-3.871128175,7.849580127,NaN,NaN,0.396799808
1981m8,9.751264211,-0.162493065,NaN,NaN,0.414072201
1981m9,-16.64790519,-7.164754498,NaN,4.761643158,0.43700482
1981m10,-20.21988263,-8.121816012,NaN,NaN,0.452010566
1981m11,-7.017088399,-13.81541456,NaN,NaN,0.468481087
1981m12,1.291421472,-13.17414468,NaN,-4.382100621,0.505913031
1982m1,-16.88515728,-24.16099454,NaN,NaN,0.490608586
1982m2,27.46494801,23.55765629,NaN,NaN,0.487589867
1982m3,-10.9683248,-9.185659066,NaN,-6.262937791,0.507908403
1982m4,1.716120233,-10.59933045,NaN,NaN,0.534511018
1982m5,1.801163589,-7.746295066,NaN,NaN,0.528560176
1982m6,-33.04751331,-4.0468656,NaN,1.820636568,0.544598977
1982m7,14.91305129,-3.737713854,NaN,NaN,0.522013377
1982m8,-8.352997374,-10.56149959,NaN,NaN,0.56961109
1982m9,16.25753943,-3.682638258,NaN,-1.532111481,0.59677026
1982m10,8.954375076,-10.73982768,NaN,NaN,0.589106408
1982m11,19.71865159,-4.815809395,NaN,NaN,0.535119316
1982m12,3.883061091,-8.664727054,NaN,0.159737952,0.471494288
1983m1,-10.51076427,23.00575704,NaN,NaN,0.452594968
1983m2,2.089763472,-7.524732699,NaN,NaN,0.441771969
1983m3,30.35140905,9.699423669,NaN,5.236984631,0.434273468
1983m4,-5.227346157,14.57697464,NaN,NaN,0.447540333
1983m5,15.11253537,8.175426497,NaN,NaN,0.422397921
1983m6,24.97109722,7.160658,NaN,9.000398799,0.397080775
1983m7,2.174464286,18.02470857,NaN,NaN,0.365081069
1983m8,-21.60288153,13.31527732,NaN,NaN,0.38826171
1983m9,19.11244145,18.03094348,NaN,7.917399144,0.363986892
1983m10,13.69754337,9.936271389,NaN,NaN,0.359344567
1983m11,11.96296698,4.187311966,NaN,NaN,0.349734469
1983m12,4.014586631,6.31310118,NaN,8.259023108,0.328327116
1984m1,18.63787342,23.67115763,NaN,NaN,0.312809133
1984m2,-7.28470968,5.136169865,NaN,NaN,0.301247614
1984m3,-11.96991893,5.898491231,NaN,7.743637621,0.306796909
1984m4,17.42070346,7.515451053,NaN,NaN,0.326486764
1984m5,5.504596808,5.671554337,NaN,NaN,0.316984751
1984m6,14.72643475,4.179802941,NaN,6.852137137,0.317527259
1984m7,-23.65886434,3.765248502,NaN,NaN,0.316305759
1984m8,-10.16042281,1.142024185,NaN,NaN,0.342622403
1984m9,13.48691423,-2.126662457,NaN,3.83778666,0.347277726
1984m10,1.260527962,-1.978138416,NaN,NaN,0.367701874
1984m11,20.39968266,4.726682685,NaN,NaN,0.356485942
1984m12,-7.365865512,1.343104851,NaN,3.270048228,0.336530489
1985m1,6.768520367,-1.91796028,NaN,NaN,0.323164088
1985m2,5.993141881,4.107689384,NaN,NaN,0.341019882
1985m3,0.451307835,1.93480626,NaN,3.857685115,0.330188679
1985m4,13.17792501,-3.277593714,NaN,NaN,0.345310454
1985m5,5.256925761,1.694221725,NaN,NaN,0.340828228
1985m6,-10.07787389,0.879199677,NaN,3.506407709,0.341321272
1985m7,-0.131155903,-7.828980698,NaN,NaN,0.328000347
1985m8,14.89258518,4.961224179,NaN,NaN,0.350764587
1985m9,31.14733173,5.168082146,NaN,6.062324616,0.352443812
1985m10,-39.79316767,-4.969717939,NaN,NaN,0.349347798
1985m11,0.260935746,4.047566065,NaN,NaN,0.338743703
1985m12,9.453173534,12.49483759,NaN,2.962172902,0.331101638
1986m1,7.172674941,5.553184989,NaN,NaN,0.314315833
1986m2,-9.061682658,-7.8988563,NaN,NaN,0.316130799
1986m3,-1.794611097,-8.299203656,NaN,3.716694675,0.325200478
1986m4,12.01366404,0.379834471,NaN,NaN,0.328812779
1986m5,14.00323816,2.59408696,NaN,NaN,0.328432374
1986m6,-3.127224063,-3.916599975,NaN,1.797491023,0.313759696
1986m7,2.978997488,6.701537826,NaN,NaN,0.306444649
1986m8,11.11894869,-1.604197783,NaN,NaN,0.344815912
1986m9,64.21570787,2.431877217,NaN,3.809927337,0.334051269
1986m10,-53.55231312,5.599265417,NaN,NaN,0.323374059
1986m11,-7.761008302,5.451968053,NaN,NaN,0.306151693
1986m12,48.69793596,10.06101788,NaN,2.142554511,0.302037754
1987m1,-86.65290706,-3.682650602,NaN,NaN,0.29079894
1987m2,54.09845595,15.60204161,NaN,NaN,0.292767079
1987m3,3.855507805,1.56161447,NaN,2.969635028,0.279408066
1987m4,4.44831151,7.545439682,NaN,NaN,0.281767447
1987m5,-3.409239066,7.723064413,NaN,NaN,0.275814946
1987m6,11.17724882,5.5673962,NaN,4.292477338,0.269340711
1987m7,4.728118473,8.288950021,NaN,NaN,0.266259112
1987m8,16.96867693,9.928523242,NaN,NaN,0.2706162
1987m9,-20.14920947,3.076858679,NaN,3.455479658,0.258101341
1987m10,-7.235792553,17.37848959,NaN,NaN,0.248944062
1987m11,0.347989256,6.281040124,NaN,NaN,0.254479841
1987m12,12.79504532,5.912253039,NaN,6.809911335,0.264021072
1988m1,-0.081002405,0.538844535,NaN,NaN,0.277426448
1988m2,6.019758603,5.202161582,NaN,NaN,0.263090561
1988m3,17.3837807,2.398873386,NaN,2.06118547,0.252661004
1988m4,-12.62775508,6.775014668,NaN,NaN,0.257482413
1988m5,7.582615948,-1.405047322,NaN,NaN,0.25914546
1988m6,0.638032747,3.052354262,NaN,5.221243679,0.253760095
1988m7,-1.695521281,0.51432001,NaN,NaN,0.264332388
1988m8,1.805149003,4.998360114,NaN,NaN,0.257727738
1988m9,-8.982736753,-3.291255694,NaN,2.336875543,0.249672024
1988m10,21.02051742,5.941620471,NaN,NaN,0.238449831
1988m11,5.964090026,1.902226122,NaN,NaN,0.236877941
1988m12,4.585730715,5.852240464,NaN,5.294784725,0.239108806
1989m1,3.788603171,3.604547816,NaN,NaN,0.23482454
1989m2,-20.10426611,-5.469265258,NaN,NaN,0.246680473
1989m3,0.931530879,2.725536133,NaN,4.045879377,0.26130637
1989m4,13.4559491,0.813263297,NaN,NaN,0.252336827
1989m5,2.14332084,-7.987420464,NaN,NaN,0.262808365
1989m6,-3.515488852,0.572566426,NaN,3.041483836,0.268559216
1989m7,2.12619215,-11.0706567,NaN,NaN,0.275557205
1989m8,18.64041593,11.03476122,NaN,NaN,0.26939742
1989m9,-4.074378959,-4.190137383,NaN,2.9525987,0.27109017
1989m10,-19.11695825,-0.781353742,NaN,NaN,0.292445919
1989m11,5.685959971,3.928164005,NaN,NaN,0.270184616
1989m12,-0.694594493,7.259878728,NaN,0.787411578,0.28530808
1990m1,25.67543409,-7.993775116,NaN,NaN,0.286888177
1990m2,-14.04764374,11.70755689,NaN,NaN,0.284981306
1990m3,-1.037437497,5.857836941,NaN,4.347450108,0.274401634
1990m4,-11.61830758,-1.824936481,NaN,NaN,0.287905196
1990m5,-4.2779045,2.557488872,NaN,NaN,0.282184077
1990m6,3.160841446,3.847403402,NaN,1.449005187,0.288597071
1990m7,-1.45177525,-1.553848206,NaN,NaN,0.291890688
1990m8,-4.149191339,3.938323003,NaN,NaN,0.304984523
1990m9,-4.203122103,1.517286193,NaN,0.266003229,0.31296667
1990m10,-3.741898068,-9.052410905,NaN,NaN,0.337513393
1990m11,-6.033335137,-14.11276545,NaN,NaN,0.354366622
1990m12,-14.47588229,-7.876008569,NaN,-3.658194758,0.360704603
1991m1,-31.60726168,-5.221017307,NaN,NaN,0.349132627
1991m2,18.59721794,-8.406547034,NaN,NaN,0.384066021
1991m3,6.801477116,-6.304182919,NaN,-1.875766529,0.394968235
1991m4,9.451730173,2.364095473,NaN,NaN,0.369227487
1991m5,-4.009910956,11.95347282,NaN,NaN,0.354267056
1991m6,-0.969223832,10.88067957,NaN,3.106778932,0.33926748
1991m7,2.179653806,1.429224273,NaN,NaN,0.33153923
1991m8,-10.19559383,1.02549662,NaN,NaN,0.342132382
1991m9,-2.351075996,10.63561337,NaN,2.016097069,0.335175681
1991m10,-9.553327363,-2.091853866,NaN,NaN,0.333815006
1991m11,1.036743731,-1.374704865,NaN,NaN,0.351536294
1991m12,-4.492173505,-4.781515817,NaN,1.391571284,0.360599697
1992m1,21.76877219,-6.731597557,NaN,NaN,0.344960357
1992m2,-1.730689244,8.565228276,NaN,NaN,0.347622379
1992m3,-7.926186832,9.930719071,NaN,4.759774649,0.336588195
1992m4,4.640125176,9.062538233,NaN,NaN,0.327164212
1992m5,3.974587924,3.907913089,NaN,NaN,0.325790866
1992m6,-0.060736429,0.171626694,NaN,4.314065576,0.325979495
1992m7,5.071013414,10.79621233,NaN,NaN,0.344383687
1992m8,1.329863288,-5.919736399,NaN,NaN,0.316608741
1992m9,8.838285514,2.784758513,NaN,3.93368184,0.324511093
1992m10,3.553044555,8.967418764,NaN,NaN,0.295096309
1992m11,-0.727716811,5.094053019,NaN,NaN,0.28203611
1992m12,12.97267043,1.083214031,NaN,4.151045081,0.263702413
1993m1,9.599147279,5.186941376,NaN,NaN,0.269158879
1993m2,-11.90966959,5.308211022,NaN,NaN,0.263315636
1993m3,-11.64975734,-1.681120303,NaN,0.669041398,0.272943592
1993m4,26.37447111,4.201975201,NaN,NaN,0.275889691
1993m5,7.998472738,-4.173218307,NaN,NaN,0.265812601
1993m6,-2.64079913,1.987946177,NaN,2.322920475,0.264853838
1993m7,15.63360743,3.697751402,NaN,NaN,0.271103658
1993m8,-2.727710475,-1.261759196,NaN,NaN,0.263078715
1993m9,5.401373851,5.725419035,NaN,1.904716792,0.262245877
1993m10,2.352491908,9.178509973,NaN,NaN,0.26996365
1993m11,8.871091299,4.961175321,NaN,NaN,0.262892122
1993m12,8.222187884,6.548121461,NaN,5.403787234,0.248574353
1994m1,-8.117876753,4.535294194,NaN,NaN,0.275046709
1994m2,15.57294979,0.32802999,NaN,NaN,0.266704421
1994m3,18.88910693,12.02959296,NaN,3.862159611,0.257476994
1994m4,-0.433134818,6.780793216,NaN,NaN,0.263357347
1994m5,-6.905150528,6.129419515,NaN,NaN,0.274508904
1994m6,10.50371288,7.634137954,NaN,5.383788886,0.260414672
1994m7,-0.238955947,1.837398538,NaN,NaN,0.261917154
1994m8,10.05009536,7.110949121,NaN,NaN,0.256141687
1994m9,7.34230692,4.565122339,NaN,2.331254314,0.25129165
1994m10,10.11271081,10.11940488,NaN,NaN,0.253066553
1994m11,-2.247915716,7.373873805,NaN,NaN,0.248690206
1994m12,3.415169843,12.53551864,NaN,4.556051973,0.244939409
1995m1,2.00860879,2.192083211,NaN,NaN,0.252578803
1995m2,-22.23617105,-1.953049822,NaN,NaN,0.255648488
1995m3,8.739216012,1.727482839,NaN,1.416513468,0.257554425
1995m4,-0.054366293,-0.766917903,NaN,NaN,0.264122483
1995m5,9.243035227,4.069361517,NaN,NaN,0.280809398
1995m6,12.40716385,4.065356575,NaN,1.191586896,0.277569364
1995m7,-4.967141812,-4.782860986,NaN,NaN,0.280634412
1995m8,6.976686133,15.05233114,NaN,NaN,0.269201124
1995m9,1.252039673,4.801977354,NaN,3.388318654,0.272978863
1995m10,-7.951737089,-1.476968709,NaN,NaN,0.279921034
1995m11,12.83197085,3.016217761,NaN,NaN,0.284283711
1995m12,8.376643807,4.570818746,NaN,2.706904251,0.275448831
1996m1,-15.95794048,-7.869794307,NaN,NaN,0.282017253
1996m2,16.54589402,18.34175698,NaN,NaN,0.283749022
1996m3,6.745203285,-1.128778592,NaN,2.984624553,0.290133654
1996m4,-0.218122331,10.92799334,NaN,NaN,0.269284681
1996m5,6.73474707,8.755755675,NaN,NaN,0.257730031
1996m6,-3.588901421,10.09761393,NaN,6.616366365,0.255951891
1996m7,-0.827054883,-1.556884672,NaN,NaN,0.250960651
1996m8,-1.385505359,6.93860228,NaN,NaN,0.247512197
1996m9,12.16206112,8.234602075,NaN,3.571969225,0.254804297
1996m10,6.035117054,-0.713614016,NaN,NaN,0.251258144
1996m11,-4.318779575,10.54778927,NaN,NaN,0.249172265
1996m12,2.54841143,7.773293082,NaN,4.132111339,0.261632855
1997m1,5.765570738,1.699870412,NaN,NaN,0.250265769
1997m2,8.120761459,14.42973228,NaN,NaN,0.236890694
1997m3,3.183802689,8.008566242,NaN,2.573958092,0.23504132
1997m4,-8.987276051,0.281767886,NaN,NaN,0.240412893
1997m5,-9.037879015,7.003716358,NaN,NaN,0.23788009
1997m6,14.46723188,5.839904539,NaN,6.593365424,0.238967484
1997m7,12.4699739,9.11829989,NaN,NaN,0.234654924
1997m8,0.18514103,12.47289517,NaN,NaN,0.241695823
1997m9,2.253063945,10.61257374,NaN,4.972358239,0.230656667
1997m10,-4.712719865,10.28010453,NaN,NaN,0.22688516
1997m11,1.668398999,10.48884295,NaN,NaN,0.229700426
1997m12,3.111511526,3.694575614,NaN,3.420598651,0.228391236
1998m1,0.621335325,6.146771275,NaN,NaN,0.234290091
1998m2,0.503549331,1.575008617,NaN,NaN,0.232656514
1998m3,7.219438073,0.810226957,NaN,3.978072593,0.22953161
1998m4,13.37821292,4.432725267,NaN,NaN,0.226759023
1998m5,2.57059976,7.606226238,NaN,NaN,0.226538159
1998m6,8.079568171,-7.552521439,NaN,3.686191249,0.245898658
1998m7,-10.80688889,-4.175481388,NaN,NaN,0.242026921
1998m8,-6.692074489,24.38012358,NaN,NaN,0.227229774
1998m9,10.23391676,-2.347464722,NaN,4.979150695,0.219834257
1998m10,17.01901349,9.677384628,NaN,NaN,0.224618344
1998m11,7.122738217,-0.779459017,NaN,NaN,0.228355049
1998m12,8.754355749,4.447822376,NaN,6.411855364,0.227938312
1999m1,-0.544279406,5.604468857,NaN,NaN,0.234671194
1999m2,12.82872575,6.382327834,NaN,NaN,0.216957983
1999m3,4.774646949,1.90199713,NaN,3.768083594,0.218229655
1999m4,0.64675147,3.251490737,NaN,NaN,0.22200793
1999m5,9.964688968,8.232924098,NaN,NaN,0.216811519
1999m6,3.357846923,-2.006229946,NaN,3.064862791,0.211011347
1999m7,4.343431223,7.570854074,NaN,NaN,0.213713523
1999m8,9.981487447,5.040360353,NaN,NaN,0.208527577
1999m9,-0.015411091,-5.074356428,NaN,5.2046515,0.207345547
1999m10,0.154102003,15.89745497,NaN,NaN,0.207768421
1999m11,12.20346902,5.653884463,NaN,NaN,0.201214069
1999m12,19.1269252,9.239455356,NaN,6.741214693,0.198677386
2000m1,-11.66082916,0.210263515,NaN,NaN,0.202717426
2000m2,12.71871602,3.561231783,NaN,NaN,0.206204021
2000m3,6.872267126,4.340844569,NaN,1.444429495,0.192896359
2000m4,-17.51603722,8.612241794,NaN,NaN,0.190261364
2000m5,-0.560033309,2.0430688,NaN,NaN,0.198225974
2000m6,1.943859212,1.15122478,NaN,7.258403018,0.204080201
2000m7,-6.965548778,-1.815123129,NaN,NaN,0.207340559
2000m8,1.268784168,-3.512593798,NaN,NaN,0.219452124
2000m9,13.95136315,4.621813534,NaN,0.533864716,0.21064006
2000m10,-4.760553117,-3.542048669,NaN,NaN,0.211047384
2000m11,-5.96790654,0.32575219,NaN,NaN,0.233803388
2000m12,-3.784953724,-3.344735774,NaN,2.483830602,0.241539149
2001m1,6.311716393,-7.749018636,NaN,NaN,0.236439499
2001m2,-2.988812421,-7.70357359,NaN,NaN,0.258348933
2001m3,-10.72240859,-2.809765117,NaN,-1.142340243,0.269030877
2001m4,16.72276116,-3.503184139,NaN,NaN,0.276347958
2001m5,-3.170251816,-7.35370847,NaN,NaN,0.275262005
2001m6,-7.376753928,-7.194962288,NaN,2.331415567,0.27707053
2001m7,-1.818925926,-6.876189624,NaN,NaN,0.277054589
2001m8,8.167324404,-1.488613217,NaN,NaN,0.277770023
2001m9,-27.67046028,-4.597827364,NaN,-1.663607068,0.302106411
2001m10,81.03033578,-5.232960706,NaN,NaN,0.333654901
2001m11,-29.97976424,-5.893599841,NaN,NaN,0.310246811
2001m12,-13.64613356,0.282441396,NaN,1.088004456,0.288832681
2002m1,-2.862268821,7.561371747,NaN,NaN,0.283911233
2002m2,4.504425251,-0.317567165,NaN,NaN,0.27583251
2002m3,-6.71024595,9.748195971,NaN,3.482849956,0.287511853
2002m4,13.77805539,4.945458857,NaN,NaN,0.296596994
2002m5,-17.57432079,5.062583323,NaN,NaN,0.282189626
2002m6,9.486989184,11.36436641,NaN,2.415621406,0.267388542
2002m7,9.844079454,-2.878644214,NaN,NaN,0.266569063
2002m8,5.995226687,0.157031336,NaN,NaN,0.271431428
2002m9,-19.50473841,1.665583519,NaN,1.774344135,0.28134275
2002m10,2.187086651,-3.629953725,NaN,NaN,0.280427213
2002m11,5.895014149,6.247767293,NaN,NaN,0.270406299
2002m12,8.117095402,-5.901031607,NaN,0.618811639,0.285559676
2003m1,0.029686621,9.109331119,NaN,NaN,0.270664739
2003m2,-23.25295453,1.705037752,NaN,NaN,0.281314168
2003m3,19.11200719,-2.779919086,NaN,2.212934314,0.292695621
2003m4,1.637270478,-8.609389638,NaN,NaN,0.297834428
2003m5,5.246518259,0.336489265,NaN,NaN,0.289419795
2003m6,11.64263574,2.006661431,NaN,3.426322672,0.286795506
2003m7,8.505543364,5.272397032,NaN,NaN,0.280916135
2003m8,14.68361911,-1.712978193,NaN,NaN,0.273276657
2003m9,-11.22996085,7.0426754,NaN,6.735804208,0.269910599
2003m10,-3.118763702,1.692771269,NaN,NaN,0.260366967
2003m11,13.89549393,9.210917284,NaN,NaN,0.246938776
2003m12,-7.600878373,-0.854794557,NaN,4.566502539,0.244157597
2004m1,2.025829805,3.06104084,NaN,NaN,0.245297667
2004m2,5.697365759,7.248079094,NaN,NaN,0.245894935
2004m3,18.51248456,-5.983243883,NaN,2.129311719,0.232741725
2004m4,-14.86310016,5.403700983,NaN,NaN,0.237146748
2004m5,15.5713531,9.474567159,NaN,NaN,0.228606399
2004m6,-19.61651468,-9.933884338,NaN,3.036748925,0.236674352
2004m7,12.32990548,9.210404265,NaN,NaN,0.232240067
2004m8,0.975531656,0.884055906,NaN,NaN,0.230916755
2004m9,17.0604585,1.010263398,NaN,3.763551134,0.228775905
2004m10,1.689978161,11.37130151,NaN,NaN,0.225991759
2004m11,-1.626824144,2.514164626,NaN,NaN,0.221885504
2004m12,14.69433158,8.795546291,NaN,3.986762432,0.21967594
2005m1,-10.92514981,5.511882631,NaN,NaN,0.231981571
2005m2,10.70332041,8.224865287,NaN,NaN,0.210125098
2005m3,-2.359473349,-1.905318104,NaN,4.403526149,0.223733245
2005m4,7.030018807,2.019927079,NaN,NaN,0.217020534
2005m5,-6.752192795,1.566029798,NaN,NaN,0.219079331
2005m6,32.90091725,4.593454333,NaN,1.841997537,0.218275506
2005m7,1.54636151,-3.799767267,NaN,NaN,0.217088709
2005m8,-18.7371506,3.297988627,NaN,NaN,0.210810594
2005m9,-14.14161843,-22.61155854,NaN,3.549539666,0.255244942
2005m10,-1.318521307,15.04025914,NaN,NaN,0.234798435
2005m11,17.24783681,12.10249869,NaN,NaN,0.21140839
2005m12,0.280584095,7.41829195,NaN,2.517910999,0.210891155
2006m1,26.55481644,1.413816755,NaN,NaN,0.196885776
2006m2,-9.447386273,0.049868995,NaN,NaN,0.193008543
2006m3,1.436007666,2.469483233,NaN,5.286066011,0.200082221
2006m4,-0.080856177,4.803402611,NaN,NaN,0.201218179
2006m5,-5.998526372,-1.207909369,NaN,NaN,0.220263588
2006m6,0.968006754,4.601960066,NaN,0.933708346,0.201844682
2006m7,-2.750368145,-0.440213206,NaN,NaN,0.210600025
2006m8,0.311934902,4.70919207,NaN,NaN,0.207130428
2006m9,0.128819018,-2.435710095,NaN,0.618053435,0.208489932
2006m10,3.66892029,-0.686412807,NaN,NaN,0.207509816
2006m11,2.093428181,-1.152740101,NaN,NaN,0.214066375
2006m12,8.303879968,12.41467087,NaN,3.393029333,0.212136291
2007m1,-2.36763858,-6.258015132,NaN,NaN,0.207157969
2007m2,-3.354877764,12.03506647,NaN,NaN,0.210971154
2007m3,4.120008416,2.613296671,NaN,0.940865026,0.202154837
2007m4,-6.768845009,8.405598315,NaN,NaN,0.210089546
2007m5,10.50693623,0.583311337,58.472,NaN,0.199286042
2007m6,-11.80990827,0.338603854,50.3453,2.284950906,0.205957881
2007m7,2.618011103,-0.447666115,52.687,NaN,0.204666327
2007m8,5.279345404,2.670894358,50.405,NaN,0.209494007
2007m9,-0.201332148,4.636130477,51.7553,2.167203727,0.204283833
2007m10,4.067062339,-5.077238082,53.9025,NaN,0.214286181
2007m11,1.971612571,7.046312359,51.5935,NaN,0.218415835
2007m12,-18.01135533,0.135561362,53.0882,2.424008025,0.226224353
2008m1,-1.125830891,-3.237147389,54.1035,NaN,0.219877583
2008m2,-13.83322255,-4.032967314,53.4992,NaN,0.22567083
2008m3,-1.346092353,-2.843225295,51.7388,-2.305430398,0.236115082
2008m4,-3.33050653,-9.123484841,50.8385,NaN,0.233792247
2008m5,4.024344729,-6.780161075,49.4765,NaN,0.237714108
2008m6,-11.1706375,-2.818035314,46.9188,2.060233571,0.248358855
2008m7,-13.06125861,-6.367812892,50.0755,NaN,0.257656876
2008m8,-7.056528628,-18.49841222,46.0455,NaN,0.280003363
2008m9,-19.07057639,-53.20393911,43.8253,-2.17130492,0.300187617
2008m10,-35.58788266,11.35997263,37.3768,NaN,0.30685839
2008m11,-25.71907842,-15.17773333,34.515,NaN,0.336137714
2008m12,-16.02563195,-35.60594751,33.186,-8.750259684,0.364682681
2009m1,14.32095764,-28.84471888,30.7383,NaN,0.370922768
2009m2,-9.191034528,-7.763867567,33.0323,NaN,0.416725983
2009m3,-19.84035992,-19.17995298,33.9578,-4.516179356,0.427715025
2009m4,4.615449675,-9.615123717,36.4103,NaN,0.406287012
2009m5,8.703921903,-12.15709594,38.4763,NaN,0.395484242
2009m6,10.12092269,-4.694380497,43.9153,-0.576374056,0.386676233
2009m7,2.590730185,13.13179663,44.2387,NaN,0.36666192
2009m8,17.47315607,13.37524501,43.9975,NaN,0.362394447
2009m9,-30.90390321,9.046126026,46.4975,1.453799284,0.355919312
2009m10,7.506270145,3.834985061,50.6562,NaN,0.341648026
2009m11,5.508216343,4.762280731,51.8375,NaN,0.321033546
2009m12,5.279581014,3.65668943,50.5963,4.369582707,0.317090216
2010m1,-0.376882058,13.83840209,52.973,NaN,0.312605874
2010m2,3.214768265,4.309749583,54.0239,NaN,0.316050074
2010m3,26.36193897,7.869869637,54.5575,1.536165424,0.305448381
2010m4,8.699115605,4.453530415,51.7383,NaN,0.303320355
2010m5,-10.35519691,17.38218087,54.5065,NaN,0.298135517
2010m6,0.88352777,1.780232753,51.7774,3.671214288,0.299773461
2010m7,-0.714134547,5.247737681,51.1001,NaN,0.298781321
2010m8,5.561943409,3.678349645,51.1066,NaN,0.308269408
2010m9,6.615695183,2.757673443,52.1437,2.938028615,0.294528333
2010m10,9.852039621,-3.185308468,51.7363,NaN,0.290819149
2010m11,9.520772999,0.345651916,50.8193,NaN,0.276561233
2010m12,1.390814093,11.56839934,49.3878,2.00258882,0.273511227
2011m1,4.36984388,-1.543779963,53.5062,NaN,0.278475562
2011m2,6.620922484,-5.277577064,54.4006,NaN,0.262051771
2011m3,4.683727769,11.86260082,53.1308,-0.962923106,0.264708951
2011m4,1.653710509,-4.306926834,53.4434,NaN,0.273929779
2011m5,-5.358083911,2.731009345,52.7991,NaN,0.27528196
2011m6,9.165663478,3.454105999,51.9605,2.849718041,0.272749208
2011m7,-4.415088674,6.364682633,52.5458,NaN,0.269166536
2011m8,-0.162525505,6.700964989,54.6259,NaN,0.266324142
2011m9,9.102766076,-0.291210691,51.6111,-0.111130086,0.271035677
2011m10,6.016417801,8.239593615,47.3093,NaN,0.261364891
2011m11,2.906439553,-0.96334306,50.6918,NaN,0.252549829
2011m12,0.473284928,6.630042917,52.5975,4.610467061,0.244813143
2012m1,7.526536552,7.325480754,52.5946,NaN,0.244686846
2012m2,12.07520144,2.747161181,52.5119,NaN,0.234853334
2012m3,2.202375124,-5.61680187,53.3511,3.11977314,0.236899754
2012m4,-7.64353443,8.98848094,50.3192,NaN,0.247015432
2012m5,0.82496437,2.301681264,50.5356,NaN,0.241176243
2012m6,-8.732076696,-0.235005886,48.3268,1.71711516,0.244514228
2012m7,3.642639619,3.144783301,48.6215,NaN,0.240403232
2012m8,7.135648992,-5.74731082,48.8495,NaN,0.241175216
2012m9,3.842655467,0.587502371,48.0066,0.539428945,0.246068574
2012m10,-1.580779954,2.541326487,47.2197,NaN,0.236895226
2012m11,6.903143708,5.768166877,50.3124,NaN,0.25830769
2012m12,3.711658532,4.228364814,52.6404,0.455233838,0.230678284
2013m1,7.692572568,-1.591479042,51.5369,NaN,0.226626349
2013m2,8.005384517,6.872932878,48.5217,NaN,0.227284434
2013m3,-5.378088795,4.864706341,51.8485,3.527103972,0.226960421
2013m4,-3.153445841,-2.064412117,51.7788,NaN,0.223464226
2013m5,4.935383044,1.312197747,49.774,NaN,0.223581679
2013m6,1.497469438,2.442386185,46.3236,0.493281615,0.221253427
2013m7,5.757558062,-5.124954159,52.5288,NaN,0.222366468
2013m8,-5.475732457,7.897094493,52.0089,NaN,0.214260467
2013m9,-0.818819455,6.164349986,48.9765,3.121449616,0.201686718
2013m10,4.683880697,-2.103539518,51.2677,NaN,0.231779302
2013m11,1.443689603,3.515133372,51.4274,NaN,0.211380543
2013m12,3.461781371,3.640986286,51.4193,3.180319142,0.222964004
2014m1,-15.35027802,-4.998841456,48.3727,NaN,0.210328802
2014m2,16.18920609,10.12175357,51.6447,NaN,0.215618428
2014m3,10.08765758,11.49626,51.0848,-1.13242221,0.205732304
2014m4,10.31769774,0.552894965,51.6947,NaN,0.207731272
2014m5,-0.333770546,4.328313993,52.2345,NaN,0.201562139
2014m6,1.393367488,4.481257997,50.6185,5.378403684,0.201339696
2014m7,0.594795551,2.361061457,50.2872,NaN,0.193420808
2014m8,9.820410842,-1.331222133,54.4016,NaN,0.193428553
2014m9,-2.660294587,3.579915618,54.1041,4.854155965,0.189054089
2014m10,3.463711298,0.248335102,51.1531,NaN,0.184602697
2014m11,6.040763597,9.348228045,48.2766,NaN,0.186333022
2014m12,-3.04565416,-1.743944983,50.9684,2.244863883,0.181984495
2015m1,0.290703153,-5.962482812,51.2488,NaN,0.183149717
2015m2,-5.159126624,-6.108333425,51.6868,NaN,0.192315058
2015m3,14.66176987,-3.374539058,49.9523,3.778715248,0.181303984
2015m4,0.704710368,-7.087608169,48.8417,NaN,0.182096014
2015m5,5.788562968,-5.211861996,49.651,NaN,0.173801625
2015m6,-1.460478769,-4.121056104,49.7363,2.697337729,0.174294228
2015m7,5.780474527,7.001308545,50.3224,NaN,0.176914209
2015m8,0.55874495,-1.867172528,49.4209,NaN,0.175094801
2015m9,-0.603201744,-4.447080649,50.6012,1.447794242,0.171948473
2015m10,-4.511391154,-4.39282564,51.8269,NaN,0.169882991
2015m11,3.240500777,-8.280143603,49.4286,NaN,0.170516248
2015m12,5.917231172,-6.858233016,50.207,0.64093576,0.171481001
2016m1,-7.412249297,9.961535626,51.1129,NaN,0.176453499
2016m2,12.84707836,-8.539088061,49.1165,NaN,0.168449383
2016m3,-6.181593635,-9.51104479,50.099,2.259261379,0.166087377
2016m4,0.797375861,1.196853038,48.6076,NaN,0.166812386
2016m5,1.321464177,-1.027660062,49.697,NaN,0.173345425
2016m6,8.049029564,5.252031826,52.3297,1.24573152,0.166852233
2016m7,-1.168103337,3.03283575,52.6458,NaN,0.163772679
2016m8,-1.257295045,-1.079083909,53.2101,NaN,0.165748626
2016m9,5.127770369,0.08231727,49.8409,2.171678301,0.157836776
2016m10,0.644910519,2.35892863,51.1429,NaN,0.160642067
2016m11,-2.387274924,-2.323651528,51.1892,NaN,0.155279503
2016m12,9.539403191,10.27312513,50.5728,2.509306131,0.157159852
2017m1,9.711082225,1.264294435,51.1231,NaN,0.154559747
2017m2,-2.162229534,-4.535495434,50.2764,NaN,0.149749322
2017m3,-0.748420841,8.09864092,51.2021,2.256300337,0.156341759
2017m4,5.032023447,10.74033096,52.0112,NaN,0.150833702
2017m5,-4.648476771,1.619282897,51.1686,NaN,0.14978758
2017m6,2.699913871,1.975140854,51.3758,1.704140732,0.150094862
2017m7,-0.111089396,-0.484297632,49.8479,NaN,0.152676517
2017m8,-3.2508286,-5.697689694,50.1388,NaN,0.149667061
2017m9,20.39677873,0.03113922,50.6294,2.904761835,0.167605389
2017m10,0.821107564,18.06796759,52.5578,NaN,0.147931761
2017m11,6.143487493,6.393694338,52.4933,NaN,0.149679148
2017m12,3.237971589,3.869715522,50.6581,3.804558475,0.148002342
2018m1,-5.641890112,-3.050732019,52.2709,NaN,0.145590682
2018m2,2.210330131,4.242975778,51.8588,NaN,0.135984621
2018m3,0.133095375,6.844536724,50.9661,3.709463161,0.139778828
2018m4,0.338721631,10.80860607,51.1522,NaN,0.137255629
2018m5,12.07086558,-9.55613526,50.9716,NaN,0.136680381
2018m6,-5.472803041,8.983843169,49.7969,2.665610435,0.136440109
2018m7,4.987740418,5.327495217,49.6461,NaN,0.133345255
2018m8,-4.3022735,9.598880754,50.4261,NaN,0.133060927
2018m9,-2.810496005,1.64562445,50.8292,2.095285058,0.131171411
2018m10,10.91614549,2.640541633,50.2027,NaN,0.13252975
2018m11,1.575226217,6.426199171,51.7524,NaN,0.136633018
2018m12,-26.03392636,0.487473221,52.3258,1.311134526,0.134632244
2019m1,18.43110846,-4.710385932,50.9723,NaN,0.135005088
2019m2,-3.828578826,-6.067703622,51.1989,NaN,0.137997019
2019m3,14.34964266,1.291710464,50.6428,2.890024745,0.133672937
2019m4,1.806942805,-7.598327668,50.7891,NaN,0.132577855
2019m5,3.191159961,2.613201213,49.0621,NaN,0.134075021
2019m6,2.337561243,0.560173334,51.3814,1.480122832,0.135472283
2019m7,4.431805616,-2.112450205,49.1918,NaN,0.130835573
2019m8,5.535894634,8.430856893,45.7803,NaN,0.13191453
2019m9,-6.637890729,-4.177879427,48.4304,2.539580066,0.129837672
2019m10,2.967777006,-4.893381823,50.4916,NaN,0.130777793
2019m11,-2.401919982,11.08496747,50.9748,NaN,0.13069907
2019m12,-1.851815815,-4.217919009,50.5541,2.33808079,0.137339264
2020m1,7.695162491,-5.134783823,49.5382,NaN,0.129248023
2020m2,-6.385620995,1.231410972,49.1395,NaN,0.128474712
2020m3,-97.79614625,-52.69116936,46.1935,-5.082775328,1.636916636
2020m4,-181.3405013,-164.4278819,24.9285,NaN,3.220998076
2020m5,202.0885069,10.57872236,25.9345,NaN,1.558393953
2020m6,90.40376025,66.06458312,47.8937,-38.2050649,0.937273341
2020m7,7.816330001,35.7979623,49.8033,NaN,0.856164384
2020m8,NaN,NaN,52.8708,NaN,0.641390716
2020m9,NaN,NaN,NaN,NaN,NaN
2020m10,NaN,NaN,NaN,NaN,NaN
2020m11,NaN,NaN,NaN,NaN,NaN
2020m12,NaN,NaN,NaN,NaN,NaN
