dates,gdp_data,dYq,dYm,MF,trend,MF_smooth,m_ip_detrended,m_rs_detrended,m_neo_detrended,m_uclaims_detrended,m_gdp_detrended
Jan-73,NaN,4.856767655,0.556087773,0.944096974,3.146538822,1.1313477,5.777008324,11.94471156,NaN,-0.105528916,NaN
Feb-73,NaN,6.430934009,0.66990058,1.428006789,3.141841806,1.209846172,14.10451267,6.113481508,NaN,-0.115851844,NaN
Mar-73,6.641571583,6.641570951,0.434404385,0.234960207,3.137144789,0.122102856,-2.607668839,-4.794824548,NaN,-0.111736792,6.641571583
Apr-73,NaN,5.278032903,0.215203261,-0.459888814,3.131553614,-0.307872546,-4.504055976,-19.81985266,NaN,-0.099373956,NaN
May-73,NaN,3.292061667,0.173407771,0.200379146,3.125962439,0.155251246,5.162959731,-8.226373805,NaN,-0.098244186,NaN
Jun-73,1.210745775,1.210745591,-0.085924634,0.004795231,3.120371264,0.000487245,-1.761082126,0.127946314,NaN,-0.101983965,1.210745775
Jul-73,NaN,-1.567413672,-0.479336555,0.183935945,3.114227327,0.011161085,1.807847128,-2.313437598,NaN,-0.098163022,NaN
Aug-73,NaN,-4.6137943,-0.588187386,-0.445200675,3.10808339,-0.316462284,-4.735077658,-20.59956406,NaN,-0.080979472,NaN
Sep-73,-5.211084454,-5.211083659,-0.235246974,0.385972514,3.101939454,0.539536405,6.766622552,8.073475604,NaN,-0.095201911,-5.211084454
Oct-73,NaN,-2.602806941,0.172732625,0.706274511,3.095592178,0.67349386,6.215349338,-6.530207751,NaN,-0.102414347,NaN
Nov-73,NaN,0.384030551,0.158521987,0.477301181,3.089244903,0.243461163,2.722697563,-0.87945635,NaN,-0.0910776,NaN
Dec-73,0.696059552,0.696059903,-0.157239636,-0.599601536,3.082897628,-0.75362826,-6.068868738,-36.84261306,NaN,-0.058770156,0.696059552
Jan-74,NaN,-2.278596882,-0.570931571,-1.115290806,3.076626282,-1.245185979,-11.06334894,-0.418156799,NaN,-0.03698083,NaN
Feb-74,NaN,-5.354829245,-0.610536104,-0.938915397,3.070354936,-1.053415826,-6.486329087,-8.100408041,NaN,-0.023996617,NaN
Mar-74,-6.518043355,-6.518042639,-0.448042985,-0.52896844,3.06408359,-0.552219382,-2.661939533,2.088567041,NaN,-0.031872331,-6.518043355
Apr-74,NaN,-4.992346273,-0.18950748,-0.445222359,3.058120908,-0.275678768,-6.051542964,6.001278114,NaN,-0.052088814,NaN
May-74,NaN,-2.724819838,-0.043654495,0.398265632,3.052158226,0.167912885,6.223172322,-1.139509185,NaN,-0.048719482,NaN
Jun-74,-2.096590714,-2.096590142,-0.290985561,-0.388092651,3.046195544,-0.471682622,-4.745644812,-9.320880082,NaN,-0.041324894,-2.096590714
Jul-74,NaN,-3.233137353,-0.473644283,-0.072671023,3.040708548,-0.324271254,-0.866850846,9.506801395,NaN,-0.038800039,NaN
Aug-74,NaN,-5.891225066,-0.708176423,-1.281409445,3.035221552,-1.179294078,-15.54699242,16.81541333,NaN,-0.004054086,NaN
Sep-74,-6.828284942,-6.828284408,-0.525250396,-0.959979564,3.029734555,-1.088851209,-2.408924019,-39.03390995,NaN,0.014683822,-6.828284942
Oct-74,NaN,-5.296609417,-0.090725535,-0.913649993,3.024781069,-1.559883484,-6.640941517,-23.0649045,NaN,0.053006277,NaN
Nov-74,NaN,-4.178264884,-0.42859029,-3.26299894,3.019827582,-3.643424985,-35.58695029,-20.23743538,NaN,0.116992571,NaN
Dec-74,-4.570458111,-4.570458784,-0.623298872,-4.225594988,3.014874095,-4.445544701,-38.12279341,-30.0241987,NaN,0.188022871,-4.570458111
Jan-75,NaN,-6.641296451,-0.608434952,-2.838428356,3.010427893,-3.247699946,-19.27932817,38.41140916,NaN,0.197265569,NaN
Feb-75,NaN,-8.060110635,-0.783293836,-3.327263132,3.005981692,-3.224938097,-30.66163534,8.27568964,NaN,0.209226358,NaN
Mar-75,-7.900557409,-7.900557763,-0.583410654,-2.208629881,3.00153549,-2.053514816,-15.99155476,-34.20911139,NaN,0.208571351,-7.900557409
Apr-75,NaN,-6.299068994,-0.208062759,-0.54758207,2.997573727,-0.6072002,-0.305289427,9.821922544,NaN,0.18379031,NaN
May-75,NaN,-3.22012269,-0.01355726,-0.288503644,2.993611963,-0.125525304,-6.256220021,66.12237448,NaN,0.152259843,NaN
Jun-75,-0.141668193,-0.141668303,0.186202943,0.297982902,2.9896502,0.433907707,4.958301598,-12.44156724,NaN,0.150035465,-0.141668193
Jul-75,NaN,2.231293604,0.385177718,0.945391896,2.986157039,1.275066641,9.115891096,5.392778993,NaN,0.090177942,NaN
Aug-75,NaN,3.587590069,0.325516857,1.008357913,2.982663879,1.226165535,9.619810271,6.393391765,NaN,0.099650499,NaN
Sep-75,3.809502263,3.809502241,0.241680986,1.319776211,2.979170719,1.1227082,12.92516158,-8.502449186,NaN,0.091837728,3.809502263
Oct-75,NaN,2.618504491,0.08742828,0.644732264,2.976177485,0.578276312,2.483378096,-0.692788325,NaN,0.065619335,NaN
Nov-75,NaN,1.690979942,0.093635719,0.081391564,2.973184252,0.452572801,-1.083236984,-5.753904906,NaN,0.043357239,NaN
Dec-75,2.379965313,2.379965176,0.413927294,1.148918878,2.970191019,1.382344759,13.83541364,10.13655188,NaN,0.014298045,2.379965313
Jan-76,NaN,4.449985535,0.60493337,1.476575779,2.967712859,1.517740873,13.55337526,23.29704639,NaN,0.008472536,NaN
Feb-76,NaN,6.301747709,0.556576263,1.252351964,2.965234698,1.214693795,9.335798155,-12.53485164,NaN,-0.01636981,NaN
Mar-76,5.932636622,5.932636232,0.321649425,0.437022402,2.962756538,0.462004966,-0.045355576,3.871622201,NaN,-0.004760182,5.932636622
Apr-76,NaN,3.907506862,0.098651027,0.335597604,2.96076128,0.324733338,3.637233404,19.30848698,NaN,0.002917188,NaN
May-76,NaN,1.513211705,-0.041997526,0.07282021,2.958766022,0.09755807,2.51719983,-18.05011716,NaN,0.024378739,NaN
Jun-76,-0.032682414,-0.032682341,-0.064824087,0.038089923,2.956770764,0.177831425,-1.304157389,16.40854356,NaN,0.026053046,-0.032682414
Jul-76,NaN,-0.644996316,-0.054427466,0.405861654,2.955206476,0.388441003,4.382348394,0.69814451,NaN,0.01964164,NaN
Aug-76,NaN,-0.630202939,-0.038299182,0.493630232,2.953642187,0.439971559,5.66680266,-14.6206613,NaN,0.016214006,NaN
Sep-76,-0.763254465,-0.763254022,-0.098086857,0.102583245,2.952077899,0.240720433,0.969759727,-7.993055652,NaN,0.036284949,-0.763254465
Oct-76,NaN,-1.162495324,-0.154237792,-0.067627125,2.9509014,0.211001444,-2.416126402,9.882950185,NaN,0.0368064,NaN
Nov-76,NaN,-0.732097862,0.069300184,1.289943601,2.949724901,1.144617867,15.998402,-0.928851493,NaN,0.013993299,NaN
Dec-76,-0.059602164,-0.059601603,0.070037207,1.236567989,2.948548402,1.113957828,9.92343504,25.78061914,NaN,-0.002943155,-0.059602164
Jan-77,NaN,0.099621822,-0.114431936,-0.520074769,2.947727288,0.038130027,-10.23008885,-16.45716901,NaN,0.026115494,NaN
Feb-77,NaN,0.543320334,0.180224812,1.095964006,2.946906174,1.032656592,16.67961998,13.33058493,NaN,0.073385354,NaN
Mar-77,1.752149231,1.752149412,0.372244477,1.444686331,2.94608506,1.623587492,12.41985609,2.127114538,NaN,-0.020753683,1.752149231
Apr-77,NaN,4.065513892,0.463909184,1.311439954,2.945575153,1.473056842,9.363909267,8.712594522,NaN,-0.014611535,NaN
May-77,NaN,4.787161245,0.36063665,0.867900753,2.945065247,0.864813555,6.827748913,-10.99640018,NaN,-0.003182756,NaN
Jun-77,4.757271113,4.757270691,0.364771839,0.761532144,2.944555341,0.622328362,6.569597168,-1.302717118,NaN,-0.024347712,4.757271113
Jul-77,NaN,4.282623085,0.345247282,0.109648925,2.94435869,0.122298157,-1.043671666,6.061254387,NaN,-0.023832329,NaN
Aug-77,NaN,4.216289639,0.344053289,-0.115371337,2.944162039,0.008945316,-0.914808146,-8.63081849,NaN,-0.019910377,NaN
Sep-77,4.209117013,4.209116462,0.362978544,0.252206741,2.943965388,0.267437907,2.676102932,-0.352845723,NaN,-0.01902512,4.209117013
Oct-77,NaN,2.920896477,0.023192286,0.056749207,2.944093251,0.050716725,-0.678507637,16.10661439,NaN,-0.030407228,NaN
Nov-77,NaN,0.566658032,-0.244506323,0.041105929,2.944221113,-0.255187772,0.001279414,0.030305059,NaN,-0.038866439,NaN
Dec-77,-2.935605983,-2.93560577,-0.512587406,-0.113059199,2.944348975,-0.639913019,-0.737078853,-1.958694221,NaN,-0.032768281,-2.935605983
Jan-78,NaN,-6.002456992,-0.743520519,-1.722235712,2.944861061,-1.24533796,-19.66691577,-33.27395874,NaN,-0.042884188,NaN
Feb-78,NaN,-5.814166903,-0.197433801,-0.175349323,2.945373147,0.347622694,4.154269931,20.61731084,NaN,-0.011012858,NaN
Mar-78,-1.671265247,-1.671265165,0.523138029,1.693633137,2.945885233,1.996621137,20.82386056,19.98750421,NaN,-0.0460868,-1.671265247
Apr-78,NaN,6.577755385,1.318734618,2.565814679,2.946808266,2.534888896,21.5504904,18.54100723,NaN,-0.070566068,NaN
May-78,NaN,11.91600689,1.137129076,1.181335877,2.947731298,1.2262836,3.538419274,-5.17088915,NaN,-0.070796353,NaN
Jun-78,13.42768586,13.42768454,0.90105744,0.888567984,2.948654331,0.659786377,4.961705759,9.671799346,NaN,-0.075169158,13.42768586
Jul-78,NaN,8.788569669,0.158955901,-0.463934257,2.949985075,-0.357940286,-3.400315427,-18.64902579,NaN,-0.050069951,NaN
Aug-78,NaN,4.437810022,0.049439164,0.077034705,2.951315819,0.126833117,2.890977494,6.798789781,NaN,-0.052014313,NaN
Sep-78,1.049335189,1.049334613,0.053938588,0.312745354,2.952646564,0.492639966,1.08354311,-6.939988441,NaN,-0.078549439,1.049335189
Oct-78,NaN,1.075972264,0.165615314,0.660681469,2.954386135,0.771586773,6.755287462,8.755798929,NaN,-0.074047447,NaN
Nov-78,NaN,1.888687314,0.252617927,0.774604554,2.956125706,0.757296244,6.888353481,9.462664959,NaN,-0.073468434,NaN
Dec-78,2.382893136,2.382893045,0.177490021,0.554433677,2.957865277,0.334814473,3.904808788,7.06305078,NaN,-0.050160248,2.382893136
Jan-79,NaN,1.004105648,-0.179081536,-0.639177397,2.96001755,-0.5531747,-9.044962719,-19.63035792,NaN,-0.049213765,NaN
Feb-79,NaN,-0.596702207,-0.147584037,0.071051543,2.962169823,-0.039794,3.759943127,-3.785783873,NaN,-0.049782862,NaN
Mar-79,-2.245818641,-2.245818337,-0.234789011,0.099746709,2.964322096,-0.086595603,1.418047038,10.18469469,NaN,-0.050609318,-2.245818641
Apr-79,NaN,-3.527761189,-0.499567249,-1.392576651,2.96692163,-1.186025184,-15.95848132,-16.34395117,NaN,0.005947271,NaN
May-79,NaN,-3.127183514,-0.047439618,0.437637876,2.969521165,0.306437412,7.957225472,-2.820556452,NaN,-0.058856984,NaN
Jun-79,-2.544669849,-2.54466964,-0.089160543,-0.191264753,2.9721207,-0.298045697,-2.025446584,-9.934519948,NaN,-0.048890592,-2.544669849
Jul-79,NaN,-0.558675123,-0.00306862,-0.442081437,2.975156476,-0.603778591,-4.114804351,-20.08609006,NaN,-0.031705607,NaN
Aug-79,NaN,-0.433242298,-0.016081412,-0.722952039,2.978192251,-0.691190989,-9.718867792,36.26178883,NaN,-0.018187085,NaN
Sep-79,-0.020724956,-0.020725035,0.013968773,-0.441083914,2.981228026,-0.287182171,-2.432689416,-1.233039604,NaN,-0.027216633,-0.020724956
Oct-79,NaN,-0.378973704,-0.092630787,0.192969889,2.984668452,0.085163567,6.120347383,-23.20402862,NaN,-0.012139005,NaN
Nov-79,NaN,-1.1909997,-0.219087911,-0.193522478,2.988108878,-0.145588437,-3.936324908,1.481901698,NaN,-0.002043332,NaN
Dec-79,-1.992497836,-1.992497589,-0.186405699,-0.180888036,2.991549304,-0.032040783,-1.207847923,-12.41997983,NaN,0.010489615,-1.992497836
Jan-80,NaN,-1.654998404,-0.008255991,0.340006001,2.995320725,0.280841696,4.06975625,6.389825368,NaN,-0.00358822,NaN
Feb-80,NaN,-1.255150716,-0.119125989,-0.17279766,2.999092146,-0.374698143,-1.515491727,-26.99406821,NaN,-0.000402694,NaN
Mar-80,-1.746761572,-1.746761318,-0.30930835,-0.776281968,3.002863568,-1.196599203,-7.05299974,-31.15097546,NaN,0.015542369,-1.746761572
Apr-80,NaN,-5.178109773,-0.866093104,-2.626680966,3.006923393,-3.069184132,-25.63132096,-29.71985915,NaN,0.105214181,NaN
May-80,NaN,-9.164363464,-1.115689412,-3.651756679,3.010983218,-3.865974945,-32.29083208,-12.87296328,NaN,0.184341683,NaN
Jun-80,-11.34302732,-11.34302676,-0.853974173,-2.526681236,3.015043043,-2.594122669,-17.49195121,2.935165926,NaN,0.177128567,-11.34302732
Jul-80,NaN,-10.31341982,-0.60869137,-1.383313313,3.019409611,-1.189585882,-11.31718076,21.59889013,NaN,0.130845177,NaN
Aug-80,NaN,-7.085661045,-0.308749718,-0.113748538,3.023776178,0.252742592,1.671777448,1.370349504,NaN,0.102405146,NaN
Sep-80,-3.503813932,-3.503813225,0.041487782,1.426244548,3.028142746,1.731508073,18.01066712,-8.027787372,NaN,0.0602867,-3.503813932
Oct-80,NaN,0.089176481,0.289556056,1.747897397,3.032750841,2.049861929,12.94593666,14.4400948,NaN,0.017682721,NaN
Nov-80,NaN,3.02640085,0.425556375,2.006249483,3.037358935,1.820801265,17.51851174,-4.749579544,NaN,-0.00619904,NaN
Dec-80,4.349029338,4.349029334,0.372144903,0.922538125,3.04196703,0.569018782,6.155116777,-11.58231938,NaN,-0.007500046,4.349029338
Jan-81,NaN,5.106295793,0.478872671,-0.496357282,3.046760924,-0.527985858,-9.590135226,15.00046648,NaN,-0.00669599,NaN
Feb-81,NaN,4.996714531,0.398161059,-0.846676216,3.051554819,-0.739592402,-7.165386248,2.694109552,NaN,0.007501662,NaN
Mar-81,4.705570402,4.705569753,0.299358708,0.126406737,3.056348713,-0.062742382,3.917064187,-2.797478121,NaN,-0.012799004,4.705570402
Apr-81,NaN,0.72215998,-0.516979772,-0.702832916,3.061121118,-0.481539769,-7.621241745,-16.46106442,NaN,-0.011088811,NaN
May-81,NaN,-3.030196712,-0.539928114,0.161071209,3.065893523,0.289052122,4.798397821,-18.85371706,NaN,-0.006014677,NaN
Jun-81,-6.045958452,-6.045957877,-0.454581583,0.249145418,3.070665929,0.383334642,3.986568809,-1.653917804,NaN,0.012672242,-6.045958452
Jul-81,NaN,-3.615954087,0.090521175,0.640312524,3.075217627,0.535235073,5.988613023,-5.845336747,NaN,0.010532345,NaN
Aug-81,NaN,-0.628922784,0.206829712,-0.02564548,3.079769325,-0.158153613,-3.410843039,7.760646966,NaN,0.028326265,NaN
Sep-81,1.677325426,1.677325468,0.12198048,-0.81542452,3.084321023,-0.971497299,-7.809389488,-18.65493111,NaN,0.051780413,1.677325426
Oct-81,NaN,0.147542737,-0.291924507,-1.333484977,3.088674789,-1.71770914,-11.0617756,-22.24338369,NaN,0.067359061,NaN
Nov-81,NaN,-3.305095248,-0.656329784,-1.789327503,3.093028555,-2.102913547,-16.09171921,-9.057064607,NaN,0.084402483,NaN
Dec-81,-7.479555552,-7.479555026,-0.921634465,-1.854870468,3.097382321,-2.034692433,-14.93150235,-0.765029881,NaN,0.122407329,-7.479555552
Jan-82,NaN,-11.14782793,-1.208992733,-2.707875425,3.101554933,-1.987505534,-26.73245831,-18.95777581,NaN,0.107724373,NaN
Feb-82,NaN,-10.49193808,-0.492357321,1.087499952,3.105727546,0.623803602,22.0121231,25.37616232,NaN,0.105327144,NaN
Mar-82,-9.372853915,-9.372852864,-0.641863162,-0.761850976,3.109900159,-0.873656011,-10.36035777,-13.07327767,NaN,0.12626717,-9.372853915
Apr-82,NaN,-5.309532407,-0.193162619,-1.082898653,3.113888388,-1.200189862,-13.2855418,-0.404425625,NaN,0.153535639,NaN
May-82,NaN,-3.535128923,-0.04875645,-1.168905114,3.117876616,-1.222302732,-10.2767472,-0.334975256,NaN,0.148250652,NaN
Jun-82,-1.301220509,-1.301220448,-0.083386043,-1.187664627,3.121864845,-1.228677787,-5.387820368,-35.19924515,NaN,0.164955308,-1.301220509
Jul-82,NaN,-1.375966811,-0.21184921,-0.689063202,3.125552091,-0.732962117,-6.300246495,12.74644121,NaN,0.143075438,NaN
Aug-82,NaN,-3.079050596,-0.474527397,-1.336806036,3.129239337,-1.264242378,-12.78839957,-10.53448571,NaN,0.191378882,NaN
Sep-82,-4.665054206,-4.665054044,-0.479886905,-0.902822407,3.132926583,-1.188474537,-5.649795037,14.06117284,NaN,0.219243782,-4.665054206
Oct-82,NaN,-5.553262013,-0.433901202,-1.327227035,3.136230852,-1.474666298,-13.29677516,6.743990793,NaN,0.21232109,NaN
Nov-82,NaN,-4.43253918,-0.194346688,-0.654516952,3.139535122,-0.78954624,-5.842566988,17.49424962,NaN,0.159075159,NaN
Dec-82,-2.983086201,-2.983086169,-0.117523652,-0.977785578,3.142839391,-0.551597003,-11.06627945,1.644641427,NaN,0.096191292,-2.983086201
Jan-83,NaN,-0.3409503,0.226632765,1.221519908,3.145711575,0.937112189,20.12133313,-12.76206436,NaN,0.078064235,NaN
Feb-83,NaN,0.433928869,-0.000626896,-0.346226324,3.148583758,0.027312081,-9.326668536,-0.174417047,NaN,0.068013499,NaN
Mar-83,2.0855021,2.085501992,0.295369629,0.74887753,3.151455941,0.975193304,7.633540316,33.18400685,NaN,0.06128726,2.0855021
Apr-83,NaN,3.133385946,0.488603754,1.085109121,3.153652796,1.062622283,12.75368272,-7.515694946,NaN,0.075352877,NaN
May-83,NaN,5.055577801,0.479921068,0.847151016,3.155849652,0.915095181,5.571499118,12.81289873,NaN,0.051009217,NaN
Jun-83,5.842379882,5.842379429,0.492070035,0.927601832,3.158046507,1.161651623,4.814298609,22.66017274,NaN,0.026490823,5.842379882
Jul-83,NaN,5.734391999,0.461606897,1.469814107,3.159322055,1.78038828,15.64702211,-0.146188634,NaN,-0.004688861,NaN
Aug-83,NaN,5.097097435,0.320597427,1.156848962,3.160597603,1.443020765,12.18823759,-23.93326289,NaN,0.019311801,NaN
Sep-83,4.755508316,4.755508105,0.406672703,1.777544759,3.161873151,1.678379014,15.21178384,16.77233164,NaN,-0.004142996,4.755508316
Oct-83,NaN,4.61471398,0.426408365,1.163439977,3.162236137,1.092591456,6.980805618,11.34883621,NaN,-0.007949299,NaN
Nov-83,NaN,4.946042385,0.403429528,0.587843936,3.162599123,0.731480637,3.156659788,9.605662461,NaN,-0.016723375,NaN
Dec-83,5.096053756,5.096053293,0.44417543,0.485843582,3.162962109,0.870902362,3.563244817,1.648684755,NaN,-0.037294705,5.096053756
Jan-84,NaN,5.733290081,0.585717562,1.893166145,3.162501348,1.782002558,21.71088882,16.26404333,NaN,-0.051965929,NaN
Feb-84,NaN,5.385096539,0.316381143,0.82642343,3.162040587,0.909139181,3.197325698,-9.666467979,NaN,-0.062680688,NaN
Mar-84,4.582060339,4.582059918,0.243416275,0.577918508,3.161579827,0.642564327,3.625562959,-14.35960544,NaN,-0.056284633,4.582060339
Apr-84,NaN,3.396189682,0.289250003,0.488135621,3.160447247,0.530874339,4.863356057,15.02327876,NaN,-0.035741805,NaN
May-84,NaN,3.426150349,0.323871309,0.425460663,3.159314668,0.500096085,4.090942306,3.099433915,NaN,-0.044390844,NaN
Jun-84,3.693962145,3.693961641,0.310369098,0.445218011,3.158182089,0.39991203,1.911208669,12.31353366,NaN,-0.042995364,3.693962145
Jul-84,NaN,3.194413948,0.16436308,0.087307468,3.156593078,0.076509284,1.308971038,-26.07942729,NaN,-0.043361899,NaN
Aug-84,NaN,2.045251326,0.036580654,-0.170234555,3.155004066,-0.238209887,-0.701492599,-12.58864764,NaN,-0.016190292,NaN
Sep-84,0.684369697,0.684369359,-0.029851394,-0.393350729,3.153415055,-0.347434217,-5.469748042,11.05102753,NaN,-0.010680005,0.684369697
Oct-84,NaN,-0.212027937,-0.059736244,-0.405371802,3.151567341,-0.344778066,-2.636327819,-1.183044773,NaN,0.010597205,NaN
Nov-84,NaN,-0.175094515,0.045814009,0.129048685,3.149719627,0.006573314,1.944784122,17.94842389,NaN,0.000234334,NaN
Dec-84,0.122153838,0.122153636,0.044460643,-0.030489151,3.147871914,-0.094435584,-1.388136901,-9.824810317,NaN,-0.018868058,0.122153838
Jan-85,NaN,0.636040833,0.068735555,-0.205062699,3.146012063,-0.09433105,-3.27827114,4.301246966,NaN,-0.031383771,NaN
Feb-85,NaN,0.734606975,0.070455545,0.023909292,3.144152212,-0.021558327,2.037663312,3.517539882,NaN,-0.012677289,NaN
Mar-85,0.715335285,0.715335019,0.039642654,-0.007746283,3.142292361,-0.037253216,-0.495569862,-2.032622761,NaN,-0.022657805,0.715335285
Apr-85,NaN,0.370696823,-0.017423993,-0.310292941,3.140685328,-0.284019577,-4.272344095,10.68470529,NaN,-0.006683832,NaN
May-85,NaN,0.232661004,0.03594659,-0.128538287,3.139078296,-0.266172261,-0.657005635,2.754416925,NaN,-0.010313861,NaN
Jun-85,0.36898014,0.368979726,0.073722335,-0.301677366,3.137471263,-0.457256528,-2.662963577,-12.58967185,NaN,-0.00896862,0.36898014
Jul-85,NaN,1.239829999,0.200288575,-0.743426268,3.136252292,-0.474405433,-8.357575926,-2.652704529,NaN,-0.021431218,NaN
Aug-85,NaN,2.27397826,0.294483655,-0.079394161,3.135033321,-0.045807905,1.934271689,12.36128588,NaN,0.002191348,NaN
Sep-85,2.928498197,2.928497618,0.237352174,0.397014908,3.133814349,0.134536027,2.635692046,34.00248528,NaN,0.004728899,2.928498197
Oct-85,NaN,1.56754414,-0.139949794,-0.569924164,3.132936572,-0.335040876,-6.557737688,-35.38008093,NaN,0.0024998,NaN
Nov-85,NaN,0.303919242,-0.021422569,0.052247574,3.132058795,0.363572546,2.156960313,-2.299760035,NaN,-0.00723738,NaN
Dec-85,-0.168867891,-0.168868007,0.119155362,0.82293923,3.131181017,0.728078651,9.963365247,6.882654846,NaN,-0.014012531,-0.168867891
Jan-86,NaN,1.232147654,0.210304121,0.657696107,3.130571162,0.289837111,3.962453749,4.592326343,NaN,-0.02992261,NaN
Feb-86,NaN,1.360045894,0.010551991,-0.644008077,3.129961307,-0.782966403,-10.40049781,-11.65186117,NaN,-0.027231919,NaN
Mar-86,0.587425728,0.587425419,-0.073999757,-1.124779289,3.129351452,-1.048800464,-10.81875793,-4.394619516,NaN,-0.017286514,0.587425728
Apr-86,NaN,-0.644547347,-0.097689071,-0.51286563,3.128879136,-0.498868116,-0.789784171,9.403937221,NaN,-0.012791478,NaN
May-86,NaN,-1.086871827,-0.100029129,-0.099295994,3.12840682,-0.227573203,-0.090826329,11.38379294,NaN,-0.012289149,NaN
Jun-86,-1.33046971,-1.330469762,-0.134899241,-0.433538773,3.127934504,-0.331230444,-6.761034644,-5.756387687,NaN,-0.026079092,-1.33046971
Jul-86,NaN,-0.653933345,0.071445034,0.307628882,3.127579429,0.228089266,4.93501889,0.340514457,NaN,-0.03250627,NaN
Aug-86,NaN,-0.366175639,-0.028089703,-0.358180399,3.127224353,-0.296658989,-4.103376218,8.471146254,NaN,0.006752862,NaN
Sep-86,0.682901589,0.68290165,0.127370082,0.437579037,3.126869277,0.399515447,1.294296932,87.40049347,NaN,-0.003123912,0.682901589
Oct-86,NaN,0.025760007,-0.092840377,0.142584157,3.126744412,0.147068191,2.767985974,-44.12970526,NaN,-0.01290877,NaN
Nov-86,NaN,-0.357639738,-0.123939639,0.224179325,3.126619547,0.325785331,2.21069841,-10.43589466,NaN,-0.029238785,NaN
Dec-86,-0.98429832,-0.984297861,-0.029294449,1.041930071,3.126494682,0.826139813,9.391197912,60.05553328,NaN,-0.032460373,-0.98429832
Jan-87,NaN,-1.503658676,-0.222680581,-0.46828346,3.126664041,-0.146649628,-6.820583739,-60.65125795,NaN,-0.042802904,NaN
Feb-87,NaN,-0.419676871,0.147055812,1.278732558,3.126833399,1.042281749,13.57305571,69.06932781,NaN,-0.039938482,NaN
Mar-87,-0.157970492,-0.157970111,0.036132241,0.229814009,3.127002757,0.351608608,-0.638501934,1.146803083,NaN,-0.052401213,-0.157970492
Apr-87,NaN,1.292924207,0.140042998,0.552083893,3.127460075,0.571886253,5.327492553,1.732104697,NaN,-0.049141923,NaN
May-87,NaN,1.141420629,0.109179918,0.580877169,3.127917393,0.592907713,5.324396787,-6.132947969,NaN,-0.054194515,NaN
Jun-87,1.163882617,1.163882873,0.041747802,0.501728412,3.128374711,0.595615259,4.054781999,8.446037822,NaN,-0.05976884,1.163882617
Jul-87,NaN,0.567530935,-0.009044986,0.680252083,3.129061461,0.71388952,6.005291946,1.99026329,NaN,-0.061947518,NaN
Aug-87,NaN,0.212910756,0.020524873,0.769525982,3.129748211,0.738766762,6.459302258,14.22417755,NaN,-0.056687508,NaN
Sep-87,0.32486552,0.324865788,0.06973656,0.281031834,3.130434961,0.581885176,2.039353672,-22.90035303,NaN,-0.068299446,0.32486552
Oct-87,NaN,2.050581657,0.422383981,1.238109918,3.131272282,1.228569843,14.10081766,-9.992681727,NaN,-0.07655232,NaN
Nov-87,NaN,3.195107514,0.306656337,0.635072436,3.132109604,0.675750844,3.436670864,-2.414645532,NaN,-0.070112138,NaN
Dec-87,3.676899582,3.676899521,0.190184562,0.590019356,3.132946926,0.474483645,4.168444943,10.02666492,NaN,-0.059666502,3.676899582
Jan-88,NaN,1.46824697,-0.129779157,-0.09784179,3.13392997,-0.069179228,-2.394357342,-2.854096806,NaN,-0.045357083,NaN
Feb-88,NaN,-0.137896716,-0.094879584,0.256462297,3.134913014,0.232086114,3.481417802,3.241950201,NaN,-0.058788926,NaN
Mar-88,-1.074599702,-1.074599614,-0.043991162,0.162257197,3.135896057,0.20910338,0.25760365,14.6012583,NaN,-0.06831444,-1.074599702
Apr-88,NaN,0.154058371,0.177385339,0.348717632,3.137118288,0.209669131,4.458773749,-15.41371197,NaN,-0.062591534,NaN
May-88,NaN,1.154778008,0.155300325,-0.218494024,3.13834052,-0.175712818,-4.600566233,4.793224585,NaN,-0.060026989,NaN
Jun-88,2.081812504,2.081812237,0.187767395,0.029712165,3.139562751,0.011139222,0.734934523,-2.154793096,NaN,-0.064510856,2.081812504
Jul-88,NaN,1.269716827,-0.025638513,-0.271756918,3.140799689,-0.217879008,-2.395870504,-4.490340228,NaN,-0.053042815,NaN
Aug-88,NaN,0.509905368,-0.03465254,0.235139009,3.142036627,0.036739112,3.693788512,-0.991663047,NaN,-0.058751718,NaN
Sep-88,-0.806399844,-0.806399972,-0.14130894,-0.416409297,3.143273565,-0.35530119,-6.387394442,-11.78154191,NaN,-0.065911684,-0.806399844
Oct-88,NaN,-0.183710521,0.130033849,0.199076143,3.144238847,0.241042526,2.491377373,18.22127528,NaN,-0.076247803,NaN
Nov-88,NaN,0.672975106,0.179518867,0.071342426,3.145204129,0.149919353,0.430078502,3.164410896,NaN,-0.076933619,NaN
Dec-88,2.148633986,2.14863364,0.227605694,0.297933786,3.146169411,0.186815261,2.825129837,1.785614597,NaN,-0.07381668,2.148633986
Jan-89,NaN,2.382465408,0.188491791,0.192219456,3.146829956,0.070347394,0.848549704,0.989670484,NaN,-0.077228473,NaN
Feb-89,NaN,1.646154893,-0.004558762,-0.706202782,3.147490502,-0.558438618,-7.923804629,-22.90201537,NaN,-0.064500068,NaN
Mar-89,0.897709255,0.897708812,0.040494173,-0.166447082,3.148151047,-0.286732632,0.477630757,-1.865034947,NaN,-0.049001699,0.897709255
Apr-89,NaN,0.21967166,0.018982503,-0.242196061,3.148502109,-0.420300191,-2.835392922,10.66215616,NaN,-0.057116219,NaN
May-89,NaN,-0.013027694,-0.0627336,-0.823848417,3.14885317,-0.863531206,-9.420907922,-0.647699219,NaN,-0.045789659,NaN
Jun-89,-0.107734144,-0.10773458,0.016817452,-0.445439845,3.149204231,-0.667017705,-2.826483881,-6.303736027,NaN,-0.039183784,-0.107734144
Jul-89,NaN,-0.660701726,-0.119259283,-1.381038426,3.149278171,-1.079607501,-14.58175376,-0.657952461,NaN,-0.031351467,NaN
Aug-89,NaN,0.199919402,0.152421682,0.410879887,3.149352111,0.209040947,9.05406455,15.86037388,NaN,-0.036676922,NaN
Sep-89,-0.196842127,-0.196842307,-0.082372975,-0.372753461,3.14942605,-0.354608071,-6.642278498,-6.850318442,NaN,-0.034149843,-0.196842127
Oct-89,NaN,-0.898509131,-0.294675989,-0.553846991,3.149245168,-0.521310664,-4.312379446,-21.88753635,NaN,-0.011983159,NaN
Nov-89,NaN,-2.24261299,-0.183604283,0.008239925,3.149064286,0.005641963,1.134200257,2.920743251,NaN,-0.033433527,NaN
Dec-89,-2.36145507,-2.36145485,-0.11208344,0.202195694,3.148883404,0.08799748,4.084404857,-3.454449832,NaN,-0.017499128,-2.36145507
Jan-90,NaN,-1.316589837,-0.033459736,-0.472332011,3.148517781,-0.239174242,-8.958744498,22.92198922,NaN,-0.01513345,NaN
Feb-90,NaN,0.16636513,0.187134459,0.437340484,3.148152158,0.395420903,7.999983537,-16.79467814,NaN,-0.016254741,NaN
Mar-90,1.19968368,1.199683711,0.146246205,0.344624479,3.147786536,0.253867221,2.899273887,-3.77806143,NaN,-0.026048833,1.19968368
Apr-90,NaN,0.827393558,-0.126532274,-0.366337503,3.147263697,-0.350009298,-5.068727018,-14.35208708,NaN,-0.011786379,NaN
May-90,NaN,-0.458771828,-0.134406888,-0.070365785,3.146740859,-0.10814248,0.220782116,-7.004839568,NaN,-0.016748606,NaN
Jun-90,-1.697198603,-1.697198334,-0.163360422,-0.023111646,3.146218021,-0.056316611,1.15495207,0.440750811,NaN,-0.00957672,-1.697198603
Jul-90,NaN,-2.145031996,-0.238490689,-0.37436323,3.145771574,-0.257408563,-4.643785101,-4.164976182,NaN,-0.005549111,NaN
Aug-90,NaN,-2.369842695,-0.190609562,-0.00841304,3.145325127,-0.119644749,1.565650005,-6.855502567,NaN,0.008278716,NaN
Sep-90,-2.87891739,-2.878916941,-0.290628984,-0.335026932,3.14487868,-0.561574027,-2.742196554,-6.902543628,NaN,0.016994855,-2.87891739
Oct-90,NaN,-3.862646056,-0.484422968,-0.981001073,3.144775539,-1.323465267,-10.48890636,-6.434391089,NaN,0.042254307,NaN
Nov-90,NaN,-5.651159071,-0.637737816,-1.797201789,3.144672397,-1.919333551,-17.85603171,-8.718899654,NaN,0.059820264,NaN
Dec-90,-6.802825084,-6.802824617,-0.57854537,-1.643145018,3.144569256,-1.692303097,-11.23380657,-17.1545183,NaN,0.066870973,-6.802825084
Jan-91,NaN,-6.697454875,-0.458080532,-1.182140924,3.144690359,-1.319868698,-7.490829996,-34.27870821,NaN,0.05599068,NaN
Feb-91,NaN,-5.931290836,-0.446196806,-1.20695507,3.144811461,-1.322853114,-11.60920002,15.93296088,NaN,0.091615758,NaN
Mar-91,-5.020794605,-5.020794216,-0.350921215,-1.1498833,3.144932564,-0.980108094,-9.769803218,4.144409526,NaN,0.103209654,-5.020794605
Apr-91,NaN,-3.572993799,-0.096130428,-0.197546481,3.14496226,0.045509252,0.397940964,6.802421713,NaN,0.078136995,NaN
May-91,NaN,-1.580609635,0.051899235,0.642332539,3.144991956,0.673351394,8.649048286,-6.651460286,NaN,0.063844653,NaN
Jun-91,-0.038245869,-0.038245486,0.034669822,0.727856875,3.145021653,0.665980337,6.302785763,-3.603014033,NaN,0.049513165,-0.038245869
Jul-91,NaN,0.06156391,-0.071178079,0.308298189,3.144850904,0.273696382,0.125844838,-0.44587348,NaN,0.042425937,NaN
Aug-91,NaN,-0.82347067,-0.16935941,-0.284197578,3.144680156,-0.140330393,-2.975006559,-12.8128582,NaN,0.05366011,NaN
Sep-91,-1.128245882,-1.12824559,-0.041523908,0.348427449,3.144509408,0.257907039,7.107189332,-4.960077451,NaN,0.04734443,-1.128245882
Oct-91,NaN,-1.238524699,-0.098747856,-0.309754491,3.144097119,-0.360741534,-4.846793392,-12.15377689,NaN,0.046594431,NaN
Nov-91,NaN,-1.145562209,-0.146118788,-0.476676203,3.143684829,-0.727539775,-4.816919268,-1.555153869,NaN,0.064926395,NaN
Dec-91,-1.751441235,-1.751441288,-0.192993678,-0.921709417,3.14327254,-1.058050272,-8.398823998,-7.075519179,NaN,0.074600474,-1.751441235
Jan-92,NaN,-1.526081403,-0.042407885,-0.963039711,3.142593003,-0.63998143,-9.488326573,19.1935654,NaN,0.059539589,NaN
Feb-92,NaN,-0.167102958,0.193625823,0.093739295,3.141913466,0.311820961,5.369027385,-4.297757136,NaN,0.062780066,NaN
Mar-92,1.618959374,1.618959138,0.253521846,0.589675639,3.141233929,0.649606985,6.509694672,-10.48511583,NaN,0.052324336,1.618959374
Apr-92,NaN,2.640478306,0.212971907,0.746130346,3.140597854,0.71856786,5.856963844,2.088193997,NaN,0.043446844,NaN
May-92,NaN,2.213472624,0.086874403,0.298110779,3.139961778,0.310150175,0.621977625,1.429654566,NaN,0.042619988,NaN
Jun-92,1.174610305,1.174610139,-0.006193775,-0.182704387,3.139325702,-0.067376235,-2.567491224,-2.598671967,NaN,0.043355108,1.174610305
Jul-92,NaN,0.68375058,0.090257017,0.441054584,3.138973752,0.138044133,7.631414824,2.538657844,NaN,0.062276404,NaN
Aug-92,NaN,0.303835612,-0.008104339,-0.591438639,3.138621802,-0.406294978,-9.783872551,-1.196912314,NaN,0.035018562,NaN
Sep-92,0.794759474,0.794759282,0.116537142,-0.088986923,3.138269851,-0.021283351,0.342197664,6.317089879,NaN,0.043438019,0.794759474
Oct-92,NaN,1.132140612,0.17460235,0.381664976,3.138330243,0.31509966,5.213180738,1.035843693,NaN,0.014515706,NaN
Nov-92,NaN,1.509544959,0.086246748,0.229848198,3.138390634,0.188334481,1.462190049,-3.240922901,NaN,0.00194798,NaN
Dec-92,1.011466549,1.011466539,-0.007982463,0.094571509,3.138451026,0.149022594,-1.704503549,10.46345911,NaN,-0.015893245,1.011466549
Jan-93,NaN,-0.361004964,-0.168515526,0.123248451,3.139064128,0.098068891,1.756567006,7.092511221,NaN,-0.00996346,NaN
Feb-93,NaN,-1.511680881,-0.201422232,0.101132908,3.139677231,0.004206782,2.160266986,-14.41373039,NaN,-0.015333383,NaN
Mar-93,-2.472930986,-2.472930662,-0.248294908,-0.415385602,3.140290333,-0.398027724,-4.315125158,-14.15124288,NaN,-0.005232108,-2.472930986
Apr-93,NaN,-1.963802371,-0.041233453,0.051336171,3.141488311,-0.179349565,0.181742692,23.87435717,NaN,-0.001828194,NaN
May-93,NaN,-1.569063997,-0.102737638,-0.603760588,3.142686289,-0.575785761,-7.934143603,5.499730395,NaN,-0.011447469,NaN
Jun-93,-0.82218139,-0.822181285,-0.06157423,-0.295985627,3.143884268,-0.321747753,-0.681700777,-5.138169875,NaN,-0.011948417,-0.82218139
Jul-93,NaN,-1.198290742,-0.135260818,-0.0931073,3.145585216,-0.227083617,-0.465614406,13.1366336,NaN,-0.005254517,NaN
Aug-93,NaN,-1.465661736,-0.169580387,-0.381392774,3.147286164,-0.25176392,-4.666327673,-5.224287381,NaN,-0.01283538,NaN
Sep-93,-1.244899898,-1.244899765,-0.006383737,0.129926206,3.148987113,0.283168711,2.694659615,2.905193864,NaN,-0.013224138,-1.244899898
Oct-93,NaN,0.009252008,0.178277126,0.482260459,3.151130218,0.512603471,5.877526249,-0.144296905,NaN,-0.005075073,NaN
Nov-93,NaN,1.473020758,0.196361801,0.424130524,3.153273322,0.426518514,2.427830716,6.373693661,NaN,-0.011715309,NaN
Dec-93,2.248221767,2.248221666,0.18741649,0.478640672,3.155416427,0.427540354,3.055834128,5.72418142,NaN,-0.025601786,2.248221767
Jan-94,NaN,1.514530182,-0.005145745,0.020219074,3.157954224,-0.022167014,0.564803819,-10.61745863,NaN,0.001289595,NaN
Feb-94,NaN,0.690067073,-0.009753977,-0.145828733,3.160492021,0.058718138,-2.54905896,13.07179249,NaN,-0.006633668,NaN
Mar-94,0.69951233,0.699512284,0.189777793,0.736667639,3.163029818,0.779949365,8.593207821,16.38637422,NaN,-0.015442071,0.69951233
Apr-94,NaN,1.547617952,0.206880672,0.49354193,3.165815923,0.549207187,3.871662003,-2.938455291,NaN,-0.009154947,NaN
May-94,NaN,2.278318186,0.172921082,0.295165726,3.168602027,0.338482123,2.275780531,-9.41305876,NaN,0.002403381,NaN
Jun-94,2.212613418,2.212613345,0.173351583,0.542498253,3.171388131,0.454833263,4.407390886,7.993216889,NaN,-0.01128408,2.212613418
Jul-94,NaN,1.059249191,-0.081460367,-0.052952257,3.174262846,-0.0065596,-1.789542472,-2.75289442,NaN,-0.009387233,NaN
Aug-94,NaN,0.139057369,-0.057126874,0.369697334,3.177137561,0.304283259,4.453436701,7.532714402,NaN,-0.014768335,NaN
Sep-94,-0.848675344,-0.848675108,-0.073581537,0.134215555,3.180012276,0.290306158,0.433450832,4.821483484,NaN,-0.019224007,-0.848675344
Oct-94,NaN,-0.234046572,0.072196767,0.564504632,3.182911359,0.659161394,5.895886485,7.587593445,NaN,-0.017066524,NaN
Nov-94,NaN,0.454671986,0.115052766,0.540009307,3.185810442,0.672543293,4.647215266,-4.777327012,NaN,-0.02106029,NaN
Dec-94,1.367318007,1.367318233,0.154580025,0.852675424,3.188709525,0.738065246,8.703800731,0.881464617,NaN,-0.024428506,1.367318007
Jan-95,NaN,0.83960486,-0.059731576,0.147868682,3.191652785,-0.048377044,-1.370919443,-0.53061254,NaN,-0.016416768,NaN
Feb-95,NaN,-0.454981904,-0.208593925,-0.497198809,3.194596046,-0.549376747,-5.173340496,-24.78090848,NaN,-0.012974738,NaN
Mar-95,-1.781267668,-1.781267404,-0.17699135,-0.314823264,3.197539306,-0.323247256,-1.5157847,6.188962472,NaN,-0.010696457,-1.781267668
Apr-95,NaN,-2.487770115,-0.236357253,-0.554579081,3.200555729,-0.452977285,-5.135409983,-2.611291232,NaN,-0.003764579,NaN
May-95,NaN,-2.248106804,-0.148678098,0.034083448,3.203572153,-0.086309636,2.116708856,6.679438889,NaN,0.013286157,NaN
Jun-95,-2.015141975,-2.015141681,-0.118750069,0.082890485,3.206588577,-0.006693128,0.470408567,9.836896114,NaN,0.010409943,-2.015141975
Jul-95,NaN,-1.68668421,-0.154242886,-0.666849916,3.209657171,-0.326281767,-8.685808804,-7.545365472,NaN,0.013831913,NaN
Aug-95,NaN,-0.502818874,0.147288236,0.827325713,3.212725766,0.728666828,12.27270149,4.390506551,NaN,0.002755547,NaN
Sep-95,0.172474053,0.172474211,0.050073202,0.297038176,3.21579436,0.219935727,1.57044382,-1.342095831,NaN,0.006890208,0.172474053
Oct-95,NaN,0.605845159,-0.045900148,-0.319836218,3.218825253,-0.315279855,-5.301834927,-10.55478868,NaN,0.014184217,NaN
Nov-95,NaN,-0.115399212,-0.033022856,-0.108362076,3.221856145,-0.202557827,-0.63462207,10.22000316,NaN,0.018898731,NaN
Dec-95,-0.517921173,-0.517921151,-0.050557283,-0.005997047,3.224887038,-0.130029985,1.043067031,5.755760031,NaN,0.010415689,-0.517921173
Jan-96,NaN,-1.145333214,-0.202753164,-0.907479129,3.227802508,-0.52034708,-10.18838831,-18.58842852,NaN,0.017332697,NaN
Feb-96,NaN,-0.490676443,0.130641336,0.927379715,3.230717979,0.75619614,13.80900457,13.9058017,NaN,0.019413051,NaN
Mar-96,-0.248911589,-0.24891156,0.009883938,-0.144077172,3.23363345,0.089042225,-5.032076516,4.095506698,NaN,0.026146268,-0.248911589
Apr-96,NaN,1.845921896,0.3209552,0.773655858,3.236444234,0.851782069,8.896904662,-2.878537492,NaN,0.005644631,NaN
May-96,NaN,2.540641701,0.304321288,0.681778457,3.239255018,0.712430076,5.175665486,4.063613335,NaN,-0.005562684,NaN
Jun-96,3.37444425,3.374444062,0.218334528,0.610484724,3.242065802,0.485837832,5.660660388,-6.27075373,NaN,-0.006993488,3.37444425
Jul-96,NaN,2.043980253,-0.011660752,-0.090934785,3.244776941,-0.021668238,-3.388377286,-3.520733583,NaN,-0.011636753,NaN
Aug-96,NaN,0.902462974,0.018941968,0.117041813,3.24748808,0.175308378,2.444792609,-4.091010449,NaN,-0.01473723,NaN
Sep-96,0.321847544,0.321847539,0.07318067,0.393654131,3.250199219,0.31315089,4.612978228,9.444729642,NaN,-0.007097154,0.321847544
Oct-96,NaN,0.504941802,0.034112813,-0.154015737,3.252727296,0.021801654,-3.839288452,3.305709244,NaN,-0.010292838,NaN
Nov-96,NaN,1.015822137,0.146662051,0.540623779,3.255255374,0.554598809,7.28924525,-7.060263715,NaN,-0.012028247,NaN
Dec-96,0.874389888,0.874390004,0.037822636,0.432210333,3.257783452,0.432103256,4.144234983,-0.205149041,NaN,0.000782813,0.874389888
Jan-97,NaN,0.169243864,-0.142173722,0.099804722,3.260090296,0.323252942,-1.248137154,3.000414134,NaN,-0.010229759,NaN
Feb-97,NaN,-0.433695904,-0.004072891,0.972395118,3.262397141,0.891927184,10.86451166,5.344008723,NaN,-0.02325032,NaN
Mar-97,-0.690760153,-0.690759883,-0.026443358,0.50119873,3.264703985,0.423335371,3.866927403,0.395453819,NaN,-0.02474518,-0.690760153
Apr-97,NaN,0.538923852,0.165247212,-0.042251209,3.266782165,0.021294869,-2.257479362,-11.78655556,NaN,-0.019014262,NaN
May-97,NaN,1.832230059,0.319253661,0.196989248,3.268860344,0.252151033,3.09620969,-11.84808917,NaN,-0.021187719,NaN
Jun-97,3.322335032,3.322334793,0.346082825,0.276294281,3.270938524,0.423161361,2.122999482,11.64609107,NaN,-0.01974098,3.322335032
Jul-97,NaN,3.513991874,0.213161482,0.620075052,3.27272663,0.794029857,6.268231615,9.638890561,NaN,-0.02368921,NaN
Aug-97,NaN,2.779823894,0.135711666,0.898429772,3.274514735,0.992734831,8.977630827,-2.655884837,NaN,-0.01628398,NaN
Sep-97,1.695780992,1.69578116,0.075072141,0.970144935,3.276302841,1.056717348,8.250534488,-0.597904455,NaN,-0.026958806,1.695780992
Oct-97,NaN,0.94385491,0.02517992,0.842768899,3.277753672,0.89217893,6.90455124,-7.572492253,NaN,-0.030361383,NaN
Nov-97,NaN,0.469753029,0.017186196,0.704340423,3.279204503,0.672080516,6.006102436,-1.200177377,NaN,-0.027177185,NaN
Dec-97,0.139654003,0.139654275,-0.007452547,0.31276136,3.280655334,0.316231899,2.134984788,0.234131162,NaN,-0.028117444,0.139654003
Jan-98,NaN,0.290549068,0.062903618,0.247756478,3.28166881,0.131154761,2.09724901,-2.263583359,NaN,-0.021846241,NaN
Feb-98,NaN,0.424681756,0.050719368,-0.056460375,3.282682286,-0.080676606,-1.438150064,-2.388907673,NaN,-0.023107468,NaN
Mar-98,0.693962912,0.693962848,0.059867726,-0.230708913,3.283695763,-0.126027619,-2.879143909,4.31944275,NaN,-0.025860024,0.693962912
Apr-98,NaN,0.919079245,0.119182717,0.055093221,3.284116725,0.019175262,1.186651302,10.47235565,NaN,-0.028258563,NaN
May-98,NaN,1.116958357,0.100189146,0.341341989,3.284537687,0.040135811,4.213094216,-0.341119464,NaN,-0.028105379,NaN
Jun-98,0.401285586,0.401285342,-0.119050528,-0.705094584,3.284958649,-0.686705835,-10.48845882,5.161986998,NaN,-0.008370833,0.401285586
Jul-98,NaN,-0.377692392,-0.075561716,-0.910686889,3.284668385,-0.36005862,-7.92083929,-13.72833317,NaN,-0.011868991,NaN
Aug-98,NaN,0.580525827,0.339743701,1.383216763,3.284378122,1.209410451,21.35747388,-9.617381881,NaN,-0.026292561,NaN
Sep-98,1.695841681,1.695841407,0.159778367,0.186724555,3.284087858,0.278024416,-4.453229463,7.304746256,NaN,-0.0333145,1.695841681
Oct-98,NaN,3.365521419,0.341858287,0.689730671,3.282955012,0.511484227,5.778401257,14.08821225,NaN,-0.028160664,NaN
Nov-98,NaN,2.839754504,0.208301972,-0.203740935,3.281822166,-0.109617918,-4.234162557,4.190306243,NaN,-0.024054211,NaN
Dec-98,3.132388187,3.132387743,0.232936677,0.061944125,3.28068932,0.125106571,1.666407938,5.820293039,NaN,-0.024101199,3.132388187
Jan-99,NaN,2.08894818,0.080998396,0.128440991,3.278378483,0.154008853,2.120210014,-3.47692583,NaN,-0.017007932,NaN
Feb-99,NaN,1.548993978,0.073313422,0.443676162,3.276067646,0.392047557,3.608909645,9.897495608,NaN,-0.034360759,NaN
Mar-99,0.48384479,0.483844694,-0.033350644,0.117173944,3.273756809,0.099667743,-0.824459759,1.844833098,NaN,-0.032728702,0.48384479
Apr-99,NaN,0.000171151,-0.03991999,-0.05219624,3.269872095,-0.000504838,-0.442239952,-2.278034901,NaN,-0.028607393,NaN
May-99,NaN,-0.071038565,0.055510993,0.345792315,3.26598738,0.2742241,4.35109388,7.044930077,NaN,-0.033460771,NaN
Jun-99,0.064030094,0.064029993,0.000416495,-0.186928169,3.262102666,-0.084286543,-3.934366007,0.443115513,NaN,-0.03891791,0.064030094
Jul-99,NaN,0.851886867,0.157044229,0.299063899,3.256468572,0.211376265,4.15534082,1.437127402,NaN,-0.035898412,NaN
Aug-99,NaN,1.407398639,0.194388935,0.28526557,3.250834478,0.144990017,2.1025135,7.083611215,NaN,-0.040767037,NaN
Sep-99,2.012205455,2.012205151,0.151618123,-0.540664166,3.245200384,-0.188092556,-8.380300494,-2.904859733,NaN,-0.041631745,2.012205455
Oct-99,NaN,3.016783787,0.408188888,0.81820954,3.237791012,0.85216434,12.70122528,-2.723535933,NaN,-0.040923912,NaN
Nov-99,NaN,3.316770196,0.269385538,0.542450276,3.230381641,0.630666665,3.276097305,9.337641789,NaN,-0.047193305,NaN
Dec-99,3.294753226,3.294753008,0.146113826,0.854017279,3.222972269,0.659374123,6.269545506,16.27290868,NaN,-0.049445028,3.294753226
Jan-00,NaN,0.662977884,-0.249754893,-0.117058981,3.213904444,-0.105044187,-3.546835312,-14.49980429,NaN,-0.04515695,NaN
Feb-00,NaN,-1.1730335,-0.189617308,0.048971226,3.204836619,0.05086334,1.483099682,9.894782299,NaN,-0.041422316,NaN
Mar-00,-1.74062935,-1.740629262,0.004214886,0.136564322,3.195768794,0.247183775,1.665953055,4.063374802,NaN,-0.054481939,-1.74062935
Apr-00,NaN,0.862516662,0.401031588,0.391044785,3.185142483,0.446138055,4.8110276,-20.30710389,NaN,-0.056908948,NaN
May-00,NaN,3.19596091,0.393743754,0.211089861,3.174516172,0.148722122,0.843352904,-3.333274326,NaN,-0.048736352,NaN
Jun-00,4.052945475,4.052945024,0.218460914,-0.047454721,3.163889862,-0.206158279,-2.122952134,-0.811556151,NaN,-0.042674139,4.052945475
Jul-00,NaN,1.637588269,-0.202807601,-0.534763553,3.151781685,-0.582484118,-5.111046652,-9.700649861,NaN,-0.039248204,NaN
Aug-00,NaN,-1.226534248,-0.322286876,-0.689700513,3.139673508,-0.642477566,-5.773507535,-1.446002635,NaN,-0.026971061,NaN
Sep-00,-2.728667783,-2.728667757,-0.157072463,0.056381017,3.127565331,-0.091153436,2.375650095,11.25689063,NaN,-0.035617548,-2.728667783
Oct-00,NaN,-2.128812007,-0.052843663,-0.548506945,3.114152525,-0.474802254,-7.13417019,-7.432564133,NaN,-0.035088601,NaN
Nov-00,NaN,-0.860300704,-0.00515905,-0.415316197,3.100739719,-0.554328751,-2.422081062,-8.617456048,NaN,-0.012210974,NaN
Dec-00,-0.716917338,-0.716917464,-0.121226653,-0.647290669,3.087326912,-0.877097672,-6.091864677,-6.412041724,NaN,-0.004353592,-0.716917338
1-Jan,NaN,-1.882094874,-0.344138016,-0.920117253,3.072858333,-1.033352936,-9.426615453,3.708672773,NaN,-0.00937524,NaN
1-Feb,NaN,-3.584005993,-0.43063683,-1.200430092,3.058389754,-1.192760613,-10.61932406,-5.567811661,NaN,0.012612194,NaN
1-Mar,-4.342912129,-4.342912089,-0.310953177,-0.910272593,3.043921175,-0.955577127,-5.380669426,-13.27736345,NaN,0.023372139,-4.342912129
1-Apr,NaN,-3.105614229,-0.034813551,-0.667599972,3.028626615,-0.827748355,-6.143855922,14.19286065,NaN,0.030726278,NaN
1-May,NaN,-1.453984546,-0.017729409,-0.928753567,3.013332054,-1.048968983,-9.479228699,-5.67509799,NaN,0.029677383,NaN
1-Jun,-0.520171283,-0.520171576,-0.077499935,-0.984972119,2.998037494,-1.119750255,-8.990053593,-9.856545759,NaN,0.031522966,-0.520171283
1-Jul,NaN,-1.765244683,-0.346081827,-1.155821681,2.982045903,-1.150325165,-9.703322145,-4.272946418,NaN,0.031506344,NaN
1-Aug,NaN,-3.070652114,-0.344081267,-0.608655758,2.966054311,-0.698902253,-3.516575515,5.739075252,NaN,0.032221096,NaN
1-Sep,-4.554672952,-4.554672812,-0.448505109,-1.034544667,2.95006272,-1.023694335,-8.378583506,-30.07293809,NaN,0.056556803,-4.554672952
1-Oct,NaN,-4.027882287,-0.214384196,-0.266072684,2.933447501,-0.598979584,-6.099164855,122.4827666,NaN,0.088069594,NaN
1-Nov,NaN,-3.524476075,-0.218229714,-0.990280418,2.916832282,-0.965826478,-9.35398522,-32.3297554,NaN,0.064625805,NaN
1-Dec,-1.792494857,-1.792494779,-0.015509785,-0.510497294,2.900217063,-0.3420355,-2.33090631,-15.9698814,NaN,0.043175976,-1.792494857
2-Jan,NaN,-0.636809088,0.074537226,0.284976938,2.883125586,0.247925677,5.81136517,-5.159704061,NaN,0.038187093,NaN
2-Feb,NaN,0.235441554,-0.000167053,0.007241483,2.866034108,0.22073005,-2.017298586,2.233302613,NaN,0.030040933,NaN
2-Mar,0.45032231,0.450322532,0.038210459,0.546820114,2.84894263,0.642440073,7.298297082,-8.955055986,NaN,0.04165284,0.45032231
2-Apr,NaN,-0.068322465,-0.055124023,0.487874087,2.831534557,0.51524619,3.802805826,11.55924328,NaN,0.050643041,NaN
2-May,NaN,-0.33336547,-0.066427804,0.332771628,2.814126484,0.419802667,2.99463255,-19.76713497,NaN,0.036140731,NaN
2-Jun,-0.342254506,-0.342254142,0.035988291,0.773978049,2.796718411,0.644493506,7.973793,7.320172929,NaN,0.021244706,-0.342254506
2-Jul,NaN,-0.329741741,-0.051995922,0.067604177,2.779038725,-0.021080772,-2.283777965,7.702880403,NaN,0.020306941,NaN
2-Aug,NaN,-0.431131819,-0.091775324,-0.242148343,2.761359038,-0.252900518,-3.034544819,3.879644841,NaN,0.025051021,NaN
2-Sep,-1.132812509,-1.132812239,-0.139431814,-0.313549658,2.743679351,-0.370186958,-0.36869037,-21.59470305,NaN,0.034844057,-1.132812509
2-Oct,NaN,-1.811984963,-0.221789103,-0.504304707,2.725736421,-0.441447628,-5.256464958,0.122339449,NaN,0.033790863,NaN
2-Nov,NaN,-1.818466975,-0.093395827,0.330228204,2.70779349,0.182319916,4.973646189,3.855484384,NaN,0.023632292,NaN
2-Dec,-2.167568613,-2.167568317,-0.226707149,-0.611064263,2.68985056,-0.334091005,-8.287633226,6.102783074,NaN,0.038648013,-2.167568613
3-Jan,NaN,-1.0927378,0.046918526,0.520253424,2.67162989,0.474577709,8.195708389,-1.959937816,NaN,0.023599314,NaN
3-Feb,NaN,-0.98874799,-0.067398374,-0.003649941,2.653409221,-0.149991099,-0.204040283,-25.21789108,NaN,0.034094982,NaN
3-Mar,-0.573617537,-0.573617525,-0.122924533,-0.357973608,2.635188552,-0.560370344,-5.185429969,17.17175854,NaN,0.045322674,-0.573617537
3-Apr,NaN,-1.006312596,-0.061255242,-0.855426189,2.616794985,-0.784321175,-9.172256678,-0.279082037,NaN,0.050294059,NaN
3-May,NaN,-0.36423167,0.093121857,-0.447771007,2.598401418,-0.335995152,-1.914606757,3.354061884,NaN,0.041712004,NaN
3-Jun,0.977635313,0.977634837,0.212542094,-0.055786674,2.580007852,0.00147945,0.093850934,9.774075504,NaN,0.038920293,0.977635313
3-Jul,NaN,2.664376975,0.360430292,0.413608218,2.561587433,0.374150778,4.665400457,6.659957264,NaN,0.032862403,NaN
3-Aug,NaN,3.488512816,0.299155818,-0.088167649,2.543167015,0.129937991,-3.961114857,12.86100715,NaN,0.025044407,NaN
3-Sep,4.087877539,4.08787688,0.36238311,0.526856045,2.524746596,0.469029136,6.777163809,-13.02959868,NaN,0.02149983,4.087877539
3-Oct,NaN,3.412090009,0.191483575,0.06715515,2.506420131,0.206286463,-0.057915091,-4.896198843,NaN,0.011769313,NaN
3-Nov,NaN,3.198203621,0.245684221,0.638748104,2.488093666,0.616369703,6.634851022,12.14026148,NaN,-0.001845765,NaN
3-Dec,2.119982452,2.119982139,0.092827739,0.163661967,2.469767201,0.195573525,-0.665186181,-9.333908141,NaN,-0.00481383,2.119982452
4-Jan,NaN,1.327933508,-0.006528583,0.064514889,2.451639377,0.105645516,0.800583434,0.314274964,NaN,-0.003866512,NaN
4-Feb,NaN,0.467319308,0.030530671,0.463215908,2.433511554,0.304450879,5.763016493,4.007285846,NaN,-0.003461995,NaN
4-Mar,-0.130257485,-0.130257516,-0.056566467,-0.233698601,2.41538373,-0.078477635,-6.017918306,16.84387958,NaN,-0.016807957,-0.130257485
4-Apr,NaN,0.159816638,0.065989955,0.147653337,2.397427054,0.207174107,3.744297725,-16.51091472,NaN,-0.012599061,NaN
4-May,NaN,0.707984038,0.167572521,0.692918971,2.379470379,0.455385516,7.416608158,13.94432895,NaN,-0.021335538,NaN
4-Jun,0.741375249,0.741375162,-0.048218686,-0.723570483,2.361513704,-0.503034584,-10.54757189,-21.2227484,NaN,-0.013463712,0.741375249
4-Jul,NaN,1.245194331,0.191944748,0.505265457,2.343746017,0.413330082,7.793990101,10.74372668,NaN,-0.018094622,NaN
4-Aug,NaN,0.92275538,0.086962783,0.082847717,2.325978331,0.146309603,-0.022844029,-0.590592242,NaN,-0.019614561,NaN
4-Sep,1.439169734,1.439169619,0.080884874,0.150906089,2.308210645,0.329481238,0.007563159,15.51438951,NaN,-0.021952036,1.439169734
4-Oct,NaN,1.182125775,0.127683787,0.853702372,2.290786886,0.800367987,9.867155989,0.163151651,NaN,-0.024930367,NaN
4-Nov,NaN,1.19144404,0.089292349,0.381814912,2.273363127,0.561564133,1.920228222,-3.134408179,NaN,-0.029230806,NaN
4-Dec,1.811420566,1.811420583,0.23587901,0.835434567,2.255939368,0.892074305,7.822196506,13.20599002,NaN,-0.031634554,1.811420566
5-Jan,NaN,2.304613679,0.250982061,0.443960941,2.238958572,0.520194539,3.634104287,-12.39504876,NaN,-0.019517839,NaN
5-Feb,NaN,3.080058181,0.283153474,0.847805087,2.221977775,0.708816236,7.737903249,9.251864069,NaN,-0.04156323,NaN
5-Mar,2.21403313,2.214032995,0.019372713,-0.009915059,2.204996979,-0.019090657,-2.825366175,-3.792487079,NaN,-0.028143999,2.21403313
5-Apr,NaN,0.882470557,-0.081908549,0.117973352,2.188545199,0.130890333,1.393282956,5.614454768,NaN,-0.035037619,NaN
5-May,NaN,-0.510990874,-0.065211883,-0.0274195,2.172093419,0.126231111,0.25627811,-8.150307144,NaN,-0.03315973,NaN
5-Jun,-0.213944096,-0.213944137,0.093634398,0.462639183,2.155641638,0.27938998,3.881520577,37.5783955,NaN,-0.034144463,-0.213944096
5-Jul,NaN,0.884171124,0.192620266,-0.224474062,2.139881322,-0.367910811,-4.763467442,0.18203795,NaN,-0.035500945,NaN
5-Aug,NaN,2.129914088,0.246223858,0.123966083,2.124121005,-0.265161919,3.32039326,-20.08513306,NaN,-0.041948745,NaN
5-Sep,1.021847468,1.02184709,-0.183382352,-2.027729526,2.108360688,-1.480158215,-24.249007,-15.47325979,NaN,0.002315918,1.021847468
5-Oct,NaN,0.275839001,0.006118244,0.453797752,2.093380787,0.686658234,13.29672945,-2.634901153,NaN,-0.01828539,NaN
5-Nov,NaN,-0.525778434,0.045819499,1.218936733,2.078400886,1.232250628,11.83827845,15.94671848,NaN,-0.041830237,NaN
5-Dec,0.20186544,0.201865577,-0.001471349,0.91172608,2.063420985,0.783077175,5.723437807,-1.005272713,NaN,-0.042502273,0.20186544
6-Jan,NaN,1.163555211,0.246540653,0.586895383,2.04924908,0.455063951,0.674114787,25.28311818,NaN,-0.05664381,NaN
6-Feb,NaN,2.080942701,0.275166372,-0.074441551,2.035077174,0.016705413,-0.761862666,-10.70492598,NaN,-0.0606572,NaN
6-Mar,3.33770501,3.337704759,0.312719165,0.102502412,2.020905269,0.161370275,2.22880514,0.192626515,NaN,-0.053719681,3.33770501
6-Apr,NaN,2.62100646,0.067366078,0.250204068,2.007600487,0.222301374,2.989342405,-1.311138397,NaN,-0.052697291,NaN
6-May,NaN,0.914480062,-0.151465228,-0.008973281,1.994295704,-0.006374678,-0.85187862,-7.215709662,NaN,-0.033765449,NaN
6-Jun,-0.999860255,-0.999860061,-0.165865865,0.2963609,1.980990922,0.299077399,2.955840832,-0.236077605,NaN,-0.052297923,-0.999860255
6-Jul,NaN,-2.108824801,-0.209875107,-0.072566477,1.968546552,-0.007110418,-1.525645445,-3.942481417,NaN,-0.04363006,NaN
6-Aug,NaN,-1.79954159,-0.074144425,0.343327845,1.956102183,0.15061845,4.474286787,-0.868207283,NaN,-0.047187137,NaN
6-Sep,-1.342285348,-1.342285124,-0.051551749,-0.152940387,1.943657813,-0.194840884,-2.788387585,-1.03935208,NaN,-0.045915113,-1.342285348
6-Oct,NaN,-0.198821284,0.075990853,-0.171066396,1.932049784,-0.126083575,-2.203124269,2.5115248,NaN,-0.046953791,NaN
6-Nov,NaN,0.479124858,0.09534211,-0.18725855,1.920441756,0.016396937,-1.413805443,0.946808299,NaN,-0.040455795,NaN
6-Dec,1.451855646,1.451855712,0.191630965,0.886755997,1.908833727,0.71455825,11.47681255,7.168035695,NaN,-0.042444443,1.451855646
7-Jan,NaN,0.63014585,-0.129436613,-0.123072999,1.898096913,0.114632588,-5.435694587,-3.493955497,NaN,-0.047449693,NaN
7-Feb,NaN,0.243023711,-0.001438424,0.837068929,1.887360099,0.795109446,10.63740101,-4.471667324,NaN,-0.043663436,NaN
7-Mar,-0.703948482,-0.70394817,-0.045112006,0.36649977,1.876623286,0.531272447,1.857040447,3.012746213,NaN,-0.052506681,-0.703948482
7-Apr,NaN,0.211164844,0.099341641,0.715440453,1.866798605,0.602509592,7.862718392,-7.867848237,NaN,-0.0445648,NaN
7-May,NaN,0.476881615,0.064990768,0.33271518,1.856973924,0.236104482,0.067291694,9.416191973,NaN,-0.055361133,NaN
7-Jun,0.698471436,0.698471517,0.01028547,-0.052512465,1.847149243,-0.073181823,-0.368801142,-12.89239354,NaN,-0.048682122,0.698471436
7-Jul,NaN,0.32467537,0.005892604,-0.181148917,1.838231941,-0.115020659,-2.121470267,1.542496112,3.760728938,-0.049930334,NaN
7-Aug,NaN,0.263645189,0.049733223,0.100244649,1.82931464,0.071635694,2.179318773,4.210800699,1.478728938,-0.045059313,NaN
7-Sep,0.581602827,0.581602768,0.089774865,0.247585135,1.820397339,0.181795933,2.123555626,-1.262906567,2.829028938,-0.050226144,0.581602827
7-Oct,NaN,0.74582928,0.046949232,-0.248912427,1.812345111,-0.062132859,-4.379044795,3.01105699,4.956631186,-0.040142616,NaN
7-Nov,NaN,1.08661609,0.134929926,0.408073536,1.804292884,0.332649098,6.192530356,0.92117629,2.628033434,-0.03593178,NaN
7-Dec,0.634932112,0.634932083,-0.023146137,-0.030104899,1.796240657,-0.08469864,-0.779049193,-19.05622254,4.103135682,-0.028042081,0.634932112
8-Jan,NaN,-0.274250653,-0.180346452,-0.142087064,1.789092678,-0.227511207,-2.38968495,-2.166672379,5.099127345,-0.034268575,NaN
8-Feb,NaN,-2.123011678,-0.327260331,-0.522204604,1.781944699,-0.664927271,-5.082764359,-14.87003831,4.475519007,-0.02835505,NaN
8-Mar,-3.407843637,-3.407843571,-0.344354111,-0.650460965,1.774796721,-0.873174641,-4.760309027,-2.378882394,2.69581067,-0.017790521,-3.407843637
8-Apr,NaN,-3.102180194,-0.103930607,-0.878063023,1.768606765,-0.837942339,-8.720624564,-4.360854936,1.776419412,-0.019952769,NaN
8-May,NaN,-1.450954608,0.085546066,-0.864200338,1.76241681,-0.639302346,-7.838044139,2.996437958,0.395328154,-0.015870321,NaN
8-Jun,0.52642897,0.526428457,0.149991656,-0.563223682,1.756226855,-0.819792785,-3.308059506,-12.19610263,-2.181463104,-0.005064987,0.52642897
8-Jul,NaN,1.11198635,0.042458866,-0.754741092,1.751027637,-1.354655549,-6.331145822,-14.08571864,0.956343402,0.004435158,NaN
8-Aug,NaN,-0.418128269,-0.296982589,-1.846267947,1.745828419,-2.324637672,-19.4935305,-8.079983554,-3.092550092,0.026983768,NaN
8-Sep,-3.853772713,-3.85377316,-0.708919567,-3.922137632,1.740629201,-3.221150643,-41.620326,-20.09302621,-5.331643586,0.047370146,-3.853772713
8-Oct,NaN,-6.222482993,-0.549718592,-0.683724749,1.736404518,-1.071365304,10.2836421,-30.96709308,-11.7988149,0.054285617,NaN
8-Nov,NaN,-8.858845808,-0.956073292,-1.695719269,1.732179836,-2.283608839,-16.32983044,-26.74231557,-14.6792862,0.083809639,NaN
8-Dec,-10.55707239,-10.55707202,-1.133476119,-2.832657793,1.727955154,-3.164945778,-29.8171545,-17.04926276,-16.02695751,0.112599304,-10.55707239
9-Jan,NaN,-11.60341612,-0.811304618,-3.180429798,1.724580429,-3.034604944,-30.63678056,13.29574055,-18.49311261,0.119127346,NaN
9-Feb,NaN,-9.482900579,-0.425944407,-2.024987278,1.721205705,-2.20023991,-8.473200857,-10.21783789,-16.2175677,0.165218516,NaN
9-Mar,-6.408112363,-6.408112385,-0.364779071,-2.279825927,1.717830981,-2.344996134,-19.91989974,-20.86874956,-15.31052279,0.176495513,-6.408112363
9-Apr,NaN,-3.853619606,-0.172681423,-1.178316055,1.715206403,-1.442376532,-9.879098244,3.584472074,-12.87628577,0.15539891,NaN
9-May,NaN,-3.145630975,-0.24894725,-1.300644988,1.712581824,-1.234892815,-12.95541527,7.670356331,-10.82854874,0.144927551,NaN
9-Jun,-2.387483279,-2.387483235,-0.175242136,-0.744396396,1.709957246,-0.271913987,-4.594270039,9.084769151,-5.407811717,0.136450952,-2.387483279
9-Jul,NaN,-1.972753746,-0.068999051,0.831965167,1.708081138,1.132748776,12.90568451,1.550959077,-5.10247623,0.116811195,NaN
9-Aug,NaN,-0.940975939,0.008997202,1.404539589,1.70620503,1.461114927,12.74348503,16.42976739,-5.361740743,0.112918278,NaN
9-Sep,-0.259222521,-0.259221977,-0.004803645,1.022327553,1.704328922,0.968511063,8.96873278,-31.95090946,-2.879805257,0.106817699,-0.259222521
9-Oct,NaN,0.730731714,0.178489372,0.657216164,1.703169767,0.60641022,2.807761314,6.454741926,1.261115464,0.092963327,NaN
9-Nov,NaN,1.682546127,0.246950805,0.476728216,1.702010612,0.569448572,4.082993705,4.45216615,2.424636185,0.072765762,NaN
9-Dec,2.548346606,2.548346806,0.211646524,0.298928681,1.700851457,0.584401042,3.10105854,4.219008847,1.165656906,0.069239346,2.548346606
10-Jan,NaN,2.309978528,0.118897302,1.09113723,1.700279492,1.044041246,12.76066257,-2.2419896,3.524923486,0.065212892,NaN
10-Feb,NaN,1.080431643,-0.060435916,0.620882291,1.699707528,0.698414398,3.240964433,3.319144179,4.558390065,0.069114978,NaN
10-Mar,0.296093903,0.296094328,0.015562196,0.934497699,1.699135563,1.041548401,8.216774658,24.13747816,5.074556645,0.058971173,0.296093903
10-Apr,NaN,0.197898244,0.094348281,0.581990917,1.698932808,0.83578631,3.846066423,8.711759819,2.238306396,0.057331795,NaN
10-May,NaN,1.576015563,0.284093414,1.36540617,1.698730054,1.293283557,15.86601008,-10.79825262,4.989456148,0.052635605,NaN
10-Jun,2.153682171,2.153682347,0.159978892,0.493413082,1.698527299,0.628569731,1.720932235,-2.409495551,2.243305899,0.054762197,2.153682171
10-Jul,NaN,2.459723241,0.170858505,0.530473423,1.698092121,0.593574747,4.413047968,-0.280140618,1.549802921,0.05424873,NaN
10-Aug,NaN,1.706970384,0.0959052,0.370848182,1.697656943,0.271660943,3.426712929,4.376047373,1.540099944,0.064215489,NaN
10-Sep,1.383461063,1.383461112,0.079101574,0.271730012,1.697221765,0.162624881,2.100451587,5.846882053,2.560996966,0.050953086,1.383461063
10-Oct,NaN,0.764229155,0.016050516,-0.156650559,1.696453512,-0.071936592,-3.421013131,7.578631051,2.138544014,0.047673532,NaN
10-Nov,NaN,0.497035987,0.029106908,-0.026753041,1.69568526,0.178623577,-0.114411138,9.351396164,1.206491061,0.033845244,NaN
10-Dec,0.378082679,0.378082843,0.049363288,0.794697715,1.694917007,0.616823014,10.87491605,-0.477748434,-0.240061892,0.031224867,0.378082679
11-Jan,NaN,-0.866899062,-0.295194961,0.050497617,1.6942257,-0.064572043,-2.869030462,4.428409137,3.864290943,0.036557625,NaN
11-Feb,NaN,-2.241944741,-0.314654512,-0.360443182,1.693534393,-0.146018012,-5.998850803,4.738782098,4.744643778,0.020502258,NaN
11-Mar,-2.657670038,-2.657669545,-0.054567913,0.678476693,1.692843086,0.513575952,11.6914801,3.751198694,3.460796613,0.023527862,-2.657670038
11-Apr,NaN,-1.460494193,0.004098877,-0.219313787,1.692423413,-0.166229688,-4.792994303,-0.721621407,3.760174613,0.033048416,NaN
11-May,NaN,0.331458537,0.13333367,0.092757838,1.692003739,0.164019905,1.231623089,-5.501267443,3.102652612,0.034700325,NaN
11-Jun,1.011465237,1.011465429,0.11543381,0.233973373,1.691584066,0.370434417,2.343910875,7.536168275,2.250830611,0.032467298,1.011465237
11-Jul,NaN,0.650692216,-0.086094426,0.465977979,1.691663101,0.535163321,5.742400481,-5.161311261,2.823449063,0.02911326,NaN
11-Aug,NaN,-0.470049689,-0.146851806,0.714050975,1.691742136,0.618317675,6.572363704,-1.54339455,4.890867514,0.026499498,NaN
11-Sep,-1.846919888,-1.846919455,-0.228783632,0.037913147,1.691821171,0.154945025,-1.616342804,7.006152194,1.863385966,0.031439667,-1.846919888
11-Oct,NaN,-0.955886282,0.136663867,0.619481857,1.692548754,0.548003259,6.932890673,5.843358797,-2.450808244,0.02193008,NaN
11-Nov,NaN,0.509115449,0.219398627,0.167227582,1.693276336,0.348790025,-0.170805029,0.918953027,0.919297545,0.013276216,NaN
11-Dec,2.767732176,2.767732079,0.335870526,0.48428506,1.694003918,0.573582324,5.244226036,-1.440781636,2.812603335,0.00570073,2.767732176
12-Jan,NaN,3.364616407,0.285884949,0.679293691,1.695571412,0.579612428,6.431150915,7.887123442,2.797490813,0.005675453,NaN
12-Feb,NaN,3.07384074,0.14670471,0.47751696,1.697138907,0.345101109,2.695583872,9.917502044,2.702578291,-0.004057039,NaN
12-Mar,1.559677538,1.559677409,-0.042670307,-0.365026862,1.698706401,-0.120849021,-6.645344495,0.033345094,3.529565769,-0.001909599,1.559677538
12-Apr,NaN,0.542587509,0.031612474,0.423313843,1.701191425,0.399928237,8.482774664,-7.801962043,0.485576156,0.008255604,NaN
12-May,NaN,-0.001903508,0.010581956,0.203544834,1.703676449,0.238221343,1.169219404,-1.67255621,0.689886543,0.002465938,NaN
12-Jun,0.113134896,0.113134958,-0.013910691,-0.00648618,1.706161473,-0.011035252,-0.836957352,-11.85859244,-1.531003069,0.005853447,0.113134896
12-Jul,NaN,-0.023914442,-0.002649876,0.214092778,1.70950614,-0.016659407,1.984000217,4.076607006,-1.248298815,0.001746669,NaN
12-Aug,NaN,-0.591998425,-0.13143904,-0.426982239,1.712850807,-0.416095734,-5.597146189,5.230705757,-1.032294561,0.002522871,NaN
12-Sep,-1.017274533,-1.017274326,-0.120229666,-0.276201487,1.716195474,-0.115374298,-1.426161808,2.733459386,-1.887190306,0.007420447,-1.017274533
12-Oct,NaN,-1.530499543,-0.13095618,0.154073426,1.720376933,0.265569951,2.995435362,-4.484944815,-2.685964364,-0.001789968,NaN
12-Nov,NaN,-1.526123103,-0.13034493,0.431095133,1.724558391,0.29825598,4.742986007,5.306932322,0.394861579,0.019585429,NaN
12-Dec,-1.289628691,-1.289628344,-0.061105976,0.376985716,1.728739849,0.338780115,2.012466034,3.182466105,2.710987522,-0.008081044,-1.289628691
13-Jan,NaN,-0.456319152,0.077371118,0.068448074,1.733778342,0.209063554,-1.354193877,4.979832038,1.595756125,-0.012207423,NaN
13-Feb,NaN,0.811117748,0.186514295,0.381492406,1.738816834,0.399508962,5.03977381,6.156673188,-1.431175272,-0.011623782,NaN
13-Mar,1.71232826,1.712328313,0.164196665,0.394087996,1.743855327,0.343526174,4.206475381,-7.349294645,1.883893331,-0.012022238,1.71232826
13-Apr,NaN,1.273277641,-0.03239155,0.01461337,1.749770145,0.001385435,-1.642852641,-4.787534693,1.80262038,-0.015626248,NaN
13-May,NaN,0.075549198,-0.112917816,0.04047699,1.755684964,-0.024638778,0.124247952,3.56966641,-0.21375257,-0.015616611,NaN
13-Jun,-1.204447107,-1.204446996,-0.155802383,-0.0123162,1.761599782,-0.080145907,0.763856918,-0.702421813,-3.675725521,-0.018052678,-1.204447107
13-Jul,NaN,-1.427883408,-0.088250653,-0.304139408,1.768355955,-0.119588698,-4.336701892,3.855981398,2.518072034,-0.017076645,NaN
13-Aug,NaN,-0.362431781,0.153445091,0.396912183,1.775112127,0.470761713,6.120570588,-7.697535313,1.986769589,-0.025319652,NaN
13-Sep,1.372276803,1.372276765,0.277874754,0.609666868,1.781868299,0.585993136,5.801933287,-1.977739653,-1.057032856,-0.038030409,1.372276803
13-Oct,NaN,2.364761144,0.159870442,-0.050489605,1.789341378,-0.054276892,-2.594858872,2.209306276,1.222944823,-0.008100036,NaN
13-Nov,NaN,2.307622417,0.139160409,0.222160668,1.796814456,0.134736443,2.181428877,-1.391210934,1.371422502,-0.028661007,NaN
13-Dec,1.030328892,1.030328963,-0.04144861,0.12688814,1.804287534,0.044627673,1.323836184,2.269202121,1.352100181,-0.017239758,1.030328892
14-Jan,NaN,-1.246925004,-0.40944305,-0.429697413,1.812325775,-0.16217553,-4.887170433,-17.78290531,-1.705533691,-0.030059286,NaN
14-Feb,NaN,-2.868649922,-0.266270821,0.602639278,1.820364016,0.67594016,8.030496807,13.5669421,1.555432437,-0.024953987,NaN
14-Mar,-3.231298477,-3.231297892,-0.132110602,0.981595786,1.828402257,0.903771164,10.69267134,8.235530916,0.984498565,-0.035024437,-3.231298477
14-Apr,NaN,-1.061695806,0.132957471,0.417877363,1.836934982,0.492445567,-0.357030457,6.919673383,1.583561213,-0.033229632,NaN
14-May,NaN,1.267334639,0.315986791,0.454627251,1.845467708,0.470742931,3.66186411,-2.509509174,2.112523861,-0.039602928,NaN
14-Jun,3.249815098,3.24981489,0.36350946,0.286305029,1.854000433,0.241091239,2.935218801,-0.862419855,0.485686509,-0.040029533,3.249815098
14-Jul,NaN,4.099688235,0.345425808,0.231396965,1.862987365,0.143226054,2.15754995,-2.197118823,0.143754461,-0.048170648,NaN
14-Aug,NaN,3.625234773,0.197373425,-0.122071854,1.871974297,-0.055933093,-3.403350355,6.445928935,4.247522413,-0.048385129,NaN
14-Sep,2.751951613,2.751951154,0.145188556,0.22871575,1.880961229,0.232422922,2.830117221,-5.043595683,3.939390365,-0.052981821,2.751951613
14-Oct,NaN,1.271227812,-0.024755028,-0.068215223,1.890332838,0.164686125,-1.056564093,1.141017286,0.977974039,-0.057672147,NaN
14-Nov,NaN,0.590485671,0.02718789,0.527367209,1.899704447,0.358627696,6.711289351,3.234490145,-1.908942287,-0.056180756,NaN
14-Dec,-0.117122319,-0.117122615,-0.031713515,0.062088229,1.909076056,-0.229328089,-1.769477231,-5.796967297,0.772441387,-0.060768219,-0.117122319
15-Jan,NaN,0.214656081,0.058189646,-0.787598461,1.918740236,-0.842756419,-10.07943988,-2.297221985,1.042653741,-0.05985773,NaN
15-Feb,NaN,0.516002011,0.102524372,-1.010743936,1.928404417,-1.030641289,-8.434975759,-7.685341513,1.470466095,-0.050947122,NaN
15-Mar,1.302027625,1.302026869,0.164792699,-0.607114263,1.938068597,-0.849375077,-5.14889573,11.97243703,-0.27422155,-0.06221293,1.302027625
15-Apr,NaN,1.188182765,0.02972862,-0.900620877,1.947913716,-0.978902421,-8.422089765,-2.598691708,-1.394764096,-0.061690935,NaN
15-May,NaN,0.904324251,0.031559743,-0.709629681,1.957758836,-0.642595772,-6.537750842,2.267706018,-0.595406642,-0.070255359,NaN
15-Jun,0.345699641,0.345699061,0.025136402,-0.548218342,1.967603955,-0.36891757,-5.259443117,-4.218807921,-0.520049188,-0.070032791,0.345699641
15-Jul,NaN,0.520901306,0.073529181,0.353156843,1.977554409,0.244220217,6.761623064,2.997755116,0.056374202,-0.067697985,NaN
15-Aug,NaN,0.049364292,-0.08632451,-0.218778929,1.987504863,-0.32276564,-4.537084549,-2.72956864,-0.854802407,-0.069802567,NaN
15-Sep,-0.706051527,-0.706051763,-0.163717612,-0.413811739,1.997455317,-0.674954397,-5.4230816,-5.562876007,0.315820983,-0.073234069,-0.706051527
15-Oct,NaN,-1.66750663,-0.166834535,-0.687725181,2.007458848,-0.906418313,-6.243867164,-8.150624079,1.532136586,-0.075599842,NaN
15-Nov,NaN,-1.948653507,-0.156611229,-1.096612288,2.017462379,-1.046163128,-10.37739831,0.219120556,-0.875547812,-0.075266876,NaN
15-Dec,-1.442955797,-1.442956094,-0.037293259,-0.923192768,2.027465911,-0.742327912,-8.376421284,2.372261122,-0.106532209,-0.074602414,-1.442955797
16-Jan,NaN,-0.090072389,0.171386391,0.185923225,2.03745942,-0.07420911,6.416613164,-10.88263671,0.790308424,-0.06975005,NaN
16-Feb,NaN,0.567360772,0.007747061,-0.434153907,2.04745293,-0.623103255,-7.737149509,10.25222624,-1.215150943,-0.078566629,NaN
16-Mar,0.292357526,0.292357192,-0.106044154,-0.895302834,2.05744644,-0.828633692,-10.73812691,-11.28629575,-0.24171031,-0.081650393,0.292357526
16-Apr,NaN,-0.801737277,-0.102137227,-0.218919957,2.067313939,-0.254043384,1.847182901,-3.899279083,-1.741804073,-0.080214935,NaN
16-May,NaN,-1.385657081,-0.13823289,-0.416454185,2.077181439,-0.268678111,-3.66695725,-1.121269007,-0.661097835,-0.074818007,NaN
16-Jun,-0.879318813,-0.879318858,0.020540402,0.338300002,2.087048939,0.282283709,3.742229041,5.129481164,1.962908403,-0.081167896,-0.879318813
16-Jul,NaN,-0.207231679,0.065884568,0.204203389,2.096688365,0.078961387,0.644757323,-5.694411889,2.270729906,-0.085430825,NaN
16-Aug,NaN,0.356101043,0.002600291,-0.248563812,2.106327792,-0.334418386,-3.66667804,-4.106472897,2.826751409,-0.083587333,NaN
16-Sep,0.281296335,0.281296186,0.001839188,-0.299026554,2.115967219,-0.369943887,-3.015627833,-0.275340095,-0.550727088,-0.091608165,0.281296335
16-Oct,NaN,-0.041038959,-0.014699218,-0.195506273,2.125372999,-0.262622556,-0.806475124,-2.891713953,0.743469894,-0.089176756,NaN
16-Nov,NaN,-0.364984662,-0.078386135,-0.607220574,2.13477878,-0.419048168,-6.989373288,-6.236636149,0.781966876,-0.095748268,NaN
16-Dec,-0.161551049,-0.16155112,0.052697573,0.413132645,2.14418456,0.151036124,6.493655736,7.628837514,0.157763858,-0.09224513,-0.161551049
17-Jan,NaN,-0.373250674,-0.067624107,-0.108921898,2.153298638,-0.240366843,-3.481840829,5.007375552,0.700808687,-0.096151247,NaN
17-Feb,NaN,-0.40627296,-0.086641707,-0.512698973,2.162412717,-0.242112621,-6.254714554,-7.16352299,-0.153146484,-0.100997127,NaN
17-Mar,-0.288243041,-0.288242976,0.082205069,0.394470205,2.171526795,0.548836384,7.29717632,-6.030928391,0.765298345,-0.095093128,-0.288243041
17-Apr,NaN,0.417104846,0.108712849,0.897737287,2.18026977,0.843964943,9.504745248,0.408152393,1.567777269,-0.100858452,NaN
17-May,NaN,0.639451853,-0.031054955,0.313241101,2.189012745,0.251309622,-0.391662001,-9.179275462,0.718556194,-0.10242038,NaN
17-Jun,0.035060126,0.035060219,-0.068892839,0.133510094,2.19775572,-0.111619185,0.1454262,-0.510274677,0.919135118,-0.102641647,0.035060126
17-Jul,NaN,-0.447477513,-0.011921584,-0.275031318,2.206058298,-0.485196927,-2.890676756,-4.144533113,-0.614649909,-0.101251979,NaN
17-Aug,NaN,-0.260439338,0.015704589,-0.752552967,2.214360875,-0.555311249,-7.817454903,-6.996815323,-0.329634936,-0.104212371,NaN
17-Sep,0.643642302,0.643642069,0.157127512,-0.245800313,2.222663453,0.030641551,-1.269918038,13.80107053,0.155080036,-0.086771203,0.643642302
17-Oct,NaN,1.866839913,0.293877877,1.008606127,2.230417403,0.94610374,13.01667206,-3.616385679,2.078476783,-0.107061231,NaN
17-Nov,NaN,2.221311178,0.104322405,0.530573747,2.238171354,0.411235521,1.563214434,4.588820376,2.008973531,-0.106385696,NaN
17-Dec,1.498097122,1.498097026,-0.023676026,0.190549174,2.245925304,0.016006869,-0.69008675,-1.115568986,0.168770278,-0.108504716,1.498097122
18-Jan,NaN,0.137949661,-0.046158965,-0.189478687,2.253009977,-0.103447778,-2.008132508,-11.22713646,1.777673259,-0.110404091,NaN
18-Feb,NaN,-0.006468316,0.068217911,0.023136364,2.26009465,0.251816816,1.606223985,-2.341289319,1.361676241,-0.119558518,NaN
18-Mar,0.772656751,0.772656707,0.17110523,0.483289209,2.267179324,0.561052435,5.754809651,-6.172168623,0.465079223,-0.117465357,0.772656751
18-Apr,NaN,1.825751428,0.217114716,1.103948947,2.273556107,0.707734357,11.07892316,-3.297777178,0.648682913,-0.119978399,NaN
18-May,NaN,1.330585212,-0.055573643,-0.53492223,2.279932891,-0.345352636,-12.0249489,6.063636491,0.465586604,-0.121367543,NaN
18-Jun,1.035502653,1.035502647,0.097334589,0.347791089,2.286309675,0.343711446,6.989994525,-8.891783009,-0.711609706,-0.121957835,1.035502653
18-Jul,NaN,0.186401405,0.004839405,0.116634921,2.291942295,0.185877156,0.893068542,2.292314517,-0.863259429,-0.123789001,NaN
18-Aug,NaN,0.441671775,0.00824395,0.477457705,2.297574916,0.318475681,5.210256786,-9.279714144,-0.084109152,-0.127126421,NaN
18-Sep,-0.380027993,-0.380027898,-0.108090329,0.003403071,2.303207536,-0.088484787,-2.343481653,-10.82054235,0.318141124,-0.129684499,-0.380027993
18-Oct,NaN,-0.935156385,-0.133942717,-0.260349246,2.308066151,-0.30969515,-3.61879885,5.700230296,-0.307445142,-0.128913043,NaN
18-Nov,NaN,-1.461524736,-0.123348138,-0.340728541,2.312924767,-0.470339978,-2.829324371,-1.587427328,1.243168591,-0.12604864,NaN
18-Dec,-1.426210408,-1.426210483,-0.099261766,-0.429906912,2.317783382,-0.625370195,-2.50478477,-29.20229637,1.817482325,-0.128968218,-1.426210408
19-Jan,NaN,-0.930267485,-0.009956967,-0.694197424,2.322133771,-0.79351248,-8.528499318,10.19063705,0.466425791,-0.128136815,NaN
19-Feb,NaN,-0.577897693,-0.03525569,-0.918086856,2.326484161,-0.891042853,-8.686163504,-8.336954412,0.695469256,-0.124887475,NaN
19-Mar,0.053207902,0.053207422,0.058514513,-0.214373198,2.33083455,-0.432595965,-0.424147905,7.859192054,0.141812722,-0.130857331,0.053207902
19-Apr,NaN,-0.165991219,-0.064756627,-0.817128951,2.335070418,-0.732555474,-9.144201957,-4.508874311,0.291422051,-0.133007127,NaN
19-May,NaN,0.40795229,0.108230187,-0.17201004,2.339306287,-0.246961078,0.29025351,-2.211767947,-1.43226862,-0.132046164,NaN
19-Jun,0.815646974,0.815646522,0.160438071,-0.174848999,2.343542155,-0.250018216,-2.832250807,-0.507220864,0.890340708,-0.131019975,0.815646974
19-Jul,NaN,1.76065099,0.17149449,-0.513011297,2.347904217,-0.36100006,-5.889578448,0.532218254,-1.295755351,-0.137813476,NaN
19-Aug,NaN,1.761849806,0.108529892,0.281892206,2.352266279,-0.031467633,5.340990514,-0.974081479,-4.70375141,-0.136530283,NaN
19-Sep,0.376011383,0.37601082,-0.186021676,-0.412391649,2.35662834,-0.552135864,-6.449332761,-14.60475785,-2.050147469,-0.139381422,0.376011383
19-Oct,NaN,-1.668987444,-0.339755076,-1.055619458,2.36122588,-0.698264046,-12.09408297,-2.766300432,0.014296944,-0.139563983,NaN
19-Nov,NaN,-1.821017148,0.070522465,-0.024281137,2.36582342,-0.211241688,4.071668744,-3.649707228,0.500741356,-0.138446345,NaN
19-Dec,-0.498417823,-0.498417727,0.144628179,-0.522910234,2.370420959,-1.489261553,-6.470389595,-5.103381767,0.083285769,-0.134801557,-0.498417823
20-Jan,NaN,1.659233173,0.199657649,-0.715441865,2.375236655,-1.341689964,-8.356471149,-0.302687706,-0.929841197,-0.144069446,NaN
20-Feb,NaN,3.198781251,0.455409485,-0.180562173,2.38005235,2.046260819,0.618685566,-9.461603512,-1.325768163,-0.144457655,NaN
20-Mar,-7.633483869,-7.633481817,-2.563437588,-6.992528383,2.384868045,-5.154910812,-39.54331232,-70.25883744,-4.268995128,1.165848066,-7.633483869
20-Apr,NaN,-36.42799688,-6.998971118,-12.80223394,2.389860261,-14.21935784,-84.85250271,-89.12224876,-25.53167644,2.710096974,NaN
20-May,NaN,-45.45750508,-1.801967564,6.102716392,2.394852476,6.846464444,20.97898799,641.3688267,-24.52335776,1.082319395,NaN
20-Jun,-33.63554315,-33.63553782,0.392054227,10.6688036,2.399844692,11.29845051,103.5208624,149.4130423,-2.561839074,0.646563389,-33.63554315
20-Jul,NaN,4.661849622,2.575375743,7.409787727,2.404975573,6.437818253,59.50651635,4.825286155,-0.650298223,0.587057276,NaN
20-Aug,NaN,23.54617872,2.919114709,3.410386471,2.410106453,3.051814277,10.38295799,-0.45451727,2.419142628,0.292614609,NaN
20-Sep,31.36804197,31.36804039,2.347519645,0.445281976,2.415237334,0.441596612,-5.902329506,16.28951556,0.768883479,0.251415481,31.36804197
20-Oct,NaN,24.60514665,0.884652309,0.11217902,2.420421523,0.468453479,10.74652466,-7.098302591,-1.125234496,0.209733698,NaN
20-Nov,NaN,12.91255588,-0.004032984,0.051810595,2.425605712,0.724652853,4.084047194,-26.05479726,0.038347529,0.176022663,NaN
20-Dec,2.005623747,2.005622911,-0.379213597,1.050221737,2.430789902,0.964575244,11.48980057,-18.30646878,0.268529555,0.22925394,2.005623747
21-Jan,NaN,-1.720251466,-0.046816286,1.756543212,2.435982725,0.996098984,11.28470136,119.0310176,3.506310991,0.245870588,NaN
21-Feb,NaN,-2.41576462,-0.177911272,-2.406331394,2.441175548,-1.284145165,-33.22303309,-38.19909759,3.203692426,0.216619673,NaN
21-Mar,3.642609516,3.642608983,1.135379804,3.371823276,2.446368371,2.693853463,38.02863871,230.9848231,3.031673862,0.163051805,3.642609516
21-Apr,NaN,5.799329992,0.492363967,0.622962121,2.451659885,0.552704657,-1.435639257,-2.868725309,5.721082409,0.098565456,NaN
21-May,NaN,8.158356029,0.411845237,0.881804713,2.456951399,1.026318149,5.783916637,-31.02210036,7.413690957,-0.011922349,NaN
21-Jun,4.047484037,4.047483737,0.107661731,0.607081277,2.462242913,0.579257665,4.116851002,-6.385697398,3.537899505,-0.044828697,4.047484037
21-Jul,NaN,1.990849252,-0.021794655,0.267011938,2.467725283,0.032311628,5.831738678,-31.21071886,4.330351254,-0.047095177,NaN
21-Aug,NaN,0.293268701,-0.012549901,-0.080630604,2.473207653,-0.315088143,-3.378342625,3.651504911,2.390403004,-0.071049333,NaN
21-Sep,-0.201392505,-0.201392981,-0.01600369,-1.275906678,2.478690023,-0.901405094,-17.22768857,-2.281016736,4.447754753,-0.081884311,-0.201392505
21-Oct,NaN,1.752978997,0.46679834,0.684865846,2.48444311,0.586220881,13.65183721,4.434257647,-0.012729794,-0.112005594,NaN
21-Nov,NaN,3.649402839,0.46155606,0.780191028,2.490196197,0.64949025,7.037882963,-6.18884293,0.576685658,-0.147058958,NaN
21-Dec,4.666007811,4.666007312,0.238147428,-0.22300913,2.495949284,0.202386379,-7.42913723,-38.93053351,0.60730111,-0.173179805,4.666007811
22-Jan,NaN,3.701594298,0.225695086,1.253802532,2.495949284,1.08114178,13.97496988,58.01842487,-0.599463696,-0.147422639,NaN
22-Feb,NaN,1.85656846,0.0002996,0.524880026,2.495949284,0.486943377,3.80563188,-12.2333257,2.929271498,-0.157962346,NaN
22-Mar,NaN,1.007878467,0.02597493,0.563236263,2.495949284,0.563236263,NaN,NaN,4.181006693,-0.171618406,NaN
