dates,gdp_data,dYq,dYm,MF,trend
1973m1,NaN,4.8227093546483,0.542476319652359,1.31059138720485,3.12745022162874
1973m2,NaN,6.10624022855564,0.601563401081627,1.53919764305995,3.12244062998408
1973m3,6.66131090166058,6.6613098842907,0.52128775033869,1.20679027648363,3.11743103833942
1973m4,NaN,5.79346356171045,0.325514739007297,0.495010911895323,3.1115432366019
1973m5,NaN,3.81076546513652,0.105888876938143,0.352774684805077,3.10565543486439
1973m6,1.23130571387312,1.23130534793669,-0.123577278961268,0.363616973256933,3.09976763312688
1973m7,NaN,-1.97711659393901,-0.476590746461629,0.308257096482574,3.09334305975884
1973m8,NaN,-4.49595441738105,-0.523820578922366,-0.183286904269312,3.08691848639079
1973m9,-5.18965527602275,-5.18965402362634,-0.297002180522589,-0.231468691140215,3.08049391302275
1973m10,NaN,-2.77285542719776,0.127608902645516,0.103045002731182,3.07388196216336
1973m11,NaN,-0.138897594309953,0.134668879299585,0.193242252127675,3.06727001130398
1973m12,0.71833630455541,0.718336243170575,-0.082693721152457,-0.535703682502298,3.06065806044459
1974m1,NaN,-1.79429224718525,-0.50054821994344,-0.907495886677534,3.05413792265035
1974m2,NaN,-4.75952338676915,-0.606638905596391,-0.998957968498924,3.04761778485611
1974m3,-6.49502718406187,-6.49502623783313,-0.516569433918451,-0.982157018899746,3.04109764706187
1974m4,NaN,-5.21395356088774,-0.180280050707094,-0.602960643109855,3.03490194906012
1974m5,NaN,-3.28595215016165,-0.124638552914867,-0.157473690428533,3.02870625105838
1974m6,-2.07293020005663,-2.07292974517177,-0.213313832670981,-0.452287060244899,3.02251055305663
1974m7,NaN,-3.22315291749344,-0.467835843787511,-0.277929914029216,3.01680619224755
1974m8,NaN,-5.26215276593211,-0.634388515024536,-0.795216047014204,3.01110183143846
1974m9,-6.80391155362938,-6.80391093103789,-0.598753373947425,-1.48737549398216,3.00539747062938
1974m10,NaN,-6.05639822900381,-0.280957668278992,-1.70375282496543,3.00024214438412
1974m11,NaN,-4.94347887951008,-0.356158677651104,-3.19224599344874,2.99508681813887
1974m12,-4.54551745989361,-4.54551887134059,-0.499263371905051,-3.84424284574087,2.98993149189361
1975m1,NaN,-6.00146381231957,-0.644943903523737,-3.32659621674234,2.98529885683374
1975m2,NaN,-7.36601526154332,-0.697296539957042,-3.23367508846924,2.98066622177386
1975m3,-7.87511478971399,-7.87511526329972,-0.626538372344152,-2.4586240735154,2.97603358671399
1975m4,NaN,-6.45073681778883,-0.288849292146013,-1.568344585979,2.97190069449853
1975m5,NaN,-3.49370627748293,0.0419610951194316,-0.666302659074956,2.96776780228307
1975m6,-0.115623120067605,-0.115623489795958,0.217982324577592,-0.0379580409943001,2.96363491006761
1975m7,NaN,2.85307525699854,0.453325394552612,0.751534219299567,2.95998584507679
1975m8,NaN,3.97700529745359,0.322943605233194,0.754505077020639,2.95633678008597
1975m9,3.83600718090486,3.836006945725,0.182732736645445,0.914075248652162,2.95268771509514
1975m10,NaN,2.44973879986296,0.106758358087103,0.87136617447271,2.94955374992587
1975m11,NaN,1.8037582651932,0.161448471565752,0.621270973581889,2.94641978475659
1975m12,2.40680480941269,2.4068047841833,0.33349436639297,0.992800255530187,2.94328581958731
1976m1,NaN,4.0024151434304,0.505660947898879,1.2531782509775,2.94068208058323
1976m2,NaN,5.61947203457688,0.565712694352372,1.31774693075586,2.93807834157916
1976m3,5.95992173042492,5.95992112813812,0.41860663978328,0.981106783436601,2.93547460257508
1976m4,NaN,4.5587896223231,0.155378071445124,0.760106090272482,2.9333689371107
1976m5,NaN,2.11790168654036,-0.0445092895933149,0.31003721465937,2.93126327164631
1976m6,-0.00508917718193302,-0.0050888951077743,-0.112141005628753,0.134255241973035,2.92915760618193
1976m7,NaN,-0.900113236121739,-0.068378013808367,0.275689721910913,2.92749814571273
1976m8,NaN,-0.845563794847597,-0.0308719292747795,0.314709375073422,2.92583868524352
1976m9,-0.735297267774318,-0.735296556171764,-0.0845741959597946,-0.153894226560018,2.92417922477432
1976m10,NaN,-0.906012273847155,-0.111056943227215,-0.155535630982702,2.92292290260208
1976m11,NaN,-0.774165809030262,0.00208968692944364,0.553532790119566,2.92166658042985
1976m12,-0.0314827732576139,-0.0314818349775308,0.101096797553388,0.730841614129195,2.92041025825761
1977m1,NaN,0.683125923059226,0.0675949962819746,-0.0282957007391216,2.91952483698941
1977m2,NaN,0.661955482025813,-0.00320292332890971,0.129089863295926,2.91863941572121
1977m3,1.78051390054699,1.78051410279156,0.380736452744825,1.20896472703198,2.91775399445301
1977m4,NaN,3.21075624158485,0.425155530980297,1.1849302153448,2.91719552054563
1977m5,NaN,4.62754615471915,0.350994554954667,0.836039648934163,2.91663704663825
1977m6,4.78573252626913,4.78573167095707,0.420282831804303,1.05894153004887,2.91607857273087
1977m7,NaN,4.78017972415445,0.423767544279643,0.706399693467609,2.91584936137884
1977m8,NaN,4.85233532278812,0.369033454613083,0.275681525483387,2.91562015002681
1977m9,4.23767162332521,4.2376707924449,0.266616699218498,0.611475737144248,2.91539093867479
1977m10,NaN,2.48575780195767,-0.0142107033421623,0.593372850731064,2.91550255626465
1977m11,NaN,-0.000906328440560822,-0.252632577986476,0.454357951691931,2.91561417385451
1977m12,-2.90697719444437,-2.90697628610337,-0.459900790197204,-0.0981707277964705,2.91572579144437
1978m1,NaN,-4.71424301699028,-0.46602738606389,-0.744928445872262,2.91623830109224
1978m2,NaN,-4.71218364886629,-0.252117735955478,-0.619171494857515,2.91675081074011
1978m3,-1.64258581838799,-1.64258512395246,0.307498841031252,0.374786392193897,2.91726332038799
1978m4,NaN,4.40290776262497,1.04534583558047,1.46953427407082,2.91820383747553
1978m5,NaN,9.7625822722329,1.0878008914465,1.22071808376126,2.91914435456308
1978m6,12.2457470683494,12.2457449239523,0.928289503961093,1.87491900078022,2.92008487165063
1978m7,NaN,9.06467303046392,0.250077862208382,0.87697348145865,2.92145059287318
1978m8,NaN,4.75128919367858,0.00945493225016905,0.668334801675393,2.92281631409572
1978m9,1.07782276068174,1.07782230394245,0.00992278152706189,0.786234225378212,2.92418203531826
1978m10,NaN,0.745321266112986,0.166952602751015,0.768365127721764,2.92597454548076
1978m11,NaN,1.73000296690734,0.255625357448759,0.816420332160359,2.92776705564326
1978m12,2.41121193319424,2.41121180322403,0.180224990606233,0.602785913152679,2.92955956580576
1979m1,NaN,1.51304362475352,-0.0575894418666113,0.059692338712491,2.93178324139612
1979m2,NaN,-0.268039869354295,-0.189645516078196,0.126221320187877,2.93400691698649
1979m3,-2.21774161357686,-2.21774099223035,-0.307200290112781,-0.115784914565724,2.93623059257686
1979m4,NaN,-3.90850870522846,-0.480281370116138,-1.05155288866498,2.9389205140379
1979m5,NaN,-3.63241190753887,-0.120621316655798,0.0202773245542696,2.94161043549893
1979m6,-2.51681269595997,-2.51681240651613,-0.0283004148570967,-0.30201184154124,2.94430035695997
1979m7,NaN,-0.499719075065624,0.0239919627464883,-0.556884531597746,2.947446029777
1979m8,NaN,-0.0684777764170082,-0.0128109919936436,-0.643838553316411,2.95059170259402
1979m9,0.00677373158895334,0.00677342990845986,-0.00948761327572973,-0.225031830811236,2.95373737541105
1979m10,NaN,-0.638772357562941,-0.137394484121362,-0.210477216053987,2.9573077282105
1979m11,NaN,-1.2776862372008,-0.172539461903109,-0.276898567868185,2.96087808100995
1979m12,-1.9654029358094,-1.96540308884157,-0.181416826185921,-0.413059736919184,2.9644484338094
1980m1,NaN,-1.61172993899048,-0.0489761966585888,-0.0327590250680977,2.96837029962076
1980m2,NaN,-1.37983107918464,-0.11456474695165,-0.240843577588211,2.97229216543211
1980m3,-1.72012716724347,-1.72012736615787,-0.266490897929227,-0.771610432056408,2.97621403124347
1980m4,NaN,-4.78839117891797,-0.816042149848614,-2.3710356931771,2.98044525642463
1980m5,NaN,-8.67134909776367,-1.08530422666308,-3.50316682278894,2.98467648160579
1980m6,-11.316910524787,-11.3169094538864,-0.927880986959904,-3.07110596211347,2.98890770678696
1980m7,NaN,-10.1805769708921,-0.531959029100057,-1.94552920764626,2.99346647878274
1980m8,NaN,-7.02060315076054,-0.295310771630174,-0.934447520658811,2.99802525077851
1980m9,-3.47826131477429,-3.47826061347753,-0.0422953526391526,0.0282824648383714,3.00258402277429
1980m10,NaN,-0.500005184689798,0.212604828096877,0.904902749061919,3.00740436998288
1980m11,NaN,2.28512349220127,0.400971397592594,1.41343698602643,3.01222471719147
1980m12,4.37394942559994,4.3739489502016,0.479911011860929,1.02062762831288,3.01704506440006
1981m1,NaN,5.95838565114663,0.608714003333134,0.452961031573078,3.02207041565185
1981m2,NaN,5.92204793305043,0.391886968068545,-0.141212701127932,3.02709576690364
1981m3,4.72983184684457,4.72983068499375,0.181856699846758,0.624061417036064,3.03212111815543
1981m4,NaN,0.579639751282416,-0.428833730094699,0.0996553807362449,3.03714325441863
1981m5,NaN,-3.23426970640769,-0.561590396353982,0.00864371230795734,3.04216539068184
1981m6,-6.02253803394504,-6.02253704022625,-0.51521013360788,-0.596656519218376,3.04718752694504
1981m7,NaN,-4.13092940517998,0.0440681786668688,-0.228745296431524,3.05200621132666
1981m8,NaN,-1.02705849598719,0.214377330944214,-0.286802769909276,3.05682489570829
1981m9,1.69999957791009,1.69999894759237,0.166554227287008,-0.595873194473621,3.06164358008991
1981m10,NaN,0.535113219124151,-0.247153253450185,-1.02138695495124,3.06628047313657
1981m11,NaN,-2.8243695999941,-0.62549337383535,-1.49013328456925,3.07091736618322
1981m12,-7.45765488022988,-7.45765411865038,-0.99176690237706,-2.06982365776384,3.07555425922988
1982m1,NaN,-10.5750636091309,-1.02650562607031,-2.25519201805041,3.08002493193094
1982m2,NaN,-11.068918613835,-0.748957125011375,-0.723686475941109,3.084495604632
1982m3,-9.35190406833306,-9.35190257464326,-0.562512892579135,-1.62748486350315,3.08896627733306
1982m4,NaN,-6.02812178200755,-0.195560427911377,-1.6635287489086,3.09326619929245
1982m5,NaN,-3.1955288579722,-0.0408088940025394,-1.49099053376231,3.09756612125184
1982m6,-1.28122947521124,-1.28122983632295,-0.0839381371668221,-1.39328800603613,3.10186604321124
1982m7,NaN,-1.22201622789476,-0.180757025804329,-0.979546705882885,3.10587723798195
1982m8,NaN,-2.78696558200015,-0.432046232528886,-1.58524470689729,3.10988843275267
1982m9,-4.64601110852338,-4.64601095540611,-0.548699480518313,-1.46064785146749,3.11389962752338
1982m10,NaN,-5.85980237541804,-0.484204880807311,-1.33274184057633,3.11753865355713
1982m11,NaN,-5.1263298732893,-0.248678106996701,-0.626199927766916,3.12117767959088
1982m12,-2.96507875362464,-2.96507839039499,-0.00838660979473555,-0.343014585075529,3.12481670562464
1983m1,NaN,-0.661199325054138,0.0917648855279018,0.346095773697233,3.12803293362239
1983m2,NaN,0.942244606948954,0.152182876004072,-0.0611378231540866,3.13124916162015
1983m3,2.1025192413821,2.10251930556543,0.281682064859383,0.436346796039231,3.1344653896179
1983m4,NaN,3.3375640646493,0.400526075298869,0.459168423963754,3.13701398678722
1983m5,NaN,4.75754229877503,0.507177434535505,0.829187270683528,3.13956258395654
1983m6,5.85828761787414,5.85828690286429,0.556868215881698,1.38453324496351,3.14211118112586
1983m7,NaN,6.24342261785503,0.496810004046555,1.6624043029327,3.14374448656354
1983m8,NaN,5.5196242982823,0.326227854642321,1.12328060576774,3.14537779200123
1983m9,4.77038804656108,4.7703879076134,0.369559118214474,1.54303875196976,3.14701109743892
1983m10,NaN,4.42528903399283,0.410535285641414,1.38314945191606,3.14773606354283
1983m11,NaN,4.78088101987713,0.415125851113395,1.11710390303353,3.14846102964674
1983m12,5.10983711224935,5.10983675915008,0.451798053032712,1.19285617558533,3.14918599575065
1984m1,NaN,5.19302880121307,0.43133329615716,1.64601783210593,3.14908953299649
1984m2,NaN,5.08415753762249,0.387908035215751,1.28869219169833,3.14899307024233
1984m3,4.59474101351184,4.59474062305936,0.329443824391929,0.964447274566569,3.14889660748816
1984m4,NaN,4.08725571076809,0.304462068084343,0.656494597736323,3.14812862912074
1984m5,NaN,3.84993816849815,0.328578649648265,0.666876391680795,3.14736065075332
1984m6,3.7055444646141,3.70554378418387,0.293345228313359,0.816141325232355,3.1465926723859
1984m7,NaN,3.1881663646041,0.175117713189402,0.495096295337221,3.14536645648643
1984m8,NaN,1.95777430842979,0.0209806356046876,-0.0262002572702375,3.14414024058696
1984m9,0.694872635312507,0.694872368732522,-0.0223802566109591,-0.0679764318729078,3.14291402468749
1984m10,NaN,-0.298516624538932,-0.0732295351284614,-0.348701752889125,3.14142511137192
1984m11,NaN,-0.347951130809653,0.00862200903700736,0.058120621259457,3.13993619805634
1984m12,0.131600943259231,0.131600816005695,0.0975077300928778,0.221767746398819,3.13844728474077
1985m1,NaN,0.941806513870208,0.129321889337667,0.178034145386241,3.13693996534799
1985m2,NaN,1.0222391655801,0.0287301719644802,0.0286875865235869,3.13543264595521
1985m3,0.723759788437567,0.723759627349545,0.0228878455352392,0.138238435835355,3.13392532656243
1985m4,NaN,0.0391170285963028,-0.0418387603506437,-0.104937776821143,3.13266220293933
1985m5,NaN,0.0210784876519449,0.0242205367283907,-0.0302345129349699,3.13139907931623
1985m6,0.376271753306869,0.376271361361834,0.111686063962712,-0.0249730918826337,3.13013595569313
1985m7,NaN,1.7519598472597,0.302083361123822,-0.223709897406834,3.12924982935553
1985m8,NaN,2.64685523194196,0.247944382898956,-0.215289212828806,3.12836370301792
1985m9,2.93484703931968,2.93484614486537,0.183683792193565,0.422602370134553,3.12747757668032
1985m10,NaN,1.68210810703865,-0.0111011483328572,-0.0159144647800833,3.12691904543931
1985m11,NaN,0.596106295682896,-0.0235560699399837,0.0587167104882964,3.12636051419831
1985m12,-0.163629080957304,-0.163629236427365,-0.00625009083400031,0.399537743598354,3.1258019829573
1986m1,NaN,0.291823326022593,0.102761992279632,0.584579801381289,3.12549514984273
1986m2,NaN,0.622648174561416,0.0591501421947222,0.0122030277996975,3.12518831672815
1986m3,0.591813191386422,0.591812986398232,-0.0139588878747965,-0.383005286143933,3.12488148361358
1986m4,NaN,-0.332641658835499,-0.1283516690288,-0.372307028134224,3.12469324958893
1986m5,NaN,-1.13278467850847,-0.14088561272352,-0.13961006067795,3.12450501556429
1986m6,-1.32682575853965,-1.32682556850218,-0.0624691103732244,-0.173597774163678,3.12431678153965
1986m7,NaN,-0.419601216234554,0.0984544190381064,0.0916624654400481,3.12422404103095
1986m8,NaN,0.19449453833406,0.0126383259186331,-0.307376979833368,3.12413130052225
1986m9,0.68588877698645,0.68588877480752,0.0603794487451406,0.301156229231947,3.12403856001355
1986m10,NaN,0.137826873280111,-0.0385610563437461,0.216998870473174,3.12415138914018
1986m11,NaN,-0.238289290201286,-0.0813907149517161,0.321604814823835,3.12426421826681
1986m12,-0.981822536393443,-0.981822015439957,-0.125503732564527,0.441354584698529,3.12437704739344
1987m1,NaN,-1.2765333471437,-0.112238889269681,-0.216984401733325,3.12475647670199
1987m2,NaN,-0.998816315099144,-0.0119614569405781,0.477493594644348,3.12513590601054
1987m3,-0.155880307319092,-0.155879733641372,0.0852304127999161,0.266974841759937,3.12551533531909
1987m4,NaN,0.841027777541155,0.136987988525951,0.426508231188247,3.12615203468634
1987m5,NaN,1.29597473048979,0.10177528129658,0.497015599532855,3.12678873405359
1987m6,1.16505190457916,1.16505225372021,0.0524997936075213,0.484536708945776,3.12742543342084
1987m7,NaN,0.486416036733515,-0.0326710657207224,0.584599865540023,3.12825772179735
1987m8,NaN,0.0513839117662631,-0.00698274994523322,0.737670859968591,3.12909001017386
1987m9,0.325557359449625,0.325557770073724,0.121043258184387,0.389113934538704,3.12992229855037
1987m10,NaN,1.93970470479484,0.370865667959557,0.745818000604987,3.13086808148827
1987m11,NaN,3.31963964646393,0.338000985472039,0.577297876982772,3.13181386442617
1987m12,3.67715168763593,3.67715136677071,0.210421188261081,0.643841703004814,3.13275964736407
1988m1,NaN,1.78077823820196,-0.103227614182631,0.288273951146112,3.1338107537742
1988m2,NaN,-0.0210921836818379,-0.11246661999891,0.445285881247711,3.13486186018434
1988m3,-1.07472749659448,-1.07472715083417,-0.0529875535270012,0.306640120266571,3.13591296659448
1988m4,NaN,-0.107222807754296,0.138648471587337,0.261083019300826,3.13715945412016
1988m5,NaN,1.08748738879615,0.186210929138702,0.0886130353573722,3.13840594164584
1988m6,2.08159124982848,2.08159088692351,0.19553832100484,0.266947209644309,3.13965242917152
1988m7,NaN,1.40789094206398,-0.0297765146275477,0.0265872224923209,3.14089055030622
1988m8,NaN,0.320953165166627,-0.0855235150856356,0.169660408834129,3.14212867144091
1988m9,-0.80649124957561,-0.806491206528706,-0.0863227719189931,-0.0754957873088983,3.14336679257561
1988m10,NaN,-0.252326235944542,0.108764728018493,0.24588561869997,3.1443332154201
1988m11,NaN,0.865874162750616,0.194026584588154,0.221866568097465,3.14529963826458
1988m12,2.14851866389093,2.14851815384988,0.234338225855823,0.451485812897372,3.14626606110907
1989m1,NaN,2.4966194041656,0.195790040597424,0.439517360082968,3.14692766098995
1989m2,NaN,1.98805666435546,0.0668858996356181,-0.155067039616077,3.14758926087082
1989m3,0.897628516248302,0.897627949063651,-0.0382689529671294,-0.119503387740271,3.1482508607517
1989m4,NaN,0.048271666290306,-0.0165490300959122,0.00125635241649022,3.14860306403039
1989m5,NaN,-0.322327191137499,-0.0257638147213332,-0.367552549558551,3.14895526730907
1989m6,-0.107823634587758,-0.107824107790682,0.015356817869575,-0.23732192898501,3.14930747058776
1989m7,NaN,-0.0112826360338051,0.00758633784330694,-0.624959746105471,3.14937784184675
1989m8,NaN,0.183044993192029,0.0228180925851254,0.00403136154288841,3.14944821310574
1989m9,-0.196919884364724,-0.196920073219353,-0.0796344487332705,-0.119324432830646,3.14951858436472
1989m10,NaN,-1.34151252880517,-0.278561776053147,-0.432432832028867,3.14932391234914
1989m11,NaN,-2.13437573493729,-0.175397708947904,-0.102841600687773,3.14912924033356
1989m12,-2.36152299031798,-2.36152263020026,-0.136421172549014,-0.211001931136194,3.14893456831798
1990m1,NaN,-1.07671750771907,0.0426395045671503,-0.3182505551747,3.14854899501934
1990m2,NaN,0.121490827341244,0.124154374817175,0.0334954411848805,3.1481634217207
1990m3,1.19967225957794,1.19967195945135,0.133124110478512,0.264058337206221,3.14777784842207
1990m4,NaN,0.715094583248851,-0.0785048394834743,-0.109287079744648,3.14723336203862
1990m5,NaN,-0.349992476647126,-0.142117390156819,-0.136333933223507,3.14668887565517
1990m6,-1.69713920227172,-1.69713906096533,-0.203662535601039,-0.232969413598627,3.14614438927172
1990m7,NaN,-2.18031120471851,-0.19929787542177,-0.334019797511282,3.1456753918578
1990m8,NaN,-2.54351968391062,-0.232919509954847,-0.337798814394853,3.14520639444387
1990m9,-2.87873416802995,-2.87873382697114,-0.287466071366169,-0.578796692834773,3.14473739702995
1990m10,NaN,-4.01983658909059,-0.484573565951632,-0.9904124502536,3.14461429709094
1990m11,NaN,-5.50031216000157,-0.603038402682591,-1.4524981508928,3.14449119715192
1990m12,-6.80256285521291,-6.80256214814774,-0.613028568402711,-1.79934247014768,3.14436809721291
1991m1,NaN,-6.71238490688371,-0.462029255635625,-1.63783399578139,3.14447639321273
1991m2,NaN,-6.10676877255815,-0.451634369101201,-1.72021560673196,3.14458468921254
1991m3,-5.02045951421236,-5.02045912345971,-0.3414511561281,-1.58131701458504,3.14469298521236
1991m4,NaN,-3.53371981345194,-0.0903444281336827,-0.824150692707279,3.14472165623063
1991m5,NaN,-1.63084555981944,0.0240841943069219,-0.138152771119238,3.1447503272489
1991m6,-0.0380000662671631,-0.0380000378837893,0.0567602243558135,0.263413211563785,3.14477899826716
1991m7,NaN,0.26589845634832,-0.0143698045756554,0.196324193272858,3.14461829126764
1991m8,NaN,-0.344257704812032,-0.128454845983166,-0.162585169638771,3.14445758426812
1991m9,-1.1281998082686,-1.12819958866065,-0.139225246606341,-0.053693862147739,3.1442968772686
1991m10,NaN,-1.64959042177063,-0.144717512853151,-0.283082129529513,3.14390102867553
1991m11,NaN,-1.80903518420573,-0.16831603659194,-0.556287061227478,3.14350518008245
1991m12,-1.75153804748938,-1.75153799511146,-0.124850949332774,-0.828309560915786,3.14310933148938
1992m1,NaN,-0.879424856658668,0.0733107717600473,-0.683249961110709,3.14245064984121
1992m2,NaN,0.356653057667402,0.140703441989577,-0.362749471411268,3.14179196819304
1992m3,1.61864136245514,1.61864089862818,0.190646010907422,0.223938699020126,3.14113328654486
1992m4,NaN,1.93463836516623,0.152310138394559,0.434476911138978,3.14052522326422
1992m5,NaN,1.75087413241647,0.0947623838021364,0.304761678736372,3.13991715998358
1992m6,1.17475647929706,1.17475618249493,0.0466165234270368,0.150944309500672,3.13930909670294
1992m7,NaN,0.572738747851147,0.00180577973361343,0.118375713259949,3.13899437258956
1992m8,NaN,0.606053156210987,0.103090985892096,-0.0208864745472307,3.13867964847618
1992m9,0.795316915637205,0.795316626747466,0.0939323910611566,0.0161381162511591,3.1383649243628
1992m10,NaN,1.40175214666023,0.153414659711804,0.356385828626931,3.1384733479224
1992m11,NaN,1.34676096600582,0.0893431907284944,0.395794485588916,3.13858177148201
1992m12,1.01235488595839,1.01235486230588,0.0103308651361724,0.384036746682126,3.13869019504161
1993m1,NaN,-0.36799473624377,-0.191672739925609,0.276348031465627,3.13936605129868
1993m2,NaN,-1.55163033588183,-0.206565709181022,0.201167146002674,3.14004190755576
1993m3,-2.47167636581283,-2.47167566721442,-0.219680467696973,-0.436437211313263,3.14071776381283
1993m4,NaN,-2.09083954396127,-0.0964637091123219,-0.222103663683523,3.14199659033075
1993m5,NaN,-1.46360971004096,-0.049758250700945,-0.248294148043879,3.14327541684867
1993m6,-0.821633768366587,-0.821633469435778,-0.0591864075456777,-0.265570407872845,3.14455424336659
1993m7,NaN,-1.0933529664172,-0.164393583357676,-0.156883214599436,3.14635282298816
1993m8,NaN,-1.36009643649251,-0.116444118219773,-0.170435942291203,3.14815140260974
1993m9,-1.24523319023132,-1.24523279562672,-0.030470497329231,-0.104595373776303,3.14994998223132
1993m10,NaN,-0.0783995323514632,0.127314732461138,0.0497559521762223,3.15220580768644
1993m11,NaN,1.17972245631987,0.19808637894806,0.23709138846959,3.15446163314157
1993m12,2.2470697754033,2.24706951725308,0.236366267904071,0.561881871022048,3.1567174585967
1994m1,NaN,1.80200389926507,0.0160483279641349,0.153447488077455,3.1593833626408
1994m2,NaN,1.15544792813648,0.0364473861659141,0.139978113295458,3.16204926668491
1994m3,0.697444440270993,0.697444513520122,0.121865414249981,0.526930912682032,3.16471517072901
1994m4,NaN,1.49498204905822,0.215432711848661,0.44603799318832,3.16763972668763
1994m5,NaN,2.04102650368323,0.172958499822166,0.28127988276936,3.17056428264625
1994m6,2.21030004739513,2.21029988337183,0.164183759172131,0.549578538866856,3.17348883860487
1994m7,NaN,1.13974794501503,-0.0522052727405393,0.307073214460759,3.17650686110943
1994m8,NaN,0.0926105656453772,-0.0888258450202472,0.393345144789214,3.17952488361399
1994m9,-0.851288592118553,-0.851288048584726,-0.0717908943853949,0.175463793507639,3.18254290611855
1994m10,NaN,-0.342696085564689,0.0749427180144699,0.367007723849735,3.18558825524162
1994m11,NaN,0.537556999400153,0.131237426220963,0.417352756038664,3.18863360436469
1994m12,1.36437301951224,1.36437311320015,0.134913134064605,0.544599031284496,3.19167895348776
1995m1,NaN,0.845844182614169,-0.0546895146320256,0.28923576966922,3.19476933027166
1995m2,NaN,-0.360318114999988,-0.170303148182576,-0.161238121894748,3.19785970705556
1995m3,-1.78443661583946,-1.78443613148763,-0.221116370057307,-0.370382274815423,3.20095008383946
1995m4,NaN,-2.38462454119778,-0.204736617059561,-0.477548199937903,3.20411193457067
1995m5,NaN,-2.48427557846058,-0.195215907498277,-0.385306183434324,3.20727378530188
1995m6,-2.01884874003308,-2.0188483410039,-0.104759560693135,-0.27068003007427,3.21043563603308
1995m7,NaN,-1.39814219720757,-0.0495600811104803,-0.438087722278694,3.21364520088699
1995m8,NaN,-0.400467714529791,0.0542027131711681,0.189526137849809,3.2168547657409
1995m9,0.168254323405197,0.168254455475471,0.0374209818081799,0.104304290138383,3.2200643305948
1995m10,NaN,0.326745632976032,-0.00993728673533984,-0.154775779668015,3.22323748502856
1995m11,NaN,-0.150355364350571,-0.0650725361604828,-0.147041350343677,3.22641063946231
1995m12,-0.522679542896062,-0.522679446043013,-0.0556600386149307,0.00777599900155748,3.22958379389606
1996m1,NaN,-0.907652324409072,-0.106180506326855,-0.471054573113782,3.23265459121546
1996m2,NaN,-0.669922309728377,-0.00564003249030903,0.172210232090887,3.23572538853486
1996m3,-0.254171632854265,-0.254171520739704,0.0482776586322374,-0.0620782121176804,3.23879618585427
1996m4,NaN,1.33166693955688,0.290279108747291,0.392354685419278,3.24177692431261
1996m5,NaN,2.60796873478196,0.313435416315963,0.536298038734882,3.24475766277095
1996m6,3.3686279637707,3.36862743293555,0.238442333170635,0.71158168187072,3.2477384012293
1996m7,NaN,2.42275391027349,0.053810728081775,0.344446549053172,3.25062992763841
1996m8,NaN,1.25665810223892,0.0219114643073204,0.290716290586301,3.25352145404752
1996m9,0.315556244543371,0.315556342416879,0.00316689321512424,0.267809939434285,3.25641298045663
1996m10,NaN,0.468182366900574,0.0919672342026989,0.138442942017097,3.25912960404825
1996m11,NaN,0.816669872329703,0.109033340664603,0.299805607330135,3.26184622763987
1996m12,0.867548487768507,0.86754867245703,0.0158865932469561,0.21155138104382,3.26456285123149
1997m1,NaN,0.114683006195511,-0.0962491823626808,0.234574105482096,3.26706571072098
1997m2,NaN,-0.559144126656802,-0.0594234425484757,0.650591567285258,3.26956857021047
1997m3,-0.698113337699954,-0.698112825820095,-0.0188555815438671,0.348155471756702,3.27207142969995
1997m4,NaN,0.416587872205858,0.182425992143807,0.0691083998710589,3.27434764377233
1997m5,NaN,1.85023954918259,0.298989476695706,0.0665934040049811,3.27662385784471
1997m6,3.31446535208291,3.3144648779465,0.347200750647112,0.403777006838547,3.27890007191709
1997m7,NaN,3.55251906437299,0.241939538750428,0.569812672446308,3.28087767847972
1997m8,NaN,2.83872853820433,0.120541845153543,0.653055349860967,3.28285528504234
1997m9,1.68752534739503,1.6875254347214,0.0593999747763804,0.775760915256644,3.28483289160497
1997m10,NaN,0.7753816369501,0.0139035893076016,0.755912101642974,3.28645485862783
1997m11,NaN,0.289749583878452,-0.000866168114369029,0.693560740088755,3.28807682565069
1997m12,0.130899858326445,0.130900255912249,0.0196876427848296,0.30232655243272,3.28969879267356
1998m1,NaN,0.261640626243524,0.0465886818904204,0.220576453358654,3.29086077175182
1998m2,NaN,0.49800330138254,0.058224500670385,0.079385844465689,3.29202275083008
1998m3,0.684887863091654,0.684887919344061,0.0664087972752098,0.0171134065732016,3.29318472990835
1998m4,NaN,0.801137544603686,0.0756510882053266,0.121283508043517,3.29371921617636
1998m5,NaN,0.781302604573898,0.053265765662938,0.258047223417547,3.29425370244437
1998m6,0.391403060287625,0.391402886978549,-0.0310661321236273,-0.195645381456597,3.29478818871238
1998m7,NaN,0.153830353174033,0.0162579547541975,-0.40819485480538,3.29456133504564
1998m8,NaN,0.622080230665968,0.170328235035922,0.423031193231548,3.29433448137891
1998m9,1.68504306728782,1.68504269315306,0.234674483498146,0.403833669949493,3.29410762771218
1998m10,NaN,2.82223814155524,0.300556816854743,0.549254496795597,3.29298568015528
1998m11,NaN,3.17597262011041,0.258761854674715,0.236238722289307,3.29186373259838
1998m12,3.12111357895852,3.1211129821292,0.220959574002843,0.511410206670509,3.29074178504148
1999m1,NaN,2.13878700761694,0.0549753232266767,0.350975867085158,3.28839294697897
1999m2,NaN,1.35205070278992,0.0620777784679605,0.563348707996248,3.28604410891646
1999m3,0.484388323146046,0.484388475242599,0.00404401711601259,0.338592618382433,3.28369527085395
1999m4,NaN,0.165024936994439,-0.0248655613353634,0.18982745886201,3.27973153521687
1999m5,NaN,-0.169141848398293,-0.0214639178802225,0.37503342083552,3.2757677995798
1999m6,-0.206941272942717,-0.206941078110665,-0.00540579031208031,0.0745880743332131,3.27180406394272
1999m7,NaN,0.0773680217369074,0.0462117136265297,0.179550896884508,3.26605776717106
1999m8,NaN,0.842817069888322,0.169898344157631,0.285056527398957,3.2603114703994
1999m9,1.95008632637226,1.95008608347383,0.271411463084296,0.127637839776011,3.25456517362774
1999m10,NaN,3.37005570374064,0.401204118693232,0.443555082709541,3.24701469893595
1999m11,NaN,3.96942480631196,0.319740619800461,0.532650246812796,3.23946422424416
1999m12,3.50930094344763,3.50930041838838,0.156380366103401,0.93376528219331,3.23191374955237
2000m1,NaN,1.12039059066221,-0.19602333823831,0.492321683070117,3.2226804198662
2000m2,NaN,-0.991455863472323,-0.208220993733172,0.379347390840937,3.21344709018003
2000m3,-1.75978426549387,-1.75978384639936,-0.0357016296283579,0.172275940624892,3.20421376049387
2000m4,NaN,0.488597604966363,0.36607202460312,0.238074515768146,3.1933928600202
2000m5,NaN,2.85170626273246,0.382556170708353,0.0576165835110254,3.18257195954653
2000m6,4.08665195892714,4.08665095667134,0.273034543856362,0.271965140179594,3.17175105907286
2000m7,NaN,2.12750276561802,-0.123715023160209,-0.0262219516971177,3.15940952117273
2000m8,NaN,-0.537052511260561,-0.283582648511293,-0.338300731775585,3.14706798327261
2000m9,-2.60086172937249,-2.60086157562418,-0.242917722234543,-0.155230145853587,3.13472644537249
2000m10,NaN,-2.17893689758317,-0.0182338536499559,-0.281791220429605,3.12103858138492
2000m11,NaN,-1.21151036259652,-0.0417260147646323,-0.474965866591151,3.10735071739734
2000m12,-0.60983225140977,-0.609832582776393,-0.0924982772795101,-0.52730979306795,3.09366285340977
2001m1,NaN,-1.69534782917916,-0.289612665250647,-0.591721108925148,3.07887707757698
2001m2,NaN,-3.10472041653432,-0.394069161603424,-0.95134119210867,3.06409130174419
2001m3,-4.1916457689114,-4.1916455718916,-0.36422956611883,-1.11726833471561,3.0493055259114
2001m4,NaN,-3.43241339820974,-0.0998046218301809,-0.92097606097946,3.03365413078659
2001m5,NaN,-1.94852820876783,-0.0230978642429462,-0.913630773986159,3.01800273566178
2001m6,-0.670935773536977,-0.670936357699308,-0.0448316033517,-0.72278209234076,3.00235134053698
2001m7,NaN,-1.50421481250236,-0.308124235530944,-0.832423241404905,2.9859698902031
2001m8,NaN,-2.91895618916561,-0.376783208408759,-0.68382220520652,2.96958843986923
2001m9,-4.61681405753535,-4.6168135120443,-0.469295934071371,-1.17855175642698,2.95320698953535
2001m10,NaN,-4.82891073101781,-0.361148540274323,-0.889860143148023,2.93617593679005
2001m11,NaN,-3.90377907239568,-0.145500293753226,-0.753106603145772,2.91914488404474
2001m12,-1.81410937529944,-1.81410935191529,0.0531214960487248,-0.425642159857821,2.90211383129944
2002m1,NaN,-0.0331849228951066,0.084082566980724,-0.188001965511357,2.88458733448211
2002m2,NaN,0.864486363588316,0.0789175278676302,-0.147628327703442,2.86706083766477
2002m3,0.63331561515256,0.633315587014642,-0.00467119809469376,0.043925749587983,2.84953434084744
2002m4,NaN,-0.0235093136605579,-0.0801236581880759,0.0929174874842455,2.83167498048305
2002m5,NaN,-0.48837289621536,-0.0372983677710703,0.19376615127727,2.81381562011866
2002m6,-0.380334853754273,-0.380334633030951,0.0223383677014085,0.439975029536717,2.79595625975427
2002m7,NaN,-0.109160233574389,-0.0123300583239355,0.197063082403248,2.777807205253
2002m8,NaN,-0.248700737845503,-0.0721834938388487,0.0387023918637563,2.75965815075172
2002m9,-0.96716496125045,-0.967164592279555,-0.157277595907105,-0.358712879027823,2.74150909625045
2002m10,NaN,-1.71558365064182,-0.199434822914502,-0.439031867678339,2.72307674528203
2002m11,NaN,-2.00616816564766,-0.144829622590309,-0.0846779030129948,2.70464439431361
2002m12,-2.06740040434519,-2.06739992727829,-0.17258553631476,-0.52086451649586,2.68621204334519
2003m1,NaN,-1.35539118750352,-0.0214326379708116,-0.0157790481416316,2.6674824856367
2003m2,NaN,-0.908834778981508,-0.0331905204598054,-0.23413522677264,2.64875292792822
2003m3,-0.417089056219735,-0.4170890056763,-0.049649092988458,-0.326744922825738,2.63002337021974
2003m4,NaN,-0.453196401603796,-0.0304594869526856,-0.602313487065642,2.61110642895212
2003m5,NaN,-0.0193071545112174,0.0752817913133392,-0.38334252400699,2.59218948768451
2003m6,0.853050125583106,0.853049625850722,0.168440102102027,0.0230245543374764,2.57327254641689
2003m7,NaN,2.27076722574523,0.32396991302094,0.242944970241799,2.55431747712003
2003m8,NaN,3.45151691804381,0.370469214387985,0.228178410232101,2.53536240782316
2003m9,4.21939686947371,4.21939580261763,0.360409823245482,0.667628355761615,2.51640733852629
2003m10,NaN,3.89875664002059,0.24381012237168,0.488357005424242,2.49753616651238
2003m11,NaN,3.19506227202773,0.194545622389772,0.725571810514235,2.47866499449847
2003m12,2.10670871651544,2.10670838380707,0.0883213511903158,0.514036470321114,2.45979382248456
2004m1,NaN,1.07605350734958,-0.0138535967426938,0.364657863756041,2.44112030964338
2004m2,NaN,0.114957411921687,-0.0457284014672001,0.411627333082544,2.4224467968022
2004m3,-0.274461564961025,-0.274461302327517,-0.0090333273719853,0.167359654064693,2.40377328396102
2004m4,NaN,-0.145990931827928,0.0182639958822034,0.115472979914001,2.3852840817667
2004m5,NaN,0.393012875390999,0.0890225503375317,0.477119396819163,2.36679487957238
2004m6,0.688443247621949,0.688443343035998,0.0648242895392644,-0.153679060320155,2.34830567737805
2004m7,NaN,1.1492917605875,0.133476100270078,0.186056497796514,2.33003049989719
2004m8,NaN,1.26906206404905,0.118965126202921,0.127304904688417,2.31175532241633
2004m9,1.47007098906453,1.47007088610921,0.115076495054305,0.338764228638672,2.29348014493547
2004m10,NaN,1.32815707472478,0.0979976474239701,0.59344269348353,2.27558402248059
2004m11,NaN,1.41666854016605,0.141092992563237,0.524916147361962,2.25768790002571
2004m12,1.74697065442917,1.74697072021591,0.19765204006677,0.700245476194176,2.23979177757083
2005m1,NaN,2.20623209522377,0.212812991175936,0.47348010102275,2.22238650939703
2005m2,NaN,2.62456624120214,0.24567652905783,0.812329915145253,2.20498124122323
2005m3,2.21595017595057,2.21595001381623,0.0954979832202919,0.395343800036005,2.18757597304943
2005m4,NaN,1.2473807379455,-0.0293293277917459,0.378620924268158,2.17076531966663
2005m5,NaN,0.0666487769403586,-0.0495064611934564,0.206945298104985,2.15395466628383
2005m6,-0.295146475901028,-0.295146299386372,0.00504921413860909,0.315670124150269,2.13714401290103
2005m7,NaN,0.453590540614633,0.157854882208506,0.160408288869793,2.12110536003353
2005m8,NaN,1.47131120533944,0.204923704987746,0.157129912807757,2.10506670716604
2005m9,1.46051161170146,1.46051117960734,0.00234920770558338,-0.824880419121718,2.08902805429854
2005m10,NaN,0.77379030602255,-0.0138253361876914,-0.0714031289353322,2.0738568154492
2005m11,NaN,0.193427166033952,0.059832919990596,0.630543395481949,2.05868557659986
2005m12,0.474396661249481,0.474396695200252,0.0725915899971584,0.688601942362375,2.04351433775052
2006m1,NaN,1.56201769085408,0.258079912725765,0.799358516492337,2.02923773255037
2006m2,NaN,2.53588515578249,0.303299786222699,0.526516536306976,2.01496112735023
2006m3,3.28538148884992,3.28538110725474,0.259965577865222,0.50678025028441,2.00068452215008
2006m4,NaN,2.50973481822553,0.0641683404684621,0.462237910990621,1.98735645649294
2006m5,NaN,0.711038416626431,-0.146374314177076,0.0808034429597786,1.97402839083579
2006m6,-1.02699197917864,-1.02699159561069,-0.174541925194059,0.176958100447511,1.96070032517864
2006m7,NaN,-2.12167558074748,-0.209502655815735,0.0184122603197506,1.94830874237835
2006m8,NaN,-1.98007369455955,-0.110973842630093,0.185092761002124,1.93591715957806
2006m9,-1.30547214177777,-1.30547172719539,-0.00589143335301962,-0.13155969791492,1.92352557677777
2006m10,NaN,0.123765877937807,0.147806745467564,-0.0797251021411993,1.91203859933539
2006m11,NaN,1.08681270622099,0.129787864440703,-0.136271409750834,1.90055162189302
2006m12,1.50396468854935,1.50396460819929,0.0983965421415547,0.421891017701043,1.88906464445065
2007m1,NaN,0.642518793246581,-0.0675547082706125,0.201941444593678,1.87851914238563
2007m2,NaN,-0.263802722597288,-0.0967925145202642,0.482314689817746,1.86797364032061
2007m3,-0.916563112255588,-0.916562559138571,-0.0647934169937661,0.294604669569372,1.85742813825559
2007m4,NaN,-0.578570920425081,0.0169432014077602,0.392811253795012,1.84787772094099
2007m5,NaN,0.063395628735374,0.0636991227698494,0.427146233888746,1.8383273036264
2007m6,0.456174019688193,0.456174186996011,0.0334012225713931,0.0945106665532031,1.82877688631181
2007m7,NaN,0.40022546428485,0.00295602072996995,0.0567739411443672,1.82020828176727
2007m8,NaN,0.184825000948379,0.00984900693573165,0.0955035224726143,1.81163967722273
2007m9,0.364132654321816,0.364132634398541,0.0782281309339337,0.238275423227492,1.80307107267818
2007m10,NaN,0.868256452739882,0.128986975315305,0.004279495577029,1.79542787793639
2007m11,NaN,1.17217114207115,0.0858276792685496,0.192182956966358,1.7877846831946
2007m12,0.643866536547196,0.643866345076902,-0.0538480683146292,0.0511333421726741,1.7801414884528
2008m1,NaN,-0.960790895645622,-0.272177334865326,-0.0053388385371335,1.77346055301944
2008m2,NaN,-2.7847161612993,-0.370153637144869,-0.318246795840317,1.76677961758607
2008m3,-4.0655290801527,-4.06552873152075,-0.374051210869992,-0.74044319348818,1.7600986821527
2008m4,NaN,-3.29869322442513,-0.0804684580914221,-0.809765782899121,1.75444343318595
2008m5,NaN,-1.56794486372044,0.0625334530313048,-0.804498488508312,1.7487881842192
2008m6,0.31710063574755,0.317099470415012,0.0972098726638703,-0.577727412395571,1.74313293525245
2008m7,NaN,0.490503679002107,-0.0371174059446484,-0.716973506128683,1.73853087058265
2008m8,NaN,-1.04289394176434,-0.320815952160307,-1.37236890529113,1.73392880591286
2008m9,-3.90063166124306,-3.90063267453082,-0.617224810527749,-2.56721481025782,1.72932674124306
2008m10,NaN,-6.92496281884618,-0.793199942023489,-1.97496887848664,1.72574776191351
2008m11,NaN,-9.31325260079997,-0.917888397648754,-2.3355932454943,1.72216878258396
2008m12,-10.4688494872544,-10.4688494046313,-0.906124011485591,-3.10624430938518,1.71858980325441
2009m1,NaN,-9.82568656566562,-0.632409232282059,-3.19916326700292,1.71591637919538
2009m2,NaN,-8.26054759980337,-0.526603656183192,-2.91984211151334,1.71324295513635
2009m3,-6.22674888707733,-6.22674926581571,-0.397674427988676,-2.52027326329141,1.71056953107733
2009m4,NaN,-4.6299660375509,-0.233213425215857,-1.82901128450636,1.70871419383189
2009m5,NaN,-3.28698720616985,-0.190858948337929,-1.55494178610849,1.70685885658645
2009m6,-2.28137757534101,-2.28137780462152,-0.146272077601595,-0.792736556320749,1.70500351934101
2009m7,NaN,-1.74122839748827,-0.098176073432544,-0.0242699786218167,1.70394093828091
2009m8,NaN,-1.0570167545413,-0.019806037601185,0.562013946790617,1.70287835722081
2009m9,-0.248016492160717,-0.248016100952613,0.0559780857955758,0.402090702512339,1.70181577616072
2009m10,NaN,0.994162541082403,0.21236858707621,0.476019538440369,1.7014821630417
2009m11,NaN,2.1181329884723,0.261186574246289,0.548142016543553,1.70114854992268
2009m12,2.66876777019634,2.66876796874333,0.193636830863333,0.478492246848697,1.70081493680366
2010m1,NaN,1.91428649194939,0.0237482178777262,0.701808525983623,1.70108187420166
2010m2,NaN,0.645028566867,-0.0561279070243094,0.554811492255824,1.70134881159966
2010m3,-0.165450324997655,-0.165449456367526,-0.00898267494529831,0.545966701615163,1.70161574899766
2010m4,NaN,0.223653559810477,0.121023971922227,0.512180249052428,1.70227158284895
2010m5,NaN,1.22321969144303,0.19376362588383,0.874745960209721,1.70292741670025
2010m6,1.96763103744845,1.96763127203744,0.177120220203304,0.456310496149286,1.70358325055155
2010m7,NaN,2.02335607920081,0.134955173713069,0.395807929169421,1.70404419247598
2010m8,NaN,1.55170325180034,0.0758504190337121,0.226532702852236,1.70450513440041
2010m9,1.23306253867516,1.23306261540429,0.0974600611042903,0.317199427290095,1.70496607632484
2010m10,NaN,1.04588077419814,0.0881597134115337,0.145167956718723,1.70482916568908
2010m11,NaN,0.928875387207711,0.0465990722861037,0.194967884964629,1.70469225505332
2010m12,0.298033475582442,0.298033743420325,-0.0602503498425561,0.381739464126911,1.70455534441756
2011m1,NaN,-1.21908725166215,-0.291120535359084,0.208802384718921,1.70388739783362
2011m2,NaN,-2.34553071308915,-0.235011793070648,0.109418346476705,1.70321945124968
2011m3,-2.66547461066574,-2.66547359844298,-0.140236071181014,-0.0279450616351073,1.70255150466574
2011m4,NaN,-1.2209556482383,0.0700089521920878,-0.230163595943056,1.7014514975367
2011m5,NaN,0.210916912168877,0.122956347031146,-0.129321717183206,1.70035149040765
2011m6,1.15046655772139,1.15046673202417,0.094651383782808,0.0618281961205804,1.69925148327861
2011m7,NaN,0.391379489264974,-0.11976285849771,0.23191456184896,1.69782505915311
2011m8,NaN,-0.766678315547935,-0.166558104172082,0.384371499957212,1.6963986350276
2011m9,-1.80610229690209,-1.80610156329688,-0.165204428154429,-0.0580014268496274,1.69497221090209
2011m10,NaN,-0.831224697788964,0.12395635787927,0.244766213696681,1.69333595729398
2011m11,NaN,0.897588143466231,0.265645106141717,0.223252429216424,1.69169970368587
2011m12,2.92040361092225,2.9204033200545,0.340499365992638,0.536288339600897,1.69006345007775
2012m1,NaN,3.27107569648648,0.211624451987266,0.588479941169826,1.68836430280888
2012m2,NaN,2.72040781153039,0.127978134902695,0.632555123790017,1.68666515554
2012m3,1.43480713172888,1.4348070267693,0.0190991698023638,0.263280735379551,1.68496600827112
2012m4,NaN,0.510108911914525,-0.0195500767264275,0.228079659109487,1.68325192892839
2012m5,NaN,0.0657897330368161,0.0168983401832676,0.236700274831845,1.68153784958566
2012m6,0.0372913897570708,0.0372914667286438,0.0119746032253208,0.0240500190243557,1.67982377024293
2012m7,NaN,0.0103414370169,-0.0262875841543634,0.0903282528495923,1.67811287401789
2012m8,NaN,-0.446761602764639,-0.097377419762117,-0.130628008491997,1.67640197779284
2012m9,-1.1352621365678,-1.13526165412993,-0.160150409616003,-0.248882422371772,1.6746910815678
2012m10,NaN,-1.62912606584181,-0.149753687082333,-0.0661843776189149,1.67303273246516
2012m11,NaN,-1.90794647664659,-0.167082522463311,0.032188864941586,1.67137438336251
2012m12,-1.21448219625987,-1.21448169251441,0.0132157864170419,0.209649312792373,1.66971603425987
2013m1,NaN,0.0281785351821758,0.160911369841813,0.186309423737533,1.66819585843733
2013m2,NaN,1.40220200297432,0.176423344484725,0.329544566710868,1.66667568261479
2013m3,1.86194846520774,1.86194844820275,0.12815239772415,0.381689573002218,1.66515550679226
2013m4,NaN,1.11350990388684,-0.0261982662371641,0.210950209363569,1.6638539782481
2013m5,NaN,-0.0692004066868089,-0.119254233158688,0.140932669514261,1.66255244970394
2013m6,-1.16796930615978,-1.1679690442967,-0.146539761678324,-0.017101608861835,1.66125092115978
2013m7,NaN,-1.2216253317514,-0.039612338100837,-0.107151715207951,1.66019308945594
2013m8,NaN,-0.230158046450888,0.128612588166439,0.183622588065864,1.65913525775211
2013m9,1.46337218995173,1.46337201259318,0.276842753082693,0.436121698901507,1.65807742604827
2013m10,NaN,2.46120854881486,0.209846795954583,0.0406277026703143,1.6571919045991
2013m11,NaN,2.68006212008231,0.183325980983302,0.283811107444271,1.65630638314992
2013m12,1.52489828029926,1.52489825091532,-0.0119482142090542,0.323032624620446,1.65542086170074
2014m1,NaN,-0.365308494225602,-0.262704890330649,0.0630890518024051,1.65459882644298
2014m2,NaN,-2.21394763445145,-0.278833804073159,0.385604888907639,1.65377679118523
2014m3,-2.78537696592748,-2.78537592145535,-0.154805285960031,0.325273943814402,1.65295475592748
2014m4,NaN,-1.08085993621755,0.163424105978802,0.375147926183288,1.65216991755717
2014m5,NaN,1.41750041002127,0.345756282486546,0.459998183899145,1.65138507918686
2014m6,3.72780344318345,3.72780302730904,0.422770368361912,0.546973956615241,1.65060024081655
2014m7,NaN,4.61982211941761,0.386428879005944,0.513488622569605,1.64985355655503
2014m8,NaN,4.29411543956789,0.264329612524116,0.372585774613779,1.64910687229351
2014m9,3.20579577696801,3.20579509990945,0.150690283447301,0.614101704838469,1.64836018803199
2014m10,NaN,1.82978802129884,0.0424271093532926,0.460050953472809,1.64761339931893
2014m11,NaN,0.900236125594223,0.0319416385979618,0.596674239958955,1.64686661060587
2014m12,0.598744061107184,0.598743740788439,0.0753171872458554,0.3860712745616,1.64611982189282
2015m1,NaN,1.1409961334037,0.177990207507107,0.0775339626854923,1.64530535317056
2015m2,NaN,1.67194204266031,0.164678115912115,-0.309158870783697,1.64449088444831
2015m3,2.13503883227394,2.13503790903726,0.191091153840092,0.0796667786594492,1.64367641572606
2015m4,NaN,1.84564904610896,0.105642991775033,-0.1578130460578,1.64270044337549
2015m5,NaN,1.56682678280795,0.0949725500868629,-0.175964057327553,1.64172447102492
2015m6,1.05658923032565,1.05658850952963,0.0635315855205122,0.0210680212823629,1.64074849867435
2015m7,NaN,0.738061096915775,0.0260111386215687,0.243972131079435,1.63954964652793
2015m8,NaN,0.287141928447654,-0.0177572420301673,0.16418271577728,1.6383507943815
2015m9,-0.189357700235079,-0.189357977053734,-0.0555933908548349,0.0586581708533534,1.63715194223508
2015m10,NaN,-0.697828837803746,-0.101106576565934,-0.110583054937225,1.63567859636546
2015m11,NaN,-1.00870673906712,-0.095476717346011,-0.367599240840386,1.63420525049584
2015m12,-0.991796144626226,-0.991796285888877,-0.051365777560274,-0.402976659335393,1.63273190462623
2016m1,NaN,-0.424898136716054,0.0406179607272716,-0.0471882800824853,1.63090586559166
2016m2,NaN,0.206161887786018,0.0622882887795069,-0.111823216721131,1.62907982655709
2016m3,0.632007591477479,0.632007129595134,0.0550955328920048,-0.158502157936464,1.62725378752252
2016m4,NaN,0.380989391202014,-0.0221364738710083,-0.131253568794354,1.62494253581299
2016m5,NaN,-0.0899104732834092,-0.0554366773418489,-0.136128368575234,1.62263128410346
2016m6,-0.374588512393933,-0.374588526877317,-0.0160739805064721,0.237643523527483,1.62032003239393
2016m7,NaN,-0.171789710582064,0.0285632302028051,0.346307838899452,1.61740540289687
2016m8,NaN,0.203636285093923,0.0384198215771478,0.233673727269457,1.6144907733998
2016m9,0.560102157097261,0.560102134901919,0.0730424819455269,0.224393912166768,1.61157614390274
2016m10,NaN,0.702822938536158,0.0642434311113649,0.233506847678248,1.60803788457132
2016m11,NaN,0.871561452766649,0.0806044501347703,0.137559492642654,1.60449962523989
2016m12,0.908344765091529,0.908344805364516,0.0822383200949939,0.454186991675702,1.60096136590847
2017m1,NaN,0.93936188679179,0.0719977014681833,0.49614124939772,1.59671373067815
2017m2,NaN,0.864959014199529,0.062003731986705,0.284924581213242,1.59246609544783
2017m3,0.668081876782496,0.66808206827541,0.0330190836139641,0.348345470803687,1.5882184602175
2017m4,NaN,0.443645862921929,0.015888650129813,0.68310245080495,1.58315103394479
2017m5,NaN,0.212089543284358,0.0041146520773125,0.584422715897043,1.57808360767208
2017m6,0.131124550600632,0.131124890635994,0.0127779204518729,0.321281827100622,1.57301618139937
2017m7,NaN,0.384030688903981,0.0791150996968099,0.1864044577512,1.56703099111184
2017m8,NaN,0.899930919258721,0.133089709665997,-0.0292414271424816,1.56104580082432
2017m9,1.34970122446321,1.34970116002782,0.125220480644148,0.0692738521247711,1.55506061053679
2017m10,NaN,1.89368923477426,0.215112118383419,0.839334691401234,1.54800946779293
2017m11,NaN,2.12657119763188,0.191310200380402,0.944253711002961,1.54095832504906
2017m12,2.2706512926948,2.27065119029052,0.161240478808809,0.824515240939012,1.5339071823052
2018m1,NaN,2.09013404951051,0.169982833188415,0.506711237144186,1.52561314525702
2018m2,NaN,2.13935652403699,0.203615819012023,0.556025637104339,1.51731910820884
2018m3,2.20043808983935,2.20043791507642,0.176510826568668,0.627742192327223,1.50902507116065
2018m4,NaN,2.03245569139121,0.127987277267112,0.848065173734325,1.49941020553179
2018m5,NaN,1.55680363247138,0.0847028042820659,0.416143123839403,1.48979533990293
2018m6,1.18542996072592,1.18543014227295,0.0836674540190606,0.50904820425784,1.48018047427408
2018m7,NaN,1.00004279365007,0.0816404401113902,0.600435507604623,1.46917246773432
2018m8,NaN,0.896646247447016,0.0588536677313031,0.798694037675066,1.45816446119456
2018m9,0.648128603345203,0.648128956663023,0.0215381313230625,0.498035808607857,1.4471564546548
2018m10,NaN,0.240811781822789,-0.0201888535986683,0.526718823928371,1.4346689780503
2018m11,NaN,-0.0704334943123313,-0.018957651302477,0.608673850777088,1.4221815014458
2018m12,-0.0985594988412948,-0.0985592758757542,0.0145066859322068,0.199647435823506,1.40969402484129
2019m1,NaN,0.486966384239241,0.12619256143008,0.124449559107198,1.3959809315781
2019m2,NaN,1.05599983495993,0.123300711377695,-0.123764953172147,1.3822678383149
2019m3,1.5214699999483,1.52146958658753,0.130874123839108,0.257897729917541,1.3685547450517
2019m4,NaN,1.12117244277627,0.0261182754772636,0.0775174222518697,1.35402345730612
2019m5,NaN,0.651911233216087,0.00598540898764997,0.21316784427263,1.33949216956055
2019m6,0.155161950185023,0.155161794371495,0.00668676412796023,0.268244585445408,1.32496088181498
2019m7,NaN,0.475072377137131,0.106095921168673,0.284595820846198,1.30984112387949
2019m8,NaN,0.889836028649463,0.109676321865733,0.546164628030315,1.294721365944
2019m9,1.25997845799149,1.25997787066303,0.0992222246313523,0.360478142912869,1.27960160800851
2019m10,NaN,0.977400238677231,0.0354515131722225,0.210188932776223,1.26396973691002
2019m11,NaN,0.885961445429259,0.08681662355374,0.531319494042372,1.24833786581152
2019m12,1.10537479528697,1.10537500064902,0.154075613436292,0.294359432374697,1.23270599471303
2020m1,NaN,3.17073510924466,0.551791540321132,0.257318786956334,1.21647703593477
2020m2,NaN,8.29015442921612,1.3666714535466,0.227570374366327,1.20024807715652
2020m3,-6.26679444637827,-6.26679202095633,-3.48516099910682,-13.8159155236901,1.18401911837827
2020m4,NaN,-43.4822312268657,-8.75206826115622,-28.91599914302,1.16708582224653
2020m5,NaN,-56.4566028992603,-1.87692146455204,-4.25477798879683,1.15015252611479
2020m6,-39.3382841299831,-39.3382806305381,0.79441956807374,4.11342561147636,1.13321922998305
2020m7,NaN,0.317235903585813,1.16181087237475,3.88537862754597,1.13321922998305
2020m8,NaN,14.5655384657304,1.68515417598411,4.85747118435842,1.13321922998305
2020m9,NaN,17.5565969615491,NaN,NaN,1.13321922998305
2020m10,NaN,17.3829197332085,NaN,NaN,1.13321922998305
2020m11,NaN,13.8502478974698,NaN,NaN,1.13321922998305
2020m12,NaN,9.99144248803588,NaN,NaN,1.13321922998305
