date,gz_spread,ebp,est_prob
1973-01-01,1.116861064445896,0.02008459893225356,0.23499652586416073
1973-02-01,1.0454231431408945,-0.01167236970422447,0.22373572481143977
1973-03-01,0.9956893667936306,-0.10368266520612623,0.19289871733188865
1973-04-01,0.955332719808464,-0.16116592846472677,0.17502212963162864
1973-05-01,1.007392811089747,-0.06189961087400109,0.20656747799876032
1973-06-01,1.1422628080798305,0.04562699511349533,0.24427628645976224
1973-07-01,0.9332407654266386,-0.3174686189536431,0.13192567512831188
1973-08-01,0.963220967891587,-0.17652372465320665,0.17042988714263616
1973-09-01,0.770816861878995,-0.34792818668351577,0.124462634234299
1973-10-01,1.2497138005254331,0.15192841137480784,0.28492599699331517
1973-11-01,1.3092866490080168,0.0787615333248155,0.25660276225889594
1973-12-01,1.2524068787218463,0.02707438150446495,0.2375164440771955
1974-01-01,1.1290295543952746,-0.02172669415794947,0.2202355213499863
1974-02-01,1.2493236783221082,0.16762747416630577,0.2911919525665556
1974-03-01,1.1626342977621722,-0.07978720378376902,0.20064690110731784
1974-04-01,1.1758896088595745,0.07178975263828669,0.25398253495694567
1974-05-01,1.2171906475174696,0.08048274495908969,0.2572518109695311
1974-06-01,1.751911997703672,0.6687847316921893,0.5144823102805127
1974-07-01,2.439163257937959,1.2160584176737064,0.7506285076418273
1974-08-01,1.9359294728723535,0.8148935253242771,0.582079689221503
1974-09-01,2.194856235330312,0.9040184405365316,0.6222776642055332
1974-10-01,2.4107975472806484,1.0614181041030255,0.6899054697168991
1974-11-01,2.2072418424169995,1.0032451793976924,0.6655055704457365
1974-12-01,2.530087439423597,1.1661481158365532,0.73174120993491
1975-01-01,1.6742991506953706,0.4024899211198891,0.391588330164227
1975-02-01,1.5799738986631373,0.4030024016692364,0.39181861385240807
1975-03-01,1.8300377598155575,0.5874807635411372,0.4765583103614987
1975-04-01,1.4900720316844875,0.22700920705032512,0.31545525950171643
1975-05-01,1.54039950108931,0.33921221115668154,0.363469907450715
1975-06-01,1.4051214139131984,0.2357101139947475,0.3190817708797371
1975-07-01,1.429246002425822,0.3555578654148701,0.3706700475206513
1975-08-01,1.248116481763666,0.1109365969303091,0.26887512822853393
1975-09-01,1.3649934006803193,0.2826349864048303,0.33893228529668074
1975-10-01,1.3048997034931271,0.0971241480696412,0.2635708189615638
1975-11-01,1.2765636594092629,0.1634058646084695,0.2895006719912759
1975-12-01,1.2067277428759606,-0.04372855999961178,0.21268656541510053
1976-01-01,0.9720391975026756,-0.15666371822741332,0.17638311157856804
1976-02-01,1.0469007895261249,-0.06390340670648209,0.2058991443662885
1976-03-01,0.995522519169208,-0.11100408623569402,0.1905617902858052
1976-04-01,1.0375807310964726,-0.0535140595663186,0.20937825019939107
1976-05-01,1.0054848665207656,-0.11286862261867792,0.1899694365556222
1976-06-01,0.9980277055884572,-0.04793520282983066,0.2112606440524912
1976-07-01,0.9617176785764168,-0.08966301167463919,0.19742223865761233
1976-08-01,0.9067231111101016,-0.150675310027372,0.17820370451945736
1976-09-01,0.8457769940052607,-0.19961269208740917,0.16367253246425892
1976-10-01,0.927172185466755,-0.12045205245113456,0.18757190363677537
1976-11-01,0.8363807472088767,-0.3719498501546936,0.11878895691570136
1976-12-01,1.1008449514654142,-0.03320908668009847,0.21627684123767768
1977-01-01,0.9775058926526472,-0.3091900306810954,0.13400633012078275
1977-02-01,0.9206514937709136,-0.20297594239913497,0.16270293827925636
1977-03-01,0.9071250487410132,-0.17261747936593397,0.17159053894804835
1977-04-01,0.8503124293583652,-0.255629722293807,0.14801148220294022
1977-05-01,0.7991848859930059,-0.26332972956529244,0.14593988036506014
1977-06-01,0.8388334153822724,-0.2766551204525124,0.14240106575438513
1977-07-01,0.8732945856008134,-0.1899469836914034,0.16647990310616592
1977-08-01,0.9401793522927484,-0.17935301848674545,0.1695923741970538
1977-09-01,0.9433366491592144,-0.14949530953033896,0.17856383967987874
1977-10-01,0.9552974404098606,-0.13607733234397568,0.18269118515597044
1977-11-01,0.9350281806071988,-0.14273292923614034,0.18063654311585223
1977-12-01,0.7982260845989971,-0.3263791760600555,0.12971120629177585
1978-01-01,0.7722852808027243,-0.3290422308214471,0.1290544043559
1978-02-01,0.7191687235261857,-0.34379534280438695,0.1254575637501087
1978-03-01,0.724144438446155,-0.34237048575128604,0.12580186324634857
1978-04-01,0.7369143187339418,-0.28948996276669736,0.1390478442510569
1978-05-01,0.7784348604544219,-0.2480295146639454,0.15007544500314332
1978-06-01,0.6284680760034279,-0.4527026864229856,0.10106245095653404
1978-07-01,0.625992028822881,-0.36706752147751465,0.11992706381746486
1978-08-01,0.620575869039057,-0.3790313361677763,0.11715180225414527
1978-09-01,0.6436323087965212,-0.3223453233053447,0.1307104975652098
1978-10-01,0.5794872265272164,-0.4869477183697517,0.0941578241051564
1978-11-01,0.6671743787992496,-0.25624452608999415,0.14784535660256864
1978-12-01,0.6499979599323955,-0.3828840131372928,0.11626785366979972
1979-01-01,0.7039829465584163,-0.25729876728366996,0.14756078167848435
1979-02-01,0.6638576645251245,-0.3216011725640773,0.13089542314237182
1979-03-01,0.6509336057046974,-0.18974920396761977,0.1665376701959944
1979-04-01,0.6444352858071002,-0.23770129736065648,0.15291085904997692
1979-05-01,0.7059792549205227,-0.26523371480599056,0.1454306532240094
1979-06-01,0.7373058078232384,-0.18756435121094417,0.16717667824471172
1979-07-01,0.6516171960944988,-0.2617532188544244,0.14636242906648503
1979-08-01,0.5858824075195032,-0.33833496379109806,0.12678057305524473
1979-09-01,0.6957506860999418,-0.15263345694101005,0.1776070907013981
1979-10-01,0.7314658816630416,-0.6721759196948743,0.06273110636874016
1979-11-01,0.7833845118507153,-0.13501224408992418,0.1830213366172646
1979-12-01,0.8429418898631442,0.11313926773238936,0.26972593525919725
1980-01-01,0.8211659927089251,-0.06853680421534314,0.20435867051697895
1980-02-01,0.8878283707210395,-0.3818101327853969,0.11651376499658968
1980-03-01,0.9787998588473272,0.2667851781085443,0.3321737132649716
1980-04-01,1.1297154960540028,-0.4482824824963711,0.10197989201354005
1980-05-01,0.9765676339614164,-0.0580270706318724,0.20786273637771063
1980-06-01,0.941452681949749,-0.2214078770896567,0.15745567241946432
1980-07-01,0.95260036992639,-0.01430075050098145,0.22281766817879828
1980-08-01,0.8934114177226966,-0.06102313127093828,0.20686021704927424
1980-09-01,0.9398532525469524,-0.06752942397365569,0.20469301101078008
1980-10-01,0.9177215542189568,-0.12507770116703765,0.1861187079209924
1980-11-01,0.9851264553601088,0.2860917215064145,0.34041329068119586
1980-12-01,1.1215329640772247,0.08329010207034204,0.258312260575024
1981-01-01,1.0791316466550531,0.3590805678311674,0.3722278230472704
1981-02-01,0.8807881005366947,0.09576987621834032,0.2630536353616713
1981-03-01,0.8677832736254366,-0.03769006018980869,0.2147432220797256
1981-04-01,1.1262870897430322,0.5003170679808423,0.43614479080948065
1981-05-01,1.1957336384241632,0.3499901611283748,0.3682122780606025
1981-06-01,1.0937436386083876,0.4096668790310486,0.3948167278874215
1981-07-01,1.1041750000275223,0.4070676294796174,0.3936466651006542
1981-08-01,1.0343905172367922,0.28823832113542924,0.3413342230139341
1981-09-01,1.1570106871275747,0.3938351180405122,0.3877050835746498
1981-10-01,1.3757180104143714,0.6193194417783227,0.49140306413743634
1981-11-01,1.464404068900136,0.24693365609233583,0.323785363372878
1981-12-01,1.479648467062853,0.5982220833997022,0.4815638337104
1982-01-01,1.4733654684808224,0.7592257891275501,0.5564998144274785
1982-02-01,1.4378488634166806,0.5188895708725664,0.44471471518313976
1982-03-01,1.611136162477968,0.923686606095464,0.6309892655097575
1982-04-01,1.6344124128749806,0.8347304683235262,0.5911174653223208
1982-05-01,1.5074842353664706,0.7518670953363463,0.5530983206441635
1982-06-01,1.5436790478292517,0.7337874698959009,0.5447250714206202
1982-07-01,1.6244983258128134,0.6859125206991445,0.5224663276714537
1982-08-01,1.7529592643448202,0.08681289526815394,0.2596461564159464
1982-09-01,1.639230341696483,0.4928444407769583,0.4327048980995662
1982-10-01,1.809798287940546,0.27655681333773074,0.3363341890672765
1982-11-01,1.5690920427471176,0.4949387581382374,0.43366847768718286
1982-12-01,1.5980286595363409,0.65443074135758,0.5077866747544231
1983-01-01,1.2676053577326416,0.2731933134237049,0.33489981374488176
1983-02-01,1.3210935751633492,0.20657994527569645,0.30701043635055725
1983-03-01,0.9945332990233918,0.10959842831498046,0.2683589040117126
1983-04-01,0.9420625012931731,0.02771784953653711,0.2377491668544401
1983-05-01,0.855305694832128,-0.17405180481137972,0.17116377638366376
1983-06-01,0.8435697894385437,-0.01678867342337653,0.22195065243104647
1983-07-01,0.8652056202790975,-0.15608958339526302,0.17655714802087952
1983-08-01,0.8102099839768859,-0.21205666928195077,0.1601037499744896
1983-09-01,0.8889912226157491,-0.12480747618399268,0.18620340950324976
1983-10-01,0.8573919846637903,-0.11239113100636866,0.1901210252941031
1983-11-01,0.9069582609968896,-0.01687898458816472,0.22191921618768676
1983-12-01,0.9371542488794828,0.05006416979639827,0.2459082506867114
1984-01-01,0.8887296560836809,-0.03277863096791367,0.21642449835128247
1984-02-01,0.8667995916470675,-0.11872482415042895,0.18811632326845956
1984-03-01,0.925959525178111,-0.02537958188426925,0.21897166303324095
1984-04-01,0.938009522853614,0.0420624280472649,0.24296950248144833
1984-05-01,0.7433877392450771,-0.35446629780199,0.12289995846054824
1984-06-01,0.7483693326985188,-0.10422013004747588,0.19272657070100804
1984-07-01,0.9091829270426732,-0.17652010060248668,0.17043096161121646
1984-08-01,0.93575902874687,0.15746265289685413,0.28712752490069116
1984-09-01,0.913848073324706,-0.06381747293665196,0.20592777983057564
1984-10-01,0.9783725451195862,-0.2079008931130768,0.16128987556738625
1984-11-01,0.944885303202346,-0.15035069266868217,0.1783027317882498
1984-12-01,0.9673237135601084,-0.01733208583511791,0.22176153541212396
1985-01-01,1.0854087316802143,-0.12951358471618657,0.18473170301139152
1985-02-01,0.9445995931011624,-0.1953740735813244,0.16489981879951118
1985-03-01,0.9881487575520692,0.03657823300172946,0.2409663827610018
1985-04-01,1.066809135238635,-0.1063081633528946,0.1920586778733092
1985-05-01,1.217941912223733,-0.3080140851862092,0.1343036990357382
1985-06-01,1.1991043450494263,0.02359569018655238,0.23626047517792065
1985-07-01,1.1654048022740684,-0.0182512523110605,0.2214418590486928
1985-08-01,1.195814414139636,0.02723898427285842,0.23757596397814265
1985-09-01,1.1740944743272022,0.088930311551765,0.26044961770549213
1985-10-01,1.3047733871432396,0.19679898141226304,0.30300288167836786
1985-11-01,1.3509819957380145,0.1815476565518379,0.2968011453687719
1985-12-01,1.4523482964519143,-0.0245973881034951,0.2192419417864833
1986-01-01,1.4232830769939977,0.2288579935702848,0.3162243577949282
1986-02-01,1.6275085725919447,-0.1913247022315574,0.1660778609041366
1986-03-01,2.0786763777095256,0.5734157233078849,0.4700096235729339
1986-04-01,1.990033106984128,0.513942395083336,0.4424292394915534
1986-05-01,1.6567472901569604,0.01616640707045924,0.2335904472523985
1986-06-01,1.965805445467882,0.07932662057814643,0.2568157559568057
1986-07-01,2.160364176002572,0.7140333087863417,0.5355536530961563
1986-08-01,2.339802196022659,0.6898229139481795,0.5242879864813192
1986-09-01,1.981799305271104,0.31596728821477993,0.3533137573111325
1986-10-01,2.018933960632829,0.5193719539566952,0.4449376641460546
1986-11-01,2.11935953473232,0.608493253158453,0.4863529949497518
1986-12-01,2.0329589704606263,0.6454263675219931,0.5035852087308655
1987-01-01,1.911749385468956,0.5137288815124708,0.44233064393788446
1987-02-01,1.9971491134154316,0.5603990104928245,0.4639562178878073
1987-03-01,1.925469056669622,0.4509493862425715,0.4135207598231774
1987-04-01,1.8000120780091309,-0.2627599485984047,0.14609250281345487
1987-05-01,1.7725410835437807,0.18496114716131995,0.29818413937366206
1987-06-01,1.7262392143233527,0.17089826670030497,0.2925054758148335
1987-07-01,1.6873543727035332,0.2534819334039864,0.3265427531066955
1987-08-01,1.6273717066574669,0.2718759304026004,0.3343386658296581
1987-09-01,1.589034374666104,0.24812697731722744,0.3242871401564119
1987-10-01,1.7385701873556871,-0.6265217657615181,0.06959136353553882
1987-11-01,1.7074159014351733,0.25284649449805996,0.3262747598007088
1987-12-01,1.6671360961884203,-0.00230954604157607,0.2270234451424946
1988-01-01,1.764494614703191,-0.13719321954582697,0.18234568640285337
1988-02-01,1.7011993670279095,0.19545039680119092,0.30245216705664146
1988-03-01,1.600771260303695,-0.07114519044316858,0.20349448253033647
1988-04-01,1.4914021712148888,-0.00386881049569498,0.2264740320200291
1988-05-01,1.4967029179008868,0.07507977418488432,0.2552172826838416
1988-06-01,1.5614930115214751,0.1747486250530983,0.29405526733756604
1988-07-01,1.4619970080391704,-0.10791219606467696,0.19154656401519168
1988-08-01,1.4860698145983693,0.1091396942875036,0.26818205336010276
1988-09-01,1.5540170160209898,0.2705162393352596,0.33375988449431904
1988-10-01,1.7304999018894829,0.42223087185628394,0.40048566558630466
1988-11-01,1.6269031654712829,0.2933595548481833,0.3435351413183231
1988-12-01,1.634794772429496,0.4345331113177102,0.4060568945753726
1989-01-01,1.7302686753231056,0.45653701314579465,0.4160685347034157
1989-02-01,1.5748014017016685,0.3024601031867695,0.3474593011118477
1989-03-01,1.6471045442501504,0.5295140416679864,0.44962908385778344
1989-04-01,1.7114467906040396,0.6295818702831617,0.4961914429258964
1989-05-01,1.7728556279573586,0.45076857519618674,0.4134383760796439
1989-06-01,1.9776767252558691,0.7146216209419995,0.535827090973564
1989-07-01,2.1118929397638793,0.9441158475238234,0.6399672122977191
1989-08-01,1.9527728753015088,0.7010070929797205,0.5294952108154852
1989-09-01,1.7392822716554288,0.6950313048107459,0.5267135234725226
1989-10-01,1.6997847460513489,0.6053828695990093,0.4849024699539227
1989-11-01,1.6374358335319394,0.6683479068052111,0.5142785973686557
1989-12-01,1.564732429475727,0.5765930035975482,0.47148832076355496
1990-01-01,1.4617111911264025,0.3181580427391697,0.354266626215213
1990-02-01,1.428688108440255,0.4266052671169691,0.40246441191474486
1990-03-01,1.429095400674561,0.45712124639257645,0.4163351316844749
1990-04-01,1.3521314896331436,0.20733518882195257,0.30732085182377217
1990-05-01,1.2025567471943532,0.09904520072020873,0.26430533975320347
1990-06-01,1.2231827134125768,0.1469561031061828,0.28295489934079343
1990-07-01,1.163444441691061,0.07003819033431458,0.25332645311888446
1990-08-01,1.1315048460356572,-0.1938503066868551,0.1653424761126187
1990-09-01,1.126453467571154,-0.00171584400471958,0.22723283584324827
1990-10-01,1.4400990504605735,0.22800450576389197,0.31586920636514115
1990-11-01,1.559372073814849,0.305086426645804,0.34859484193474866
1990-12-01,1.5715184862250071,0.4060762139323164,0.3932006275895917
1991-01-01,1.5956491424440598,0.44239489231128326,0.4096272703774688
1991-02-01,1.4093263233894295,0.3383917512759258,0.3631097445049667
1991-03-01,1.3689022429176088,0.2710448513803059,0.3339848525210075
1991-04-01,1.3575809833646728,0.2272111749007053,0.31553923965667335
1991-05-01,1.3068388694077917,0.20927835057476973,0.3081201522895532
1991-06-01,1.2834290199482368,0.11448837664399036,0.27024770917152396
1991-07-01,1.387224232066653,0.2241998454870362,0.3142880902259784
1991-08-01,1.3000395720888942,0.16125828962772837,0.28864207468548175
1991-09-01,1.389358872294658,0.18048332334163675,0.296370526321441
1991-10-01,1.3727978914812622,0.18037651797257648,0.2963273297077871
1991-11-01,1.3514642619072863,0.1809647342366425,0.2965652650926669
1991-12-01,1.5411753797697003,0.21704820181058415,0.3113252778374377
1992-01-01,1.3324851815532828,0.07590906453886093,0.25552901056332744
1992-02-01,1.2807817028143305,0.1093966454850872,0.26828110568568375
1992-03-01,1.2056136270943592,0.05380093784062456,0.24728713545079423
1992-04-01,1.211737549280204,0.04837457782417176,0.2452861407169952
1992-05-01,1.2188768459753043,0.01122636737292026,0.23182433767893992
1992-06-01,1.1949543484985743,-0.01085488243595711,0.22402169949760264
1992-07-01,1.2536008911064789,-0.07993533879628756,0.20059829944809549
1992-08-01,1.431802357206012,0.09477436335883004,0.26267378944387754
1992-09-01,1.540979130625226,0.18313260017261324,0.29744292865177596
1992-10-01,1.4465899998306249,0.12891146450392177,0.27585724688964575
1992-11-01,1.287950446160613,0.0632252598091092,0.25078303372378474
1992-12-01,1.3828990099112233,0.12712396351919808,0.2751589440572493
1993-01-01,1.394637505448069,0.07261709199986566,0.2542927407971477
1993-02-01,1.4125877296833649,0.03903352048601993,0.24186207219310543
1993-03-01,1.3617529606200496,0.00755041353600005,0.2305149918826668
1993-04-01,1.4126875563239625,0.03404457805399352,0.2400439994381803
1993-05-01,1.3279613714170757,0.00638154951047709,0.230099519455634
1993-06-01,1.3151899404546925,-0.0733993342013064,0.20274941792402207
1993-07-01,1.2898289736131294,-0.0765109234363952,0.2017236231437945
1993-08-01,1.4104259125080152,-0.04377033457950841,0.21267237755894008
1993-09-01,1.4106534557272334,0.00922270108225142,0.23111013445797035
1993-10-01,1.3846474752603897,-0.03149648552153628,0.21686465194962165
1993-11-01,1.277076240910786,-0.14997333143249336,0.1784178925992727
1993-12-01,1.2728048614074676,-0.16071817873502803,0.17515718165351415
1994-01-01,1.2287936750918902,-0.2435557200170229,0.15129930782134027
1994-02-01,1.1184090580825368,-0.4499137922865557,0.10164060034120088
1994-03-01,1.203313431010014,-0.3285528334279557,0.129174933499514
1994-04-01,1.2167622129020603,-0.2794701129812971,0.14166097980143835
1994-05-01,1.2445989903892043,-0.28206149398496905,0.1409819904704485
1994-06-01,1.2056762249490098,-0.32883172060140553,0.12910623940430846
1994-07-01,1.1962482000376853,-0.3144869335120395,0.13267247873066013
1994-08-01,1.1965544885820083,-0.2597077203070228,0.1469119027378636
1994-09-01,1.1593859919473912,-0.4050110864883172,0.11128267919313758
1994-10-01,1.202356876546094,-0.3025351036061852,0.13569517674468992
1994-11-01,1.2328867069499758,-0.26687540966289314,0.14499253712330687
1994-12-01,1.2830320098779422,-0.19104063205398192,0.16616070613757064
1995-01-01,1.2728526503902984,-0.23827265500179817,0.15275308167994756
1995-02-01,1.2240046874605444,-0.2942086840797222,0.13782865764207747
1995-03-01,1.22093467363332,-0.30413197319035645,0.13528860958579156
1995-04-01,1.1944255387613374,-0.2492527160344613,0.14974197505978196
1995-05-01,1.295473579823671,-0.3416637167400507,0.12597288975506368
1995-06-01,1.3209166281519105,-0.15670422038964382,0.17637083833187922
1995-07-01,1.2374917337510545,-0.3286266608988948,0.12915674622024337
1995-08-01,1.275162560447965,-0.20049234103687397,0.16341857622648484
1995-09-01,1.2497860041566355,-0.1799451458346888,0.16941743039379556
1995-10-01,1.3385588941442228,-0.1325134314091092,0.18379736781721143
1995-11-01,1.3860060529155098,-0.05640491130731018,0.20840672632597543
1995-12-01,1.4058130983541786,-0.06325949337775971,0.2061137712239064
1996-01-01,1.3906217331049182,-0.1089425592775506,0.1912180452818796
1996-02-01,1.2923560350429772,-0.3263876513166415,0.12970911233326238
1996-03-01,1.2483079132545856,-0.3492395299301596,0.12414810113293316
1996-04-01,1.2507877736953985,-0.30005316558794526,0.13632874443030418
1996-05-01,1.1958144226822869,-0.33118000615020216,0.12852882590814693
1996-06-01,1.2598811814917314,-0.2855941143313221,0.14005994011434664
1996-07-01,1.2720535429642317,-0.33929093937117183,0.12654824848997054
1996-08-01,1.2821307794402022,-0.3702663073520436,0.11918053822406845
1996-09-01,1.2377896153651562,-0.3931289242474105,0.11394034168443784
1996-10-01,1.2905999695757433,-0.3265831943869948,0.1296608065417018
1996-11-01,1.3211222777299376,-0.29750570354592254,0.1369811401942143
1996-12-01,1.256638229615572,-0.3999039066288448,0.1124195044688404
1997-01-01,1.2996695172845083,-0.3317239971568202,0.12839532154188613
1997-02-01,1.207028787779758,-0.4784837052085445,0.09583109919804043
1997-03-01,1.2108931441550894,-0.5060737903389823,0.0904562958951568
1997-04-01,1.215154995829615,-0.4629092799295456,0.09896702226346275
1997-05-01,1.1730070909485717,-0.45922300510582525,0.09972012254345416
1997-06-01,1.1454277954597976,-0.5648798984557741,0.0797526417543319
1997-07-01,1.2048841340867713,-0.5373462901596511,0.08463850289953086
1997-08-01,1.176830098637213,-0.4939295078946242,0.09279387638979691
1997-09-01,1.1525907310407637,-0.5827265410293374,0.07670163921934317
1997-10-01,1.3117233009095637,-0.43549178805431055,0.10466879339024011
1997-11-01,1.3085416772629157,-0.3537532703258013,0.12306970792316728
1997-12-01,1.324847323059909,-0.39930446098070815,0.1125534793333508
1998-01-01,1.3758886910257822,-0.35658917446367644,0.12239554040476253
1998-02-01,1.3177899633738837,-0.35537815314443444,0.12268311363860336
1998-03-01,1.2987130562598015,-0.406818560177298,0.11088232561954237
1998-04-01,1.2092195456350343,-0.4337404964118347,0.10504091578838266
1998-05-01,1.2117549202799138,-0.3937098507861556,0.11380936445876448
1998-06-01,1.3120371074813422,-0.3597503450086692,0.12164710836645934
1998-07-01,1.362947936305738,-0.32044245061411103,0.13118373176200224
1998-08-01,2.0160913918273,0.0881456265850693,0.2601517168853847
1998-09-01,2.1192811317985862,0.05632690264124962,0.2482215645456465
1998-10-01,2.275155321948223,0.1973573833972071,0.30323104473960516
1998-11-01,1.9968092644633768,0.16971026261394218,0.2920280647881344
1998-12-01,1.9657067830549064,0.04201976107430316,0.24295388354254657
1999-01-01,1.93348564809618,0.04771072172182622,0.24504193975153027
1999-02-01,1.7833530108456257,-0.19539261648902717,0.1648944367789291
1999-03-01,1.6732079881241593,-0.1830313663897241,0.16850748346187236
1999-04-01,1.6215949296908412,-0.22376202042671056,0.15679358700768362
1999-05-01,1.657140550101852,-0.21833806668821,0.1583217901419342
1999-06-01,1.6956454240284895,-0.15871558877657943,0.17576201927730306
1999-07-01,1.7548080520965934,-0.10871026198841528,0.19129208026243752
1999-08-01,1.979071838915346,-0.0424272934512433,0.21312878985556497
1999-09-01,2.0268284743487817,0.0759832897220929,0.25555692129311225
1999-10-01,2.103605237545186,0.10019496580351728,0.26474545422514806
1999-11-01,2.0467492198478623,0.05723227813107856,0.24855694753306945
1999-12-01,1.8699053631566935,-0.16533679767125165,0.17376727130548103
2000-01-01,1.9642117123684355,0.02481192051228076,0.23669917443966873
2000-02-01,2.122868077282041,0.09975715989263811,0.26457782414059383
2000-03-01,2.474929695185892,0.36485720851370607,0.3747868342260246
2000-04-01,2.6364977083325796,0.5222776520741235,0.446280992640368
2000-05-01,2.8073899449786657,0.7040241150365225,0.5308990753569327
2000-06-01,2.8153065737250724,0.7418168859749712,0.5484464275302334
2000-07-01,2.9395475040998855,0.8230845254660504,0.5858170813644898
2000-08-01,3.0922192801458963,1.0016373944526649,0.6648205491968677
2000-09-01,3.2308167706523547,1.0957951544075817,0.7039495620688108
2000-10-01,3.6913718305231487,1.5076122486408128,0.8455437074789774
2000-11-01,3.773148135576341,1.5692798098759764,0.8620642177954762
2000-12-01,3.7970918689769726,1.5699762713619347,0.8622436396401251
2001-01-01,3.4419813651261744,1.147352498044036,0.7244464354513243
2001-02-01,3.321333456554509,1.131926507091162,0.7183874473087533
2001-03-01,3.276037351178309,1.065057697175476,0.6914060358082288
2001-04-01,3.1989662567362993,0.8840262969187256,0.613358384386993
2001-05-01,2.9950947177133695,0.7455911550013745,0.5501942209125685
2001-06-01,3.0915139848517907,0.9814196792284866,0.656160320234532
2001-07-01,3.0304705676114296,0.7445481707614596,0.549711330299312
2001-08-01,3.0485878060447877,0.7498088767634745,0.552146216035518
2001-09-01,3.5350136488198607,1.1859323722437152,0.7393132859272925
2001-10-01,3.4546059774721956,1.015957725132985,0.6709023973768755
2001-11-01,2.9806323321305155,-0.12002004431558744,0.18770798053669255
2001-12-01,2.9039007103651415,0.3845075498231512,0.38353253020760825
2002-01-01,2.966140152971115,0.5700497086331016,0.46844354141059447
2002-02-01,2.9622721295700822,0.7392382942419728,0.5472517876376595
2002-03-01,2.612722002740626,0.253016342932292,0.3263463837861902
2002-04-01,2.649942681380903,0.3727793977160494,0.3783052719521976
2002-05-01,2.727523317528729,0.4694022811819236,0.4219479319678255
2002-06-01,3.2669655486742593,0.9106739062174084,0.6252327840681756
2002-07-01,4.057769021959327,1.506772537502648,0.8453100801645597
2002-08-01,3.9518617268048866,1.4200015644023067,0.8199110332629351
2002-09-01,4.265022446066573,1.5777899539792477,0.864245679200115
2002-10-01,4.327749873116219,1.399568415657073,0.8135689284099762
2002-11-01,3.7554279506932047,0.9950448283756016,0.6620059710606891
2002-12-01,3.6605768541436023,0.8593737918014415,0.6022774104914638
2003-01-01,3.5656616786589344,0.8283172049353196,0.58820061099028
2003-02-01,3.42570539674083,0.602207562491766,0.48342187409875303
2003-03-01,3.189011050426497,0.09931096218491486,0.2644070365246637
2003-04-01,2.713437075617452,0.00671852188247079,0.2302192532004607
2003-05-01,2.79557158439891,-0.5344060593333348,0.08517323616303295
2003-06-01,2.5340242616885607,-0.430482052955941,0.10573583117152956
2003-07-01,2.430380734168268,-1.084750526550183,0.02196057717744779
2003-08-01,2.396742315472752,-0.22447558351469388,0.15659326501009674
2003-09-01,2.417577098708437,-0.5832915587135896,0.0766065158133374
2003-10-01,2.1091997221501506,-0.5446550151121543,0.08332019513349621
2003-11-01,2.0013233952923253,-0.5802764076221685,0.07711517029568778
2003-12-01,1.9126279026221389,-0.5508971876499265,0.08220653870591628
2004-01-01,1.8023463454985935,-0.7273971344028676,0.0551509486179785
2004-02-01,1.918435046708884,-0.36770916794380937,0.11977705410181531
2004-03-01,1.9302383436543693,-0.552659925475407,0.08189409051609789
2004-04-01,1.7621884550646292,-0.7693328699409845,0.04989311113839812
2004-05-01,1.9097320958521968,-0.3879718423290304,0.11510778124813006
2004-06-01,1.8166465889262855,-0.4027437701106762,0.11178634928903884
2004-07-01,1.748112191564281,-0.33755129740355616,0.12697124380729066
2004-08-01,1.9021400965831072,-0.4228022225856251,0.10738681208157544
2004-09-01,1.7674854106174571,-0.567124508000646,0.07936393943128213
2004-10-01,1.778691486778498,-0.5353950354029544,0.08499309145723813
2004-11-01,1.5523319594890277,-0.689828487184801,0.06022438322076844
2004-12-01,1.4841807575459702,-0.7378785091392221,0.05379745917681995
2005-01-01,1.7443857440285258,-0.7038746643046392,0.05828636302710544
2005-02-01,1.5667747162393175,-0.955967855591718,0.03114664876231306
2005-03-01,1.861619745342104,-0.6619406756060402,0.0642213546239575
2005-04-01,2.146758689972904,-0.41019746586310113,0.11013667104846904
2005-05-01,2.11687647464803,-0.3330463026592927,0.1280712074697358
2005-06-01,1.9655317999452575,-0.4814565989932691,0.09524090483161526
2005-07-01,1.7229510926880556,-0.5825894438708659,0.07672473371159363
2005-08-01,1.840729670430828,-0.5567524070703356,0.08117214331970299
2005-09-01,1.8332166323201773,-0.4888785185084168,0.09377915606959454
2005-10-01,1.919488453738058,-0.3321650436117196,0.12828715215680034
2005-11-01,1.8897010973529176,-0.3369597838825995,0.1271152947294685
2005-12-01,1.9638746369753255,-0.2975079428476175,0.1369805657819267
2006-01-01,1.8251230642482223,-0.3588384191475211,0.12186268315606584
2006-02-01,1.7482777000920102,-0.3419513753257031,0.12590326154062487
2006-03-01,1.7169084089450843,-0.42528402558118583,0.10685126354422628
2006-04-01,1.637401511233534,-0.4664944646175824,0.09823857388440124
2006-05-01,1.6514921993697524,-0.369120791809296,0.11944749820128948
2006-06-01,1.7578489600143588,-0.38304945227362897,0.11623000199068416
2006-07-01,1.8015054032625544,-0.29029779300126757,0.1388386041657093
2006-08-01,1.82986003953406,-0.3001102698901472,0.13631414462796845
2006-09-01,1.825991871682076,-0.3735769467625978,0.11841136909682534
2006-10-01,1.7339451474748435,-0.39113965669351103,0.1143896606528232
2006-11-01,1.7093466475389771,-0.37825598185913334,0.11733027160119512
2006-12-01,1.6036995821091184,-0.4993354392396099,0.09174786256404632
2007-01-01,1.5187759678258048,-0.5506360172797484,0.08225290785354594
2007-02-01,1.5420730047565323,-0.5669440011065965,0.07939514495414451
2007-03-01,1.603216178093962,-0.3833954028395381,0.11615087842773528
2007-04-01,1.5729065396792674,-0.3855367331868591,0.11566197784650074
2007-05-01,1.4810380790330604,-0.6032422793516936,0.07330493321152662
2007-06-01,1.644910120042319,-0.3882110390744246,0.11505344544872108
2007-07-01,2.1536134447115227,0.01377116003431711,0.2327331941063897
2007-08-01,2.3199377329501196,0.14275217088178138,0.28129352165365007
2007-09-01,2.272737573943626,0.06237253917228269,0.250465648786667
2007-10-01,2.2185846213816576,-0.01130391244623618,0.223864593412861
2007-11-01,2.787202546553662,0.32161491139615306,0.3557720469380723
2007-12-01,2.876841829635808,0.4745509352647401,0.4243058151846822
2008-01-01,3.3038466311917123,0.7066428106921987,0.5321172820639488
2008-02-01,3.5748424132719445,0.9090215385713694,0.6244997880034665
2008-03-01,3.8020213626324746,1.125498548176688,0.7158438598408526
2008-04-01,3.292007029119069,0.6477523070385653,0.5046705554409865
2008-05-01,3.1344191008245934,0.6587244071836982,0.5097898357303706
2008-06-01,3.4690691023485627,0.7968894928875456,0.5738391612768653
2008-07-01,3.7071604744996702,1.0555560178006855,0.6874819385860812
2008-08-01,3.8475228648761193,1.2344454020828586,0.7574040850916568
2008-09-01,4.828430873044192,1.777620540286005,0.9087901332946278
2008-10-01,7.234439696790415,3.4721934737674163,0.999542642867942
2008-11-01,7.932643164955505,3.2002455530652485,0.998638624243504
2008-12-01,7.739286571279048,3.3476447865178462,0.999237376573029
2009-01-01,6.454863951041578,2.8097279286986696,0.9944672314660722
2009-02-01,6.260474692452845,3.174018435164613,0.9984951314806164
2009-03-01,6.362042373156482,2.7252316344128404,0.9926925763490972
2009-04-01,5.459708099747098,2.2219556205706494,0.9680653404521792
2009-05-01,4.859145564012314,1.3577914267129223,0.8001780548043731
2009-06-01,4.226790890533473,0.9201381126006344,0.6294223529392009
2009-07-01,3.6097871671208503,0.3159257624868155,0.35329570454584336
2009-08-01,3.419996399741704,0.07816201512990073,0.25637689140750725
2009-09-01,3.018140774059242,0.03024572964784644,0.2386646337969245
2009-10-01,2.918980059005603,-0.14850072064174125,0.1788677431098195
2009-11-01,2.8954946755418023,-0.0412609610781498,0.2135256134657565
2009-12-01,2.4641787070213725,-0.4925693280989645,0.09305844586416258
2010-01-01,2.4615786030954094,-0.2122250726328767,0.1600558054794456
2010-02-01,2.483065570488782,-0.02725170953405564,0.21832554806493665
2010-03-01,2.2701738325561305,-0.18583617788460405,0.16768323848368769
2010-04-01,2.159392944940006,-0.30182690225335396,0.13587575427286172
2010-05-01,2.624325975431681,-0.15639401910852513,0.1764648514580433
2010-06-01,2.7568873041227286,0.00930205183949484,0.23113839552026455
2010-07-01,2.594661728860999,0.13492148459257924,0.2782114790818137
2010-08-01,2.7646378812499584,-0.31077592287468425,0.13360601229648347
2010-09-01,2.5832175939733,-0.0477233352644344,0.2113323263720621
2010-10-01,2.4616111506331815,-0.0379624902253628,0.21465018675075076
2010-11-01,2.4529292842151125,-0.1736836415716354,0.1712732531676579
2010-12-01,2.263929539374505,-0.4369789578707506,0.10435354324435232
2011-01-01,2.1558646489007476,-0.04301070256988115,0.21293045690583756
2011-02-01,2.035437264084866,-0.30171837460802653,0.1359034412385668
2011-03-01,2.0004261382959374,-0.34232524602842185,0.1258128056633134
2011-04-01,2.0127018646379007,-0.29574926230165577,0.1374321990534395
2011-05-01,2.0990474598920854,-0.17380697770672704,0.17123657302834103
2011-06-01,2.191259360728811,-0.04760361639280441,0.21137283781598756
2011-07-01,2.2568200368645575,-0.09583826297073816,0.19542190644449248
2011-08-01,2.8803390363924084,-0.12343539895359212,0.18663385337023125
2011-09-01,3.1574616697227733,0.40045492256072945,0.3906742769961635
2011-10-01,2.851883681410084,-0.12456704888434976,0.18627879112906487
2011-11-01,3.033309618574288,0.46363929867137355,0.41931202873102386
2011-12-01,2.918908735381526,0.2388651392454313,0.32040108947463614
2012-01-01,2.798865500434927,0.14130476049847385,0.2807226024730708
2012-02-01,2.542406446022948,0.01404150215018296,0.2328298612831812
2012-03-01,2.469248067313592,-0.3794013602507924,0.11706669875129444
2012-04-01,2.560943413692186,-0.20891073441209995,0.16100112470419048
2012-05-01,2.837046350312871,-0.124753515181812,0.18622032635276867
2012-06-01,2.786650400808554,0.1197323299286217,0.27228061308481755
2012-07-01,2.6363408344540096,-0.05315399285847411,0.209499443603656
2012-08-01,2.5812526964196367,-0.2342299824017879,0.15387176604903444
2012-09-01,2.4451991443372667,-0.18953260813215067,0.16660094789853358
2012-10-01,2.2909280524494644,-0.21098721506315732,0.1604084431148621
2012-11-01,2.379256214147389,-0.08484062093695366,0.19899291939080296
2012-12-01,2.2730240477952357,-0.1967261294642757,0.16450768711253114
2013-01-01,2.152996130380906,-0.1221351686251242,0.18704232569025284
2013-02-01,2.1940115805785516,-0.06659828323476802,0.2050023374907911
2013-03-01,2.16864688816786,-0.13255879190216557,0.18378326242326803
2013-04-01,2.109106433418483,-0.16125399036275567,0.1749955758346003
2013-05-01,2.017843090182665,-0.5220251990768063,0.08745271023383304
2013-06-01,2.195094366301562,-0.373633139034244,0.11839834416054194
2013-07-01,2.0686685976137613,-0.03577665932374963,0.21539731165718787
2013-08-01,2.056505793362316,-0.1264311182250184,0.1856948409825658
2013-09-01,2.109696823039251,-0.15522335041160007,0.17681993310252214
2013-10-01,2.025151635757289,-0.05087610046197888,0.21026710607118393
2013-11-01,1.964197740763714,-0.02311522727188775,0.21975461231118237
2013-12-01,1.8143802031547,-0.16881132514423247,0.17272629688572003
2014-01-01,1.8736808996737429,-0.32353476443530216,0.13041529006172864
2014-02-01,1.768325357551925,-0.23275373782359132,0.15428161908840934
2014-03-01,1.7177719456680611,-0.2987039973360974,0.13667399624147206
2014-04-01,1.6613478408117446,-0.3794925245721259,0.11704573818642976
2014-05-01,1.6611100271595736,-0.3934897905577861,0.11385896718622432
2014-06-01,1.6306945306351648,-0.3267478583847221,0.12962013859698032
2014-07-01,1.688700607326465,-0.3330598502232709,0.12806788973159916
2014-08-01,1.6972850495584229,-0.3167858451176586,0.13209642861509782
2014-09-01,1.837743182391058,-0.2279289072723385,0.1556261786377228
2014-10-01,1.951236108830528,-0.21849907747153385,0.15827628495611035
2014-11-01,2.1055082978412876,0.04544470205054241,0.24420936532689363
2014-12-01,2.2024244663871064,0.07873531625159069,0.2565928827063892
2015-01-01,2.2844093463717656,-0.04651859051231222,0.2117402050555332
2015-02-01,2.029995132349153,-0.2954408583750676,0.13751150255929717
2015-03-01,2.141996166189602,-0.13852428977296016,0.18193409744038577
2015-04-01,2.1098467343947034,-0.00518291499828382,0.22601158555983203
2015-05-01,2.117868236823955,0.04389916109543668,0.24364238317027784
2015-06-01,2.236107039431607,0.14344031687500758,0.28156515166695467
2015-07-01,2.371772359950904,0.2051198773026579,0.3064107205683627
2015-08-01,2.4936641435216607,0.4023609069346623,0.3915303634826439
2015-09-01,2.700883952824159,0.5329757872869414,0.451232028362046
2015-10-01,2.4773608657176194,0.4240540882731634,0.40131008556577
2015-11-01,2.527894885427598,0.5061158290290702,0.4388174947995864
2015-12-01,2.7478280151146404,0.6870447819067378,0.5229938421426902
2016-01-01,3.1441251148152483,0.9219372040116888,0.6302170501019521
2016-02-01,3.153497623227996,0.9451658990891838,0.6404266431992998
2016-03-01,2.7306037425657497,0.5695935814125854,0.4682313593049336
2016-04-01,2.4507374758858926,0.22554328035413596,0.31484599911004674
2016-05-01,2.4214993327649963,0.2378386131436225,0.31997158279108173
2016-06-01,2.5201189332913625,0.04691344683359055,0.24474883332012173
2016-07-01,2.325980507060831,-0.00713353094753621,0.2253261296602905
2016-08-01,2.146896320068905,-0.01842463144847173,0.2213815891703556
2016-09-01,2.122895713073791,-0.0824902994682204,0.1997611544597684
2016-10-01,1.9336560792324569,-0.07193224351470118,0.20323415163896064
2016-11-01,1.832904847861323,-0.721931918167003,0.05586728124058389
2016-12-01,1.6957742876605657,-0.2414959148378628,0.15186501902040975
2017-01-01,1.6577786633843157,-0.18931778567005983,0.16666372284201686
2017-02-01,1.6008332991749723,-0.1867581337200921,0.16741287293030616
2017-03-01,1.6356727402223732,-0.17570601942441133,0.1706724325897136
2017-04-01,1.6226257265829205,-0.12743663290881746,0.18538031915282135
2017-05-01,1.5868847243681838,-0.1764894307105498,0.17044005487931305
2017-06-01,1.5662962807385157,-0.13462753450321774,0.18314067869156336
2017-07-01,1.508938915899709,-0.16111291830237473,0.17503811531512267
2017-08-01,1.6472473664080192,-0.07130770626128724,0.2034407114311668
2017-09-01,1.511222575157852,-0.2644972104938488,0.1456274918210446
2017-10-01,1.4517826775798357,-0.21348427028641279,0.159697609020234
2017-11-01,1.452295452339867,-0.14349468738826365,0.18040230924269743
2017-12-01,1.41550462959405,-0.2015028844467821,0.16312714660066452
2018-01-01,1.2819373647015762,-0.3956849098266528,0.11336486511238145
2018-02-01,1.3767640363553988,-0.24547238809760907,0.15077416871269855
2018-03-01,1.5352112939667637,-0.1081283372414723,0.1914776213967657
2018-04-01,1.4487158989286948,-0.28398127182463506,0.14048039912715052
2018-05-01,1.532858495202145,-0.1966141254875391,0.16454014822710064
2018-06-01,1.620051798495912,0.02337709053075887,0.2361816728843595
2018-07-01,1.4827299624133592,-0.13091668037046933,0.1842943264756385
2018-08-01,1.5354394045172148,-0.08469014423553367,0.19904205137335185
2018-09-01,1.4290751595164637,-0.17642746961636968,0.1704584265747515
2018-10-01,1.5896904721620786,0.00492282949503564,0.2295816059996121
2018-11-01,1.7906339167681091,0.14368684986553482,0.2816624957416167
2018-12-01,2.082408021745451,0.34244296275195873,0.3648893036617961
2019-01-01,1.83106894815218,0.1740609514239766,0.2937781964598602
2019-02-01,1.6460526880664512,0.05828995079409505,0.24894905230714065
2019-03-01,1.675189846031293,-0.12907994606926598,0.18486700837959572
2019-04-01,1.577774960855189,-0.01574345825504886,0.2223146643767415
2019-05-01,1.8186049385195693,-0.02636423316286973,0.21863169987141007
2019-06-01,1.689900480655241,-0.00461288040071905,0.2262121208253964
2019-07-01,1.6333709226126834,-0.05602917076676195,0.20853285030878785
2019-08-01,1.8188687383903104,-0.1629960302942408,0.17447081428091324
2019-09-01,1.7270906178418497,-0.2494593617224674,0.14968568802496016
2019-10-01,1.7099561129226684,-0.23676982813306324,0.1531683109129945
2019-11-01,1.6372287400583068,-0.19189835576054912,0.16591064397102365
2019-12-01,1.484833009688836,-0.301109464965611,0.13605885449635904
2020-01-01,1.668300278039102,-0.2608752389936637,0.14659810785089605
2020-02-01,1.992136481720352,-0.165079373662671,0.17384455444303104
2020-03-01,3.8556549470002905,1.218068306897917,0.7513740135547538
2020-04-01,2.9113815049200102,0.6582632491818683,0.5095746986487374
2020-05-01,2.5423744497038294,0.3983025442577661,0.3897081578384094
2020-06-01,2.3452173909935845,0.04866433670167769,0.24539277017287536
2020-07-01,2.049646021806194,-0.16810148754667598,0.17293864170734688
2020-08-01,1.9684930589579317,-0.2744782346497612,0.14297517821930303
2020-09-01,2.0747316107770977,-0.00295007932922075,0.2267976597511238
2020-10-01,1.9571903861540143,-0.2000676381234343,0.1635411567513649
2020-11-01,1.6864833001344557,-0.4689157547777316,0.09774883581049897
2020-12-01,1.5021676064017326,-0.5047316611391313,0.09071246458654618
2021-01-01,1.462159112130359,-0.6503040244786784,0.0659489137580208
2021-02-01,1.3992330011039094,-0.9347823581822968,0.03292663379076527
2021-03-01,1.3383127662958625,-0.7368198642688899,0.0539329592610969
2021-04-01,1.2754217665330263,-0.48648467801904105,0.0942488029223712
2021-05-01,1.2695652138749316,-0.4246793827786148,0.10698156158726856
2021-06-01,1.1894433295698754,-0.5806270150367052,0.07705589146916154
2021-07-01,1.2574838035360585,-0.5510722249231095,0.08217547296629575
2021-08-01,1.267417519425741,-0.46080712540905977,0.09939597775560896
2021-09-01,1.1956074217660506,-0.6365400191319397,0.06803853681650107
2021-10-01,1.1983323696959651,-0.505514199325894,0.09056303820526888
2021-11-01,1.3375998302508365,-0.434556710226526,0.104867363995468
2021-12-01,1.2531737389237427,-0.4303354548266578,0.10576717351797156
2022-01-01,1.369522990162566,-0.3240462063670846,0.1302884971239805
2022-02-01,1.5263817755957736,-0.19056927932328185,0.16629822868767816
2022-03-01,1.443341521255086,-0.7659400336931133,0.05030306208189571
